{"parent": "block/orientable_with_bottom", "textures": {"bottom": "block/bee_nest_bottom", "top": "block/bee_nest_top", "particle": "block/bee_nest_side", "side": "block/bee_nest_side", "1_front": "block/bee_nest_front"}, "elements": [{"from": [0, 0, 0], "to": [16, 1, 1], "faces": {"north": {"uv": [0, 15, 16, 16], "texture": "#1_front", "cullface": "north"}, "east": {"uv": [15, 15, 16, 16], "texture": "#side", "cullface": "east"}, "west": {"uv": [0, 15, 1, 16], "texture": "#1_front", "cullface": "west"}, "up": {"uv": [0, 15, 16, 16], "rotation": 180, "texture": "#1_front", "cullface": "north"}, "down": {"uv": [0, 15, 16, 16], "texture": "#bottom", "cullface": "down"}}}, {"from": [0, 4, 0], "to": [16, 9, 1], "faces": {"north": {"uv": [0, 7, 16, 12], "texture": "#1_front", "cullface": "north"}, "east": {"uv": [15, 7, 16, 12], "texture": "#side", "cullface": "east"}, "west": {"uv": [0, 7, 1, 12], "texture": "#side", "cullface": "west"}, "up": {"uv": [0, 7, 16, 8], "rotation": 180, "texture": "#1_front", "cullface": "north"}, "down": {"uv": [0, 11, 16, 12], "rotation": 180, "texture": "#1_front", "cullface": "north"}}}, {"from": [5, 9, 0], "to": [16, 16, 1], "faces": {"north": {"uv": [0, 0, 11, 7], "texture": "#1_front", "cullface": "north"}, "east": {"uv": [15, 0, 16, 7], "texture": "#side", "cullface": "east"}, "west": {"uv": [10, 0, 11, 7], "texture": "#1_front", "cullface": "north"}, "up": {"uv": [5, 0, 16, 1], "texture": "#top", "cullface": "up"}}}, {"from": [2, 12, 0], "to": [5, 16, 1], "faces": {"north": {"uv": [11, 0, 14, 4], "texture": "#1_front", "cullface": "north"}, "up": {"uv": [2, 0, 5, 1], "texture": "#top", "cullface": "up"}, "down": {"uv": [11, 3, 14, 4], "rotation": 180, "texture": "#1_front", "cullface": "north"}}}, {"from": [0, 9, 0], "to": [2, 16, 1], "faces": {"north": {"uv": [14, 0, 16, 7], "texture": "#1_front", "cullface": "north"}, "east": {"uv": [14, 0, 15, 7], "texture": "#1_front", "cullface": "north"}, "west": {"uv": [0, 0, 1, 7], "texture": "#side", "cullface": "west"}, "up": {"uv": [0, 0, 2, 1], "texture": "#top", "cullface": "up"}}}, {"from": [0, 0, 1], "to": [16, 16, 16], "faces": {"north": {"uv": [0, 0, 16, 16], "texture": "#1_front", "cullface": "north"}, "east": {"uv": [0, 0, 15, 16], "texture": "#side", "cullface": "east"}, "south": {"uv": [0, 0, 16, 16], "texture": "#side", "cullface": "south"}, "west": {"uv": [1, 0, 16, 16], "texture": "#side", "cullface": "west"}, "up": {"uv": [0, 1, 16, 16], "texture": "#top", "cullface": "up"}, "down": {"uv": [0, 0, 16, 15], "texture": "#bottom", "cullface": "down"}}}, {"from": [0, 1, -0.5], "to": [11, 4, 1], "faces": {"north": {"uv": [5, 12, 16, 15], "texture": "#1_front", "cullface": "north"}, "east": {"uv": [5, 12, 6, 15], "texture": "#1_front", "cullface": "north"}, "west": {"uv": [0, 12, 1, 15], "texture": "#side", "cullface": "north"}, "up": {"uv": [5, 12, 16, 13], "rotation": 180, "texture": "#1_front", "cullface": "north"}, "down": {"uv": [5, 14, 16, 15], "rotation": 180, "texture": "#1_front", "cullface": "north"}}}, {"from": [0, 5, -0.5], "to": [16, 8, 0], "faces": {"north": {"uv": [0, 8, 16, 11], "texture": "#1_front", "cullface": "north"}, "east": {"uv": [0, 8, 1, 11], "texture": "#side", "cullface": "north"}, "west": {"uv": [15, 8, 16, 11], "texture": "#side", "cullface": "north"}, "up": {"uv": [0, 8, 16, 9], "rotation": 180, "texture": "#1_front", "cullface": "north"}, "down": {"uv": [0, 10, 16, 11], "rotation": 180, "texture": "#side", "cullface": "north"}}}, {"from": [5, 9, -0.5], "to": [16, 12, 0], "faces": {"north": {"uv": [0, 4, 11, 7], "texture": "#1_front", "cullface": "north"}, "east": {"uv": [0, 4, 1, 7], "texture": "#1_front", "cullface": "north"}, "west": {"uv": [10, 4, 11, 7], "texture": "#1_front", "cullface": "north"}, "up": {"uv": [0, 4, 11, 5], "rotation": 180, "texture": "#1_front", "cullface": "north"}, "down": {"uv": [0, 6, 11, 7], "rotation": 180, "texture": "#1_front", "cullface": "north"}}}, {"from": [0, 13, -0.5], "to": [16, 16, 0], "faces": {"north": {"uv": [0, 0, 16, 3], "texture": "#1_front", "cullface": "north"}, "east": {"uv": [0, 0, 1, 3], "texture": "#1_front", "cullface": "north"}, "west": {"uv": [15, 0, 16, 3], "texture": "#1_front", "cullface": "north"}, "up": {"uv": [0, 0, 16, 1], "rotation": 180, "texture": "#1_front", "cullface": "north"}, "down": {"uv": [0, 2, 16, 3], "rotation": 180, "texture": "#1_front", "cullface": "north"}}}, {"from": [0, 9, -0.5], "to": [2, 12, 0], "faces": {"north": {"uv": [14, 4, 16, 7], "texture": "#1_front", "cullface": "north"}, "east": {"uv": [14, 4, 15, 7], "texture": "#1_front", "cullface": "north"}, "west": {"uv": [15, 4, 16, 7], "texture": "#1_front", "cullface": "north"}, "up": {"uv": [14, 4, 16, 5], "rotation": 180, "texture": "#1_front", "cullface": "north"}, "down": {"uv": [14, 6, 16, 7], "texture": "#1_front", "cullface": "north"}}}, {"from": [14, 1, -0.5], "to": [16, 4, 1], "faces": {"north": {"uv": [0, 12, 2, 15], "texture": "#1_front", "cullface": "north"}, "east": {"uv": [0, 12, 1, 15], "texture": "#1_front", "cullface": "north"}, "west": {"uv": [1, 12, 2, 15], "texture": "#1_front", "cullface": "north"}, "up": {"uv": [0, 12, 2, 13], "rotation": 180, "texture": "#1_front", "cullface": "north"}, "down": {"uv": [0, 14, 2, 15], "rotation": 180, "texture": "#1_front", "cullface": "north"}}}, {"from": [16, 13, 0], "to": [16.5, 16, 16], "faces": {"north": {"uv": [15, 0, 16, 3], "texture": "#side", "cullface": "east"}, "east": {"uv": [0, 0, 16, 3], "texture": "#side", "cullface": "east"}, "south": {"uv": [0, 0, 1, 3], "texture": "#side", "cullface": "east"}, "up": {"uv": [0, 0, 16, 1], "rotation": 270, "texture": "#side", "cullface": "east"}, "down": {"uv": [0, 2, 16, 3], "rotation": 90, "texture": "#side", "cullface": "east"}}}, {"from": [16, 9, 0], "to": [16.5, 12, 16], "faces": {"north": {"uv": [15, 4, 16, 7], "texture": "#side", "cullface": "east"}, "east": {"uv": [0, 4, 16, 7], "texture": "#side", "cullface": "east"}, "south": {"uv": [0, 4, 1, 7], "texture": "#side", "cullface": "east"}, "up": {"uv": [0, 4, 16, 5], "rotation": 270, "texture": "#side", "cullface": "east"}, "down": {"uv": [0, 6, 16, 7], "rotation": 90, "texture": "#side", "cullface": "east"}}}, {"from": [16, 5, 0], "to": [16.5, 8, 16], "faces": {"north": {"uv": [15, 8, 16, 11], "texture": "#side", "cullface": "east"}, "east": {"uv": [0, 8, 16, 11], "texture": "#side", "cullface": "east"}, "south": {"uv": [0, 8, 1, 11], "texture": "#side", "cullface": "east"}, "up": {"uv": [0, 8, 16, 9], "rotation": 270, "texture": "#side", "cullface": "east"}, "down": {"uv": [0, 10, 16, 11], "rotation": 90, "texture": "#side", "cullface": "east"}}}, {"from": [16, 1, 0], "to": [16.5, 4, 16], "faces": {"north": {"uv": [15, 12, 16, 15], "texture": "#side", "cullface": "east"}, "east": {"uv": [0, 12, 16, 15], "texture": "#side", "cullface": "east"}, "south": {"uv": [0, 12, 1, 15], "texture": "#side", "cullface": "east"}, "up": {"uv": [0, 12, 16, 13], "rotation": 270, "texture": "#side", "cullface": "east"}, "down": {"uv": [0, 14, 16, 15], "rotation": 90, "texture": "#side", "cullface": "east"}}}, {"from": [0, 13, 16], "to": [16, 16, 16.5], "faces": {"east": {"uv": [15, 0, 16, 3], "texture": "#side", "cullface": "south"}, "south": {"uv": [0, 0, 16, 3], "texture": "#side", "cullface": "south"}, "west": {"uv": [0, 0, 1, 3], "texture": "#side", "cullface": "south"}, "up": {"uv": [0, 0, 16, 1], "texture": "#side", "cullface": "south"}, "down": {"uv": [0, 2, 16, 3], "texture": "#side", "cullface": "south"}}}, {"from": [0, 9, 16], "to": [16, 12, 16.5], "faces": {"east": {"uv": [15, 4, 16, 7], "texture": "#side", "cullface": "south"}, "south": {"uv": [0, 4, 16, 7], "texture": "#side", "cullface": "south"}, "west": {"uv": [0, 4, 1, 7], "texture": "#side", "cullface": "south"}, "up": {"uv": [0, 4, 16, 5], "texture": "#side", "cullface": "south"}, "down": {"uv": [0, 6, 16, 7], "texture": "#side", "cullface": "south"}}}, {"from": [0, 5, 16], "to": [16, 8, 16.5], "faces": {"east": {"uv": [15, 8, 16, 11], "texture": "#side", "cullface": "south"}, "south": {"uv": [0, 8, 16, 11], "texture": "#side", "cullface": "south"}, "west": {"uv": [0, 8, 1, 11], "texture": "#side", "cullface": "south"}, "up": {"uv": [0, 8, 16, 9], "texture": "#side", "cullface": "south"}, "down": {"uv": [0, 10, 16, 11], "texture": "#side", "cullface": "south"}}}, {"from": [0, 1, 16], "to": [16, 4, 16.5], "faces": {"east": {"uv": [15, 12, 16, 15], "texture": "#side", "cullface": "south"}, "south": {"uv": [0, 12, 16, 15], "texture": "#side", "cullface": "south"}, "west": {"uv": [0, 12, 1, 15], "texture": "#side", "cullface": "south"}, "up": {"uv": [0, 12, 16, 13], "texture": "#side", "cullface": "south"}, "down": {"uv": [0, 14, 16, 15], "texture": "#side", "cullface": "south"}}}, {"from": [-0.5, 13, 0], "to": [0, 16, 16], "faces": {"north": {"uv": [0, 0, 1, 3], "texture": "#side", "cullface": "west"}, "south": {"uv": [15, 0, 16, 3], "texture": "#side", "cullface": "west"}, "west": {"uv": [0, 0, 16, 3], "texture": "#side", "cullface": "west"}, "up": {"uv": [0, 0, 16, 1], "rotation": 90, "texture": "#side", "cullface": "west"}, "down": {"uv": [0, 2, 16, 3], "rotation": 270, "texture": "#side", "cullface": "west"}}}, {"from": [-0.5, 9, 0], "to": [0, 12, 16], "faces": {"north": {"uv": [0, 4, 1, 7], "texture": "#side", "cullface": "west"}, "south": {"uv": [15, 4, 16, 7], "texture": "#side", "cullface": "west"}, "west": {"uv": [0, 4, 16, 7], "texture": "#side", "cullface": "west"}, "up": {"uv": [0, 4, 16, 5], "rotation": 90, "texture": "#side", "cullface": "west"}, "down": {"uv": [0, 6, 16, 7], "rotation": 270, "texture": "#side", "cullface": "west"}}}, {"from": [-0.5, 5, 0], "to": [0, 8, 16], "faces": {"north": {"uv": [0, 8, 1, 11], "texture": "#side", "cullface": "west"}, "south": {"uv": [15, 8, 16, 11], "texture": "#side", "cullface": "west"}, "west": {"uv": [0, 8, 16, 11], "texture": "#side", "cullface": "west"}, "up": {"uv": [0, 8, 16, 9], "rotation": 90, "texture": "#side", "cullface": "west"}, "down": {"uv": [0, 10, 16, 11], "rotation": 270, "texture": "#side", "cullface": "west"}}}, {"from": [-0.5, 1, 0], "to": [0, 4, 16], "faces": {"north": {"uv": [0, 12, 1, 15], "texture": "#side", "cullface": "west"}, "south": {"uv": [15, 12, 16, 15], "texture": "#side", "cullface": "west"}, "west": {"uv": [0, 12, 16, 15], "texture": "#side", "cullface": "west"}, "up": {"uv": [0, 12, 16, 13], "rotation": 90, "texture": "#side", "cullface": "west"}, "down": {"uv": [0, 14, 16, 15], "rotation": 270, "texture": "#side", "cullface": "west"}}}, {"from": [3, 16, 13], "to": [13, 16.5, 15], "faces": {"north": {"uv": [3, 13, 13, 14], "rotation": 180, "texture": "#top", "cullface": "up"}, "south": {"uv": [3, 14, 13, 15], "rotation": 180, "texture": "#top", "cullface": "up"}, "up": {"uv": [3, 13, 13, 15], "texture": "#top", "cullface": "up"}}}, {"from": [7, 16, 7], "to": [9, 16.5, 9], "faces": {"north": {"uv": [7, 7, 9, 8], "rotation": 180, "texture": "#top", "cullface": "up"}, "east": {"uv": [7, 8, 9, 9], "rotation": 180, "texture": "#top", "cullface": "up"}, "south": {"uv": [7, 8, 9, 9], "texture": "#top", "cullface": "up"}, "west": {"uv": [7, 7, 9, 8], "rotation": 180, "texture": "#top", "cullface": "up"}, "up": {"uv": [7, 7, 9, 9], "texture": "#top", "cullface": "up"}}}, {"from": [6, 16, 10], "to": [10, 16.5, 12], "faces": {"north": {"uv": [6, 10, 10, 11], "rotation": 180, "texture": "#top", "cullface": "up"}, "south": {"uv": [6, 11, 10, 12], "rotation": 180, "texture": "#top", "cullface": "up"}, "up": {"uv": [6, 10, 10, 12], "texture": "#top", "cullface": "up"}}}, {"from": [4, 16, 4], "to": [6, 16.5, 12], "faces": {"north": {"uv": [4, 4, 6, 5], "rotation": 180, "texture": "#top", "cullface": "up"}, "east": {"uv": [5, 4, 6, 12], "rotation": 270, "texture": "#top", "cullface": "up"}, "south": {"uv": [4, 11, 6, 12], "rotation": 180, "texture": "#top", "cullface": "up"}, "west": {"uv": [4, 4, 5, 12], "rotation": 270, "texture": "#top", "cullface": "up"}, "up": {"uv": [4, 4, 6, 12], "texture": "#top", "cullface": "up"}}}, {"from": [6, 16, 4], "to": [10, 16.5, 6], "faces": {"north": {"uv": [6, 4, 10, 5], "rotation": 180, "texture": "#top", "cullface": "up"}, "south": {"uv": [6, 10, 10, 11], "rotation": 180, "texture": "#top", "cullface": "up"}, "up": {"uv": [6, 4, 10, 6], "texture": "#top", "cullface": "up"}}}, {"from": [10, 16, 4], "to": [12, 16.5, 12], "faces": {"north": {"uv": [10, 4, 12, 5], "rotation": 180, "texture": "#top", "cullface": "up"}, "east": {"uv": [11, 4, 12, 12], "rotation": 90, "texture": "#top", "cullface": "up"}, "south": {"uv": [10, 11, 12, 12], "rotation": 180, "texture": "#top", "cullface": "up"}, "west": {"uv": [10, 4, 11, 12], "rotation": 270, "texture": "#top", "cullface": "up"}, "up": {"uv": [10, 4, 12, 12], "texture": "#top", "cullface": "up"}}}, {"from": [1, 16, 1], "to": [3, 16.5, 15], "faces": {"north": {"uv": [1, 1, 3, 2], "rotation": 180, "texture": "#top", "cullface": "up"}, "east": {"uv": [2, 2, 3, 16], "rotation": 270, "texture": "#top", "cullface": "up"}, "south": {"uv": [1, 14, 3, 15], "rotation": 180, "texture": "#top", "cullface": "up"}, "west": {"uv": [1, 1, 2, 15], "rotation": 270, "texture": "#top", "cullface": "up"}, "up": {"uv": [1, 1, 3, 15], "texture": "#top", "cullface": "up"}}}, {"from": [3, 16, 1], "to": [13, 16.5, 3], "faces": {"north": {"uv": [3, 1, 13, 2], "rotation": 180, "texture": "#top", "cullface": "up"}, "south": {"uv": [3, 13, 13, 14], "rotation": 180, "texture": "#top", "cullface": "up"}, "up": {"uv": [3, 1, 13, 3], "texture": "#top", "cullface": "up"}}}, {"from": [13, 16, 1], "to": [15, 16.5, 15], "faces": {"north": {"uv": [13, 1, 15, 2], "rotation": 180, "texture": "#top", "cullface": "up"}, "east": {"uv": [14, 1, 15, 15], "rotation": 90, "texture": "#top", "cullface": "up"}, "south": {"uv": [13, 14, 15, 15], "rotation": 180, "texture": "#top", "cullface": "up"}, "west": {"uv": [13, 1, 14, 15], "rotation": 270, "texture": "#top", "cullface": "up"}, "up": {"uv": [13, 1, 15, 15], "texture": "#top", "cullface": "up"}}}, {"from": [3, -0.5, 13], "to": [13, 0, 15], "faces": {"north": {"uv": [3, 13, 13, 14], "texture": "#bottom", "cullface": "down"}, "south": {"uv": [3, 1, 13, 2], "texture": "#bottom", "cullface": "down"}, "down": {"uv": [3, 1, 13, 3], "texture": "#bottom", "cullface": "down"}}}, {"from": [13, -0.5, 1], "to": [15, 0, 15], "faces": {"north": {"uv": [13, 14, 15, 15], "texture": "#bottom", "cullface": "down"}, "east": {"uv": [14, 1, 15, 15], "rotation": 270, "texture": "#bottom", "cullface": "down"}, "south": {"uv": [13, 1, 15, 2], "texture": "#bottom", "cullface": "down"}, "west": {"uv": [13, 1, 14, 15], "rotation": 90, "texture": "#bottom", "cullface": "down"}, "down": {"uv": [13, 1, 15, 15], "texture": "#bottom", "cullface": "down"}}}, {"from": [10, -0.5, 4], "to": [12, 0, 12], "faces": {"north": {"uv": [10, 11, 12, 12], "texture": "#bottom", "cullface": "down"}, "east": {"uv": [11, 4, 12, 12], "rotation": 270, "texture": "#bottom", "cullface": "down"}, "south": {"uv": [10, 4, 12, 5], "texture": "#bottom", "cullface": "down"}, "west": {"uv": [10, 4, 11, 12], "rotation": 90, "texture": "#bottom", "cullface": "down"}, "down": {"uv": [10, 4, 12, 12], "texture": "#bottom", "cullface": "down"}}}, {"from": [6, -0.5, 10], "to": [10, 0, 12], "faces": {"north": {"uv": [6, 10, 10, 11], "texture": "#bottom", "cullface": "down"}, "south": {"uv": [6, 4, 10, 5], "texture": "#bottom", "cullface": "down"}, "down": {"uv": [6, 4, 10, 6], "texture": "#bottom", "cullface": "down"}}}, {"from": [4, -0.5, 4], "to": [6, 0, 12], "faces": {"north": {"uv": [4, 11, 6, 12], "texture": "#bottom", "cullface": "down"}, "east": {"uv": [5, 4, 6, 12], "rotation": 90, "texture": "#bottom", "cullface": "down"}, "south": {"uv": [4, 4, 6, 5], "texture": "#bottom", "cullface": "down"}, "west": {"uv": [4, 4, 5, 12], "rotation": 90, "texture": "#bottom", "cullface": "down"}, "down": {"uv": [4, 4, 6, 12], "texture": "#bottom", "cullface": "down"}}}, {"from": [6, -0.5, 4], "to": [10, 0, 6], "faces": {"north": {"uv": [6, 11, 10, 12], "texture": "#bottom", "cullface": "down"}, "south": {"uv": [6, 10, 10, 11], "texture": "#bottom", "cullface": "down"}, "down": {"uv": [6, 10, 10, 12], "texture": "#bottom", "cullface": "down"}}}, {"from": [7, -0.5, 7], "to": [9, 0, 9], "faces": {"north": {"uv": [7, 8, 9, 9], "rotation": 180, "texture": "#bottom", "cullface": "down"}, "east": {"uv": [7, 8, 9, 9], "texture": "#bottom", "cullface": "down"}, "south": {"uv": [7, 7, 9, 8], "texture": "#bottom", "cullface": "down"}, "west": {"uv": [7, 7, 9, 8], "texture": "#bottom", "cullface": "down"}, "down": {"uv": [7, 7, 9, 9], "texture": "#bottom", "cullface": "down"}}}, {"from": [3, -0.5, 1], "to": [13, 0, 3], "faces": {"north": {"uv": [3, 14, 13, 15], "texture": "#bottom", "cullface": "down"}, "south": {"uv": [3, 13, 13, 14], "texture": "#bottom", "cullface": "down"}, "down": {"uv": [3, 13, 13, 15], "texture": "#bottom", "cullface": "down"}}}, {"from": [1, -0.5, 1], "to": [3, 0, 15], "faces": {"north": {"uv": [1, 14, 3, 15], "texture": "#bottom", "cullface": "down"}, "east": {"uv": [2, 2, 3, 16], "rotation": 90, "texture": "#bottom", "cullface": "down"}, "south": {"uv": [1, 1, 3, 2], "texture": "#bottom", "cullface": "down"}, "west": {"uv": [1, 1, 2, 15], "rotation": 90, "texture": "#bottom", "cullface": "down"}, "down": {"uv": [1, 1, 3, 15], "texture": "#bottom", "cullface": "down"}}}], "groups": [{"name": "inside", "origin": [8, 8, 8], "color": 0, "children": [0, 1, 2, 3, 4, 5]}, {"name": "north", "origin": [2, 8, 8], "color": 0, "children": [6, 7, 8, 9, 10, 11]}, {"name": "east", "origin": [8, 8, 8], "color": 0, "children": [12, 13, 14, 15]}, {"name": "south", "origin": [8, 8, 8], "color": 0, "children": [16, 17, 18, 19]}, {"name": "west", "origin": [8, 8, 8], "color": 0, "children": [20, 21, 22, 23]}, {"name": "up", "origin": [8, 8, 8], "color": 0, "children": [24, 25, 26, 27, 28, 29, 30, 31, 32]}, {"name": "down", "origin": [8, 8, 8], "color": 0, "children": [33, 34, 35, 36, 37, 38, 39, 40, 41]}]}