{"parent": "minecraft:block/cube_top", "textures": {"1": "block/blackstone_top", "particle": "block/blackstone_top", "side": "block/blackstone"}, "elements": [{"from": [0, 8, 0], "to": [16, 16, 16], "faces": {"north": {"uv": [0, 0, 16, 8], "texture": "#side", "cullface": "north"}, "east": {"uv": [0, 0, 16, 8], "texture": "#side", "cullface": "east"}, "south": {"uv": [0, 0, 16, 8], "texture": "#side", "cullface": "south"}, "west": {"uv": [0, 0, 16, 8], "texture": "#side", "cullface": "west"}, "up": {"uv": [0, 0, 16, 16], "texture": "#1", "cullface": "up"}, "down": {"uv": [0, 0, 16, 16], "texture": "#1"}}}, {"from": [0, 16, 0], "to": [6, 16.5, 1], "rotation": {"angle": 0, "axis": "y", "origin": [8, 24, 8]}, "faces": {"north": {"uv": [0, 0, 6, 1], "rotation": 180, "texture": "#1", "cullface": "up"}, "east": {"uv": [5, 0, 6, 1], "rotation": 90, "texture": "#1", "cullface": "up"}, "south": {"uv": [0, 0, 6, 1], "texture": "#1", "cullface": "up"}, "west": {"uv": [0, 0, 1, 1], "rotation": 270, "texture": "#1", "cullface": "west"}, "up": {"uv": [0, 0, 6, 1], "texture": "#1", "cullface": "up"}}}, {"from": [7, 16, 0], "to": [14, 16.5, 1], "rotation": {"angle": 0, "axis": "y", "origin": [15, 24, 8]}, "faces": {"north": {"uv": [7, 0, 14, 1], "rotation": 180, "texture": "#1", "cullface": "up"}, "east": {"uv": [13, 0, 14, 1], "rotation": 90, "texture": "#1", "cullface": "up"}, "south": {"uv": [7, 0, 14, 1], "texture": "#1", "cullface": "up"}, "west": {"uv": [7, 0, 8, 1], "rotation": 270, "texture": "#1", "cullface": "up"}, "up": {"uv": [7, 0, 14, 1], "texture": "#1", "cullface": "up"}}}, {"from": [1, 16, 1], "to": [6, 16.5, 2], "rotation": {"angle": 0, "axis": "y", "origin": [9, 24, 9]}, "faces": {"east": {"uv": [5, 1, 6, 2], "rotation": 90, "texture": "#1", "cullface": "up"}, "south": {"uv": [1, 1, 6, 2], "texture": "#1", "cullface": "up"}, "west": {"uv": [1, 1, 2, 2], "rotation": 270, "texture": "#1", "cullface": "up"}, "up": {"uv": [1, 1, 6, 2], "texture": "#1", "cullface": "up"}}}, {"from": [1, 16, 2], "to": [5, 16.5, 3], "rotation": {"angle": 0, "axis": "y", "origin": [9, 24, 10]}, "faces": {"east": {"uv": [4, 2, 5, 3], "rotation": 90, "texture": "#1", "cullface": "up"}, "south": {"uv": [1, 2, 5, 3], "texture": "#1", "cullface": "up"}, "west": {"uv": [1, 2, 2, 3], "rotation": 270, "texture": "#1", "cullface": "up"}, "up": {"uv": [1, 2, 5, 3], "texture": "#1", "cullface": "up"}}}, {"from": [1, 16, 3], "to": [4, 16.5, 4], "rotation": {"angle": 0, "axis": "y", "origin": [9, 24, 11]}, "faces": {"east": {"uv": [3, 3, 4, 4], "rotation": 90, "texture": "#1", "cullface": "up"}, "south": {"uv": [1, 3, 4, 4], "texture": "#1", "cullface": "up"}, "west": {"uv": [1, 3, 2, 4], "rotation": 270, "texture": "#1", "cullface": "up"}, "up": {"uv": [1, 3, 4, 4], "texture": "#1", "cullface": "up"}}}, {"from": [9, 16, 1], "to": [12, 16.5, 2], "rotation": {"angle": 0, "axis": "y", "origin": [17, 24, 9]}, "faces": {"east": {"uv": [11, 1, 12, 2], "rotation": 90, "texture": "#1", "cullface": "up"}, "south": {"uv": [9, 1, 12, 2], "texture": "#1", "cullface": "up"}, "west": {"uv": [9, 1, 10, 2], "rotation": 270, "texture": "#1", "cullface": "up"}, "up": {"uv": [9, 1, 12, 2], "texture": "#1", "cullface": "up"}}}, {"from": [14, 16, 1], "to": [16, 16.5, 2], "rotation": {"angle": 0, "axis": "y", "origin": [23, 24, 9]}, "faces": {"north": {"uv": [14, 1, 16, 2], "rotation": 180, "texture": "#1", "cullface": "up"}, "east": {"uv": [15, 1, 16, 2], "rotation": 90, "texture": "#1", "cullface": "up"}, "west": {"uv": [14, 1, 15, 2], "rotation": 270, "texture": "#1", "cullface": "up"}, "up": {"uv": [14, 1, 16, 2], "texture": "#1", "cullface": "up"}}}, {"from": [12, 16, 2], "to": [16, 16.5, 3], "rotation": {"angle": 0, "axis": "y", "origin": [23, 24, 10]}, "faces": {"north": {"uv": [12, 2, 16, 3], "rotation": 180, "texture": "#1", "cullface": "up"}, "east": {"uv": [15, 2, 16, 3], "rotation": 90, "texture": "#1", "cullface": "up"}, "west": {"uv": [12, 2, 13, 3], "rotation": 270, "texture": "#1", "cullface": "up"}, "up": {"uv": [12, 2, 16, 3], "texture": "#1", "cullface": "up"}}}, {"from": [11, 16, 3], "to": [16, 16.5, 4], "rotation": {"angle": 0, "axis": "y", "origin": [23, 24, 11]}, "faces": {"north": {"uv": [11, 3, 16, 4], "rotation": 180, "texture": "#1", "cullface": "up"}, "east": {"uv": [15, 3, 16, 4], "rotation": 90, "texture": "#1", "cullface": "east"}, "south": {"uv": [11, 3, 16, 4], "texture": "#1", "cullface": "up"}, "west": {"uv": [11, 4, 12, 5], "rotation": 270, "texture": "#1", "cullface": "up"}, "up": {"uv": [11, 3, 16, 4], "texture": "#1", "cullface": "up"}}}, {"from": [11, 16, 4], "to": [15, 16.5, 5], "rotation": {"angle": 0, "axis": "y", "origin": [23, 24, 12]}, "faces": {"east": {"uv": [14, 4, 15, 5], "rotation": 90, "texture": "#1", "cullface": "up"}, "south": {"uv": [11, 4, 15, 5], "texture": "#1", "cullface": "up"}, "west": {"uv": [11, 4, 12, 5], "rotation": 270, "texture": "#1", "cullface": "up"}, "up": {"uv": [11, 4, 15, 5], "texture": "#1", "cullface": "up"}}}, {"from": [12, 16, 5], "to": [15, 16.5, 6], "rotation": {"angle": 0, "axis": "y", "origin": [23, 24, 13]}, "faces": {"east": {"uv": [14, 5, 15, 6], "rotation": 90, "texture": "#1", "cullface": "up"}, "south": {"uv": [12, 5, 15, 6], "texture": "#1", "cullface": "up"}, "west": {"uv": [12, 5, 13, 6], "rotation": 270, "texture": "#1", "cullface": "up"}, "up": {"uv": [12, 5, 15, 6], "texture": "#1", "cullface": "up"}}}, {"from": [13, 16, 6], "to": [14, 16.5, 7], "rotation": {"angle": 0, "axis": "y", "origin": [23, 24, 14]}, "faces": {"east": {"uv": [13, 6, 14, 7], "rotation": 90, "texture": "#1", "cullface": "up"}, "south": {"uv": [13, 6, 14, 7], "texture": "#1", "cullface": "up"}, "west": {"uv": [13, 6, 14, 7], "rotation": 270, "texture": "#1", "cullface": "up"}, "up": {"uv": [13, 6, 14, 7], "texture": "#1", "cullface": "up"}}}, {"from": [6, 16, 2], "to": [9, 16.5, 3], "rotation": {"angle": 0, "axis": "y", "origin": [16, 24, 10]}, "faces": {"north": {"uv": [6, 2, 9, 3], "rotation": 180, "texture": "#1", "cullface": "up"}, "east": {"uv": [8, 2, 9, 3], "rotation": 90, "texture": "#1", "cullface": "up"}, "west": {"uv": [6, 2, 7, 3], "rotation": 270, "texture": "#1", "cullface": "up"}, "up": {"uv": [6, 2, 9, 3], "texture": "#1", "cullface": "up"}}}, {"from": [5, 16, 3], "to": [10, 16.5, 4], "rotation": {"angle": 0, "axis": "y", "origin": [15, 24, 11]}, "faces": {"north": {"uv": [5, 3, 10, 4], "rotation": 180, "texture": "#1", "cullface": "up"}, "east": {"uv": [9, 3, 10, 4], "rotation": 90, "texture": "#1", "cullface": "up"}, "south": {"uv": [5, 3, 10, 4], "texture": "#1", "cullface": "up"}, "west": {"uv": [5, 3, 6, 4], "rotation": 270, "texture": "#1", "cullface": "up"}, "up": {"uv": [5, 3, 10, 4], "texture": "#1", "cullface": "up"}}}, {"from": [5, 16, 4], "to": [9, 16.5, 5], "rotation": {"angle": 0, "axis": "y", "origin": [15, 24, 12]}, "faces": {"east": {"uv": [8, 4, 9, 5], "rotation": 90, "texture": "#1", "cullface": "up"}, "south": {"uv": [5, 4, 9, 5], "texture": "#1", "cullface": "up"}, "west": {"uv": [5, 4, 6, 5], "rotation": 270, "texture": "#1", "cullface": "up"}, "up": {"uv": [5, 4, 9, 5], "texture": "#1", "cullface": "up"}}}, {"from": [6, 16, 5], "to": [8, 16.5, 6], "rotation": {"angle": 0, "axis": "y", "origin": [15, 24, 13]}, "faces": {"east": {"uv": [7, 5, 8, 6], "rotation": 90, "texture": "#1", "cullface": "up"}, "south": {"uv": [6, 5, 8, 6], "texture": "#1", "cullface": "up"}, "west": {"uv": [6, 5, 7, 6], "rotation": 270, "texture": "#1", "cullface": "up"}, "up": {"uv": [6, 5, 8, 6], "texture": "#1", "cullface": "up"}}}, {"from": [3, 16, 5], "to": [5, 16.5, 6], "rotation": {"angle": 0, "axis": "y", "origin": [12, 24, 13]}, "faces": {"north": {"uv": [3, 5, 5, 6], "rotation": 180, "texture": "#1", "cullface": "up"}, "east": {"uv": [4, 5, 5, 6], "rotation": 90, "texture": "#1", "cullface": "up"}, "west": {"uv": [3, 5, 4, 6], "rotation": 270, "texture": "#1", "cullface": "up"}, "up": {"uv": [3, 5, 5, 6], "texture": "#1", "cullface": "up"}}}, {"from": [2, 16, 6], "to": [7, 16.5, 7], "rotation": {"angle": 0, "axis": "y", "origin": [12, 24, 14]}, "faces": {"north": {"uv": [2, 6, 7, 7], "rotation": 180, "texture": "#1", "cullface": "up"}, "east": {"uv": [6, 6, 7, 7], "rotation": 90, "texture": "#1", "cullface": "up"}, "west": {"uv": [2, 6, 3, 7], "rotation": 270, "texture": "#1", "cullface": "up"}, "up": {"uv": [2, 6, 7, 7], "texture": "#1", "cullface": "up"}}}, {"from": [1, 16, 7], "to": [7, 16.5, 8], "rotation": {"angle": 0, "axis": "y", "origin": [12, 24, 15]}, "faces": {"north": {"uv": [1, 7, 7, 8], "rotation": 180, "texture": "#1", "cullface": "up"}, "east": {"uv": [6, 7, 7, 8], "rotation": 90, "texture": "#1", "cullface": "up"}, "south": {"uv": [1, 7, 7, 8], "texture": "#1", "cullface": "up"}, "west": {"uv": [1, 7, 2, 8], "rotation": 270, "texture": "#1", "cullface": "up"}, "up": {"uv": [1, 7, 7, 8], "texture": "#1", "cullface": "up"}}}, {"from": [2, 16, 8], "to": [5, 16.5, 9], "rotation": {"angle": 0, "axis": "y", "origin": [12, 24, 16]}, "faces": {"east": {"uv": [4, 8, 5, 9], "rotation": 90, "texture": "#1", "cullface": "up"}, "south": {"uv": [2, 8, 5, 9], "texture": "#1", "cullface": "up"}, "west": {"uv": [2, 8, 3, 9], "rotation": 270, "texture": "#1", "cullface": "up"}, "up": {"uv": [2, 8, 5, 9], "texture": "#1", "cullface": "up"}}}, {"from": [8, 16, 7], "to": [12, 16.5, 8], "rotation": {"angle": 0, "axis": "y", "origin": [18, 24, 15]}, "faces": {"north": {"uv": [8, 7, 12, 8], "rotation": 180, "texture": "#1", "cullface": "up"}, "east": {"uv": [11, 7, 12, 8], "rotation": 90, "texture": "#1", "cullface": "up"}, "west": {"uv": [8, 7, 9, 8], "rotation": 270, "texture": "#1", "cullface": "up"}, "up": {"uv": [8, 7, 12, 8], "texture": "#1", "cullface": "up"}}}, {"from": [7, 16, 8], "to": [12, 16.5, 10], "rotation": {"angle": 0, "axis": "y", "origin": [18, 24, 16]}, "faces": {"north": {"uv": [7, 8, 12, 9], "rotation": 180, "texture": "#1", "cullface": "up"}, "east": {"uv": [11, 8, 12, 10], "rotation": 90, "texture": "#1", "cullface": "up"}, "south": {"uv": [7, 9, 12, 10], "texture": "#1", "cullface": "up"}, "west": {"uv": [7, 8, 8, 10], "rotation": 270, "texture": "#1", "cullface": "up"}, "up": {"uv": [7, 8, 12, 10], "texture": "#1", "cullface": "up"}}}, {"from": [8, 16, 10], "to": [11, 16.5, 11], "rotation": {"angle": 0, "axis": "y", "origin": [18, 24, 18]}, "faces": {"east": {"uv": [10, 10, 11, 11], "rotation": 90, "texture": "#1", "cullface": "up"}, "south": {"uv": [8, 10, 11, 11], "texture": "#1", "cullface": "up"}, "west": {"uv": [8, 10, 9, 11], "rotation": 270, "texture": "#1", "cullface": "up"}, "up": {"uv": [8, 10, 11, 11], "texture": "#1", "cullface": "up"}}}, {"from": [14, 16, 7], "to": [16, 16.5, 8], "rotation": {"angle": 0, "axis": "y", "origin": [24, 24, 15]}, "faces": {"north": {"uv": [14, 7, 16, 8], "rotation": 180, "texture": "#1", "cullface": "up"}, "east": {"uv": [15, 7, 16, 8], "rotation": 90, "texture": "#1", "cullface": "up"}, "west": {"uv": [14, 7, 15, 8], "rotation": 270, "texture": "#1", "cullface": "up"}, "up": {"uv": [14, 7, 16, 8], "texture": "#1", "cullface": "up"}}}, {"from": [13, 16, 8], "to": [16, 16.5, 9], "rotation": {"angle": 0, "axis": "y", "origin": [24, 24, 16]}, "faces": {"north": {"uv": [13, 8, 16, 9], "rotation": 180, "texture": "#1", "cullface": "up"}, "east": {"uv": [15, 8, 16, 9], "rotation": 90, "texture": "#1", "cullface": "up"}, "south": {"uv": [13, 8, 16, 9], "texture": "#1", "cullface": "up"}, "west": {"uv": [13, 8, 14, 9], "rotation": 270, "texture": "#1", "cullface": "up"}, "up": {"uv": [13, 8, 16, 9], "texture": "#1", "cullface": "up"}}}, {"from": [14, 16, 9], "to": [16, 16.5, 10], "rotation": {"angle": 0, "axis": "y", "origin": [24, 24, 17]}, "faces": {"east": {"uv": [15, 9, 16, 10], "rotation": 90, "texture": "#1", "cullface": "east"}, "south": {"uv": [14, 9, 16, 10], "texture": "#1", "cullface": "up"}, "west": {"uv": [14, 9, 15, 10], "rotation": 270, "texture": "#1", "cullface": "up"}, "up": {"uv": [14, 9, 16, 10], "texture": "#1", "cullface": "up"}}}, {"from": [15, 16, 10], "to": [16, 16.5, 12], "rotation": {"angle": 0, "axis": "y", "origin": [24, 24, 18]}, "faces": {"east": {"uv": [15, 10, 16, 12], "rotation": 90, "texture": "#1", "cullface": "up"}, "south": {"uv": [15, 11, 16, 12], "texture": "#1", "cullface": "up"}, "west": {"uv": [15, 10, 16, 12], "rotation": 270, "texture": "#1", "cullface": "up"}, "up": {"uv": [15, 10, 16, 12], "texture": "#1", "cullface": "up"}}}, {"from": [12, 16, 11], "to": [14, 16.5, 12], "rotation": {"angle": 0, "axis": "y", "origin": [21, 24, 18]}, "faces": {"north": {"uv": [12, 11, 14, 12], "rotation": 180, "texture": "#1", "cullface": "up"}, "east": {"uv": [13, 11, 14, 12], "rotation": 90, "texture": "#1", "cullface": "up"}, "west": {"uv": [12, 11, 13, 12], "rotation": 270, "texture": "#1", "cullface": "up"}, "up": {"uv": [12, 11, 14, 12], "texture": "#1", "cullface": "up"}}}, {"from": [11, 16, 12], "to": [15, 16.5, 14], "rotation": {"angle": 0, "axis": "y", "origin": [21, 24, 19]}, "faces": {"north": {"uv": [11, 12, 15, 13], "rotation": 180, "texture": "#1", "cullface": "up"}, "east": {"uv": [14, 12, 15, 14], "rotation": 90, "texture": "#1", "cullface": "up"}, "south": {"uv": [11, 13, 15, 14], "texture": "#1", "cullface": "up"}, "west": {"uv": [11, 12, 12, 14], "rotation": 270, "texture": "#1", "cullface": "up"}, "up": {"uv": [11, 12, 15, 14], "texture": "#1", "cullface": "up"}}}, {"from": [12, 16, 14], "to": [15, 16.5, 15], "rotation": {"angle": 0, "axis": "y", "origin": [21, 24, 21]}, "faces": {"east": {"uv": [14, 14, 15, 15], "rotation": 90, "texture": "#1", "cullface": "up"}, "south": {"uv": [12, 14, 15, 15], "texture": "#1", "cullface": "up"}, "west": {"uv": [12, 14, 13, 15], "rotation": 270, "texture": "#1", "cullface": "up"}, "up": {"uv": [12, 14, 15, 15], "texture": "#1", "cullface": "up"}}}, {"from": [13, 16, 15], "to": [15, 16.5, 16], "rotation": {"angle": 0, "axis": "y", "origin": [21, 24, 22]}, "faces": {"east": {"uv": [14, 15, 15, 16], "rotation": 90, "texture": "#1", "cullface": "up"}, "south": {"uv": [13, 15, 15, 16], "texture": "#1", "cullface": "up"}, "west": {"uv": [13, 15, 14, 16], "rotation": 270, "texture": "#1", "cullface": "up"}, "up": {"uv": [13, 15, 15, 16], "texture": "#1", "cullface": "up"}}}, {"from": [0, 16, 10], "to": [1, 16.5, 13], "rotation": {"angle": 0, "axis": "y", "origin": [8, 24, 17]}, "faces": {"north": {"uv": [0, 10, 1, 11], "rotation": 180, "texture": "#1", "cullface": "up"}, "east": {"uv": [0, 10, 1, 13], "rotation": 90, "texture": "#1", "cullface": "up"}, "south": {"uv": [0, 12, 1, 13], "texture": "#1", "cullface": "up"}, "west": {"uv": [0, 10, 1, 13], "rotation": 270, "texture": "#1", "cullface": "up"}, "up": {"uv": [0, 10, 1, 13], "texture": "#1", "cullface": "up"}}}, {"from": [1, 16, 11], "to": [2, 16.5, 12], "rotation": {"angle": 0, "axis": "y", "origin": [9, 24, 17]}, "faces": {"north": {"uv": [1, 11, 2, 12], "rotation": 180, "texture": "#1", "cullface": "up"}, "east": {"uv": [1, 11, 2, 12], "rotation": 90, "texture": "#1", "cullface": "up"}, "south": {"uv": [1, 11, 2, 12], "texture": "#1", "cullface": "up"}, "up": {"uv": [1, 11, 2, 12], "texture": "#1", "cullface": "up"}}}, {"from": [4, 16, 10], "to": [7, 16.5, 11], "rotation": {"angle": 0, "axis": "y", "origin": [12, 24, 16]}, "faces": {"north": {"uv": [4, 10, 7, 11], "rotation": 180, "texture": "#1", "cullface": "up"}, "east": {"uv": [6, 10, 7, 11], "rotation": 90, "texture": "#1", "cullface": "up"}, "west": {"uv": [4, 10, 5, 11], "rotation": 270, "texture": "#1", "cullface": "up"}, "up": {"uv": [4, 10, 7, 11], "texture": "#1", "cullface": "up"}}}, {"from": [3, 16, 11], "to": [8, 16.5, 12], "rotation": {"angle": 0, "axis": "y", "origin": [12, 24, 17]}, "faces": {"north": {"uv": [3, 11, 8, 12], "rotation": 180, "texture": "#1", "cullface": "up"}, "east": {"uv": [7, 11, 8, 12], "rotation": 90, "texture": "#1", "cullface": "up"}, "south": {"uv": [3, 11, 8, 12], "texture": "#1", "cullface": "up"}, "west": {"uv": [3, 11, 4, 12], "rotation": 270, "texture": "#1", "cullface": "up"}, "up": {"uv": [3, 11, 8, 12], "texture": "#1", "cullface": "up"}}}, {"from": [6, 16, 12], "to": [8, 16.5, 13], "rotation": {"angle": 0, "axis": "y", "origin": [12, 24, 18]}, "faces": {"east": {"uv": [7, 12, 8, 13], "rotation": 90, "texture": "#1", "cullface": "up"}, "south": {"uv": [6, 12, 8, 13], "texture": "#1", "cullface": "up"}, "west": {"uv": [6, 12, 7, 13], "rotation": 270, "texture": "#1", "cullface": "up"}, "up": {"uv": [6, 12, 8, 13], "texture": "#1", "cullface": "up"}}}, {"from": [2, 16, 12], "to": [5, 16.5, 13], "rotation": {"angle": 0, "axis": "y", "origin": [8, 24, 18]}, "faces": {"north": {"uv": [2, 12, 5, 13], "rotation": 180, "texture": "#1", "cullface": "up"}, "east": {"uv": [4, 12, 5, 13], "rotation": 90, "texture": "#1", "cullface": "up"}, "west": {"uv": [2, 12, 3, 13], "rotation": 270, "texture": "#1", "cullface": "up"}, "up": {"uv": [2, 12, 5, 13], "texture": "#1", "cullface": "up"}}}, {"from": [1, 16, 13], "to": [5, 16.5, 14], "rotation": {"angle": 0, "axis": "y", "origin": [8, 24, 19]}, "faces": {"north": {"uv": [1, 13, 5, 14], "rotation": 180, "texture": "#1", "cullface": "up"}, "east": {"uv": [4, 13, 5, 14], "rotation": 90, "texture": "#1", "cullface": "up"}, "south": {"uv": [1, 13, 5, 14], "texture": "#1", "cullface": "up"}, "west": {"uv": [1, 13, 2, 14], "rotation": 270, "texture": "#1", "cullface": "up"}, "up": {"uv": [1, 13, 5, 14], "texture": "#1", "cullface": "up"}}}, {"from": [1, 16, 14], "to": [4, 16.5, 15], "rotation": {"angle": 0, "axis": "y", "origin": [8, 24, 20]}, "faces": {"east": {"uv": [3, 14, 4, 15], "rotation": 90, "texture": "#1", "cullface": "up"}, "south": {"uv": [1, 14, 4, 15], "texture": "#1", "cullface": "up"}, "west": {"uv": [1, 14, 2, 15], "rotation": 270, "texture": "#1", "cullface": "up"}, "up": {"uv": [1, 14, 4, 15], "texture": "#1", "cullface": "up"}}}, {"from": [0, 16, 15], "to": [2, 16.5, 16], "rotation": {"angle": 0, "axis": "y", "origin": [7, 24, 21]}, "faces": {"north": {"uv": [0, 15, 2, 16], "rotation": 180, "texture": "#1", "cullface": "up"}, "east": {"uv": [1, 15, 2, 16], "rotation": 90, "texture": "#1", "cullface": "up"}, "south": {"uv": [0, 15, 2, 16], "texture": "#1", "cullface": "up"}, "west": {"uv": [0, 15, 1, 16], "rotation": 270, "texture": "#1", "cullface": "up"}, "up": {"uv": [0, 15, 2, 16], "texture": "#1", "cullface": "up"}}}, {"from": [5, 16, 14], "to": [11, 16.5, 16], "rotation": {"angle": 0, "axis": "y", "origin": [12, 24, 20]}, "faces": {"north": {"uv": [5, 14, 11, 15], "rotation": 180, "texture": "#1", "cullface": "up"}, "east": {"uv": [10, 14, 11, 16], "rotation": 90, "texture": "#1", "cullface": "up"}, "south": {"uv": [5, 15, 11, 16], "texture": "#1", "cullface": "up"}, "west": {"uv": [5, 14, 6, 16], "rotation": 270, "texture": "#1", "cullface": "up"}, "up": {"uv": [5, 14, 11, 16], "texture": "#1", "cullface": "up"}}}, {"from": [4, 16, 15], "to": [5, 16.5, 16], "rotation": {"angle": 0, "axis": "y", "origin": [6, 24, 20]}, "faces": {"north": {"uv": [4, 15, 5, 16], "rotation": 180, "texture": "#1", "cullface": "up"}, "south": {"uv": [4, 15, 5, 16], "texture": "#1", "cullface": "up"}, "west": {"uv": [4, 15, 5, 16], "rotation": 270, "texture": "#1", "cullface": "up"}, "up": {"uv": [4, 15, 5, 16], "texture": "#1", "cullface": "up"}}}, {"from": [0, 7.5, 15], "to": [6, 8, 16], "rotation": {"angle": 0, "axis": "y", "origin": [8, 16, 8]}, "faces": {"north": {"uv": [0, 0, 6, 1], "rotation": 180, "texture": "#1"}, "east": {"uv": [5, 0, 6, 1], "rotation": 270, "texture": "#1"}, "south": {"uv": [0, 0, 6, 1], "texture": "#1"}, "west": {"uv": [0, 0, 1, 1], "rotation": 90, "texture": "#1"}, "down": {"uv": [0, 0, 6, 1], "texture": "#1"}}}, {"from": [7, 7.5, 15], "to": [14, 8, 16], "rotation": {"angle": 0, "axis": "y", "origin": [8, 16, 8]}, "faces": {"north": {"uv": [7, 0, 14, 1], "rotation": 180, "texture": "#1"}, "east": {"uv": [13, 0, 14, 1], "rotation": 270, "texture": "#1"}, "south": {"uv": [7, 0, 14, 1], "texture": "#1"}, "west": {"uv": [7, 0, 8, 1], "rotation": 90, "texture": "#1"}, "down": {"uv": [7, 0, 14, 1], "texture": "#1"}}}, {"from": [1, 7.5, 14], "to": [6, 8, 15], "rotation": {"angle": 0, "axis": "y", "origin": [8, 16, 8]}, "faces": {"north": {"uv": [1, 1, 6, 2], "rotation": 180, "texture": "#1"}, "east": {"uv": [5, 1, 6, 2], "rotation": 270, "texture": "#1"}, "west": {"uv": [1, 1, 2, 2], "rotation": 90, "texture": "#1"}, "down": {"uv": [1, 1, 6, 2], "texture": "#1"}}}, {"from": [1, 7.5, 13], "to": [5, 8, 14], "rotation": {"angle": 0, "axis": "y", "origin": [8, 16, 8]}, "faces": {"north": {"uv": [1, 2, 5, 3], "rotation": 180, "texture": "#1"}, "east": {"uv": [4, 2, 5, 3], "rotation": 270, "texture": "#1"}, "west": {"uv": [1, 2, 2, 3], "rotation": 90, "texture": "#1"}, "down": {"uv": [1, 2, 5, 3], "texture": "#1"}}}, {"from": [1, 7.5, 12], "to": [4, 8, 13], "rotation": {"angle": 0, "axis": "y", "origin": [8, 16, 8]}, "faces": {"north": {"uv": [1, 3, 4, 4], "rotation": 180, "texture": "#1"}, "east": {"uv": [3, 3, 4, 4], "rotation": 270, "texture": "#1"}, "west": {"uv": [1, 3, 2, 4], "rotation": 90, "texture": "#1"}, "down": {"uv": [1, 3, 4, 4], "texture": "#1"}}}, {"from": [9, 7.5, 14], "to": [12, 8, 15], "rotation": {"angle": 0, "axis": "y", "origin": [8, 16, 8]}, "faces": {"north": {"uv": [9, 1, 12, 2], "rotation": 180, "texture": "#1"}, "east": {"uv": [11, 1, 12, 2], "rotation": 270, "texture": "#1"}, "west": {"uv": [9, 1, 10, 2], "rotation": 90, "texture": "#1"}, "down": {"uv": [9, 1, 12, 2], "texture": "#1"}}}, {"from": [14, 7.5, 14], "to": [16, 8, 15], "rotation": {"angle": 0, "axis": "y", "origin": [8, 16, 8]}, "faces": {"east": {"uv": [15, 1, 16, 2], "rotation": 270, "texture": "#1"}, "south": {"uv": [14, 1, 16, 2], "texture": "#1"}, "west": {"uv": [14, 1, 15, 2], "rotation": 90, "texture": "#1"}, "down": {"uv": [14, 1, 16, 2], "texture": "#1"}}}, {"from": [12, 7.5, 13], "to": [16, 8, 14], "rotation": {"angle": 0, "axis": "y", "origin": [8, 16, 8]}, "faces": {"east": {"uv": [15, 2, 16, 3], "rotation": 270, "texture": "#1"}, "south": {"uv": [12, 2, 16, 3], "texture": "#1"}, "west": {"uv": [12, 2, 13, 3], "rotation": 90, "texture": "#1"}, "down": {"uv": [12, 2, 16, 3], "texture": "#1"}}}, {"from": [11, 7.5, 12], "to": [16, 8, 13], "rotation": {"angle": 0, "axis": "y", "origin": [8, 16, 8]}, "faces": {"north": {"uv": [11, 3, 16, 4], "rotation": 180, "texture": "#1"}, "east": {"uv": [15, 3, 16, 4], "rotation": 270, "texture": "#1"}, "south": {"uv": [11, 3, 16, 4], "texture": "#1"}, "west": {"uv": [11, 4, 12, 5], "rotation": 90, "texture": "#1"}, "down": {"uv": [11, 3, 16, 4], "texture": "#1"}}}, {"from": [11, 7.5, 11], "to": [15, 8, 12], "rotation": {"angle": 0, "axis": "y", "origin": [8, 16, 8]}, "faces": {"north": {"uv": [11, 4, 15, 5], "rotation": 180, "texture": "#1"}, "east": {"uv": [14, 4, 15, 5], "rotation": 270, "texture": "#1"}, "west": {"uv": [11, 4, 12, 5], "rotation": 90, "texture": "#1"}, "down": {"uv": [11, 4, 15, 5], "texture": "#1"}}}, {"from": [12, 7.5, 10], "to": [15, 8, 11], "rotation": {"angle": 0, "axis": "y", "origin": [8, 16, 8]}, "faces": {"north": {"uv": [12, 5, 15, 6], "rotation": 180, "texture": "#1"}, "east": {"uv": [14, 5, 15, 6], "rotation": 270, "texture": "#1"}, "west": {"uv": [12, 5, 13, 6], "rotation": 90, "texture": "#1"}, "down": {"uv": [12, 5, 15, 6], "texture": "#1"}}}, {"from": [13, 7.5, 9], "to": [14, 8, 10], "rotation": {"angle": 0, "axis": "y", "origin": [8, 16, 8]}, "faces": {"north": {"uv": [13, 6, 14, 7], "rotation": 180, "texture": "#1"}, "east": {"uv": [13, 6, 14, 7], "rotation": 270, "texture": "#1"}, "west": {"uv": [13, 6, 14, 7], "rotation": 90, "texture": "#1"}, "down": {"uv": [13, 6, 14, 7], "texture": "#1"}}}, {"from": [6, 7.5, 13], "to": [9, 8, 14], "rotation": {"angle": 0, "axis": "y", "origin": [8, 16, 8]}, "faces": {"east": {"uv": [8, 2, 9, 3], "rotation": 270, "texture": "#1"}, "south": {"uv": [6, 2, 9, 3], "texture": "#1"}, "west": {"uv": [6, 2, 7, 3], "rotation": 90, "texture": "#1"}, "down": {"uv": [6, 2, 9, 3], "texture": "#1"}}}, {"from": [5, 7.5, 12], "to": [10, 8, 13], "rotation": {"angle": 0, "axis": "y", "origin": [8, 16, 8]}, "faces": {"north": {"uv": [5, 3, 10, 4], "rotation": 180, "texture": "#1"}, "east": {"uv": [9, 3, 10, 4], "rotation": 270, "texture": "#1"}, "south": {"uv": [5, 3, 10, 4], "texture": "#1"}, "west": {"uv": [5, 3, 6, 4], "rotation": 90, "texture": "#1"}, "down": {"uv": [5, 3, 10, 4], "texture": "#1"}}}, {"from": [5, 7.5, 11], "to": [9, 8, 12], "rotation": {"angle": 0, "axis": "y", "origin": [8, 16, 8]}, "faces": {"north": {"uv": [5, 4, 9, 5], "rotation": 180, "texture": "#1"}, "east": {"uv": [8, 4, 9, 5], "rotation": 270, "texture": "#1"}, "west": {"uv": [5, 4, 6, 5], "rotation": 90, "texture": "#1"}, "down": {"uv": [5, 4, 9, 5], "texture": "#1"}}}, {"from": [6, 7.5, 10], "to": [8, 8, 11], "rotation": {"angle": 0, "axis": "y", "origin": [8, 16, 8]}, "faces": {"north": {"uv": [6, 5, 8, 6], "rotation": 180, "texture": "#1"}, "east": {"uv": [7, 5, 8, 6], "rotation": 270, "texture": "#1"}, "west": {"uv": [6, 5, 7, 6], "rotation": 90, "texture": "#1"}, "down": {"uv": [6, 5, 8, 6], "texture": "#1"}}}, {"from": [3, 7.5, 10], "to": [5, 8, 11], "rotation": {"angle": 0, "axis": "y", "origin": [8, 16, 8]}, "faces": {"east": {"uv": [4, 5, 5, 6], "rotation": 270, "texture": "#1"}, "south": {"uv": [3, 5, 5, 6], "texture": "#1"}, "west": {"uv": [3, 5, 4, 6], "rotation": 90, "texture": "#1"}, "down": {"uv": [3, 5, 5, 6], "texture": "#1"}}}, {"from": [2, 7.5, 9], "to": [7, 8, 10], "rotation": {"angle": 0, "axis": "y", "origin": [8, 16, 8]}, "faces": {"east": {"uv": [6, 6, 7, 7], "rotation": 270, "texture": "#1"}, "south": {"uv": [2, 6, 7, 7], "texture": "#1"}, "west": {"uv": [2, 6, 3, 7], "rotation": 90, "texture": "#1"}, "down": {"uv": [2, 6, 7, 7], "texture": "#1"}}}, {"from": [1, 7.5, 8], "to": [7, 8, 9], "rotation": {"angle": 0, "axis": "y", "origin": [8, 16, 8]}, "faces": {"north": {"uv": [1, 7, 7, 8], "rotation": 180, "texture": "#1"}, "east": {"uv": [6, 7, 7, 8], "rotation": 270, "texture": "#1"}, "south": {"uv": [1, 7, 7, 8], "texture": "#1"}, "west": {"uv": [1, 7, 2, 8], "rotation": 90, "texture": "#1"}, "down": {"uv": [1, 7, 7, 8], "texture": "#1"}}}, {"from": [2, 7.5, 7], "to": [5, 8, 8], "rotation": {"angle": 0, "axis": "y", "origin": [8, 16, 8]}, "faces": {"north": {"uv": [2, 8, 5, 9], "rotation": 180, "texture": "#1"}, "east": {"uv": [4, 8, 5, 9], "rotation": 270, "texture": "#1"}, "west": {"uv": [2, 8, 3, 9], "rotation": 90, "texture": "#1"}, "down": {"uv": [2, 8, 5, 9], "texture": "#1"}}}, {"from": [8, 7.5, 8], "to": [12, 8, 9], "rotation": {"angle": 0, "axis": "y", "origin": [8, 16, 8]}, "faces": {"east": {"uv": [11, 7, 12, 8], "rotation": 270, "texture": "#1"}, "south": {"uv": [8, 7, 12, 8], "texture": "#1"}, "west": {"uv": [8, 7, 9, 8], "rotation": 90, "texture": "#1"}, "down": {"uv": [8, 7, 12, 8], "texture": "#1"}}}, {"from": [7, 7.5, 6], "to": [12, 8, 8], "rotation": {"angle": 0, "axis": "y", "origin": [8, 16, 8]}, "faces": {"north": {"uv": [7, 9, 12, 10], "rotation": 180, "texture": "#1"}, "east": {"uv": [11, 8, 12, 10], "rotation": 270, "texture": "#1"}, "south": {"uv": [7, 8, 12, 9], "texture": "#1"}, "west": {"uv": [7, 8, 8, 10], "rotation": 90, "texture": "#1"}, "down": {"uv": [7, 8, 12, 10], "texture": "#1"}}}, {"from": [8, 7.5, 5], "to": [11, 8, 6], "rotation": {"angle": 0, "axis": "y", "origin": [8, 16, 8]}, "faces": {"north": {"uv": [8, 10, 11, 11], "rotation": 180, "texture": "#1"}, "east": {"uv": [10, 10, 11, 11], "rotation": 270, "texture": "#1"}, "west": {"uv": [8, 10, 9, 11], "rotation": 90, "texture": "#1"}, "down": {"uv": [8, 10, 11, 11], "texture": "#1"}}}, {"from": [14, 7.5, 8], "to": [16, 8, 9], "rotation": {"angle": 0, "axis": "y", "origin": [8, 16, 8]}, "faces": {"east": {"uv": [15, 7, 16, 8], "rotation": 270, "texture": "#1"}, "south": {"uv": [14, 7, 16, 8], "texture": "#1"}, "west": {"uv": [14, 7, 15, 8], "rotation": 90, "texture": "#1"}, "down": {"uv": [14, 7, 16, 8], "texture": "#1"}}}, {"from": [13, 7.5, 7], "to": [16, 8, 8], "rotation": {"angle": 0, "axis": "y", "origin": [8, 16, 8]}, "faces": {"north": {"uv": [13, 8, 16, 9], "rotation": 180, "texture": "#1"}, "east": {"uv": [15, 8, 16, 9], "rotation": 270, "texture": "#1"}, "south": {"uv": [13, 8, 16, 9], "texture": "#1"}, "west": {"uv": [13, 8, 14, 9], "rotation": 90, "texture": "#1"}, "down": {"uv": [13, 8, 16, 9], "texture": "#1"}}}, {"from": [14, 7.5, 6], "to": [16, 8, 7], "rotation": {"angle": 0, "axis": "y", "origin": [8, 16, 8]}, "faces": {"north": {"uv": [14, 9, 16, 10], "rotation": 180, "texture": "#1"}, "east": {"uv": [15, 9, 16, 10], "rotation": 270, "texture": "#1"}, "west": {"uv": [14, 9, 15, 10], "rotation": 90, "texture": "#1"}, "down": {"uv": [14, 9, 16, 10], "texture": "#1"}}}, {"from": [15, 7.5, 4], "to": [16, 8, 6], "rotation": {"angle": 0, "axis": "y", "origin": [8, 16, 8]}, "faces": {"north": {"uv": [15, 11, 16, 12], "rotation": 180, "texture": "#1"}, "east": {"uv": [15, 10, 16, 12], "rotation": 270, "texture": "#1"}, "west": {"uv": [15, 10, 16, 12], "rotation": 90, "texture": "#1"}, "down": {"uv": [15, 10, 16, 12], "texture": "#1"}}}, {"from": [12, 7.5, 4], "to": [14, 8, 5], "rotation": {"angle": 0, "axis": "y", "origin": [8, 16, 8]}, "faces": {"east": {"uv": [13, 11, 14, 12], "rotation": 270, "texture": "#1"}, "south": {"uv": [12, 11, 14, 12], "texture": "#1"}, "west": {"uv": [12, 11, 13, 12], "rotation": 90, "texture": "#1"}, "down": {"uv": [12, 11, 14, 12], "texture": "#1"}}}, {"from": [11, 7.5, 2], "to": [15, 8, 4], "rotation": {"angle": 0, "axis": "y", "origin": [8, 16, 8]}, "faces": {"north": {"uv": [11, 13, 15, 14], "rotation": 180, "texture": "#1"}, "east": {"uv": [14, 12, 15, 14], "rotation": 270, "texture": "#1"}, "south": {"uv": [11, 12, 15, 13], "texture": "#1"}, "west": {"uv": [11, 12, 12, 14], "rotation": 90, "texture": "#1"}, "down": {"uv": [11, 12, 15, 14], "texture": "#1"}}}, {"from": [12, 7.5, 1], "to": [15, 8, 2], "rotation": {"angle": 0, "axis": "y", "origin": [8, 16, 8]}, "faces": {"north": {"uv": [12, 14, 15, 15], "rotation": 180, "texture": "#1"}, "east": {"uv": [14, 14, 15, 15], "rotation": 270, "texture": "#1"}, "west": {"uv": [12, 14, 13, 15], "rotation": 90, "texture": "#1"}, "down": {"uv": [12, 14, 15, 15], "texture": "#1"}}}, {"from": [13, 7.5, 0], "to": [15, 8, 1], "rotation": {"angle": 0, "axis": "y", "origin": [8, 16, 8]}, "faces": {"north": {"uv": [13, 15, 15, 16], "rotation": 180, "texture": "#1"}, "east": {"uv": [14, 15, 15, 16], "rotation": 270, "texture": "#1"}, "west": {"uv": [13, 15, 14, 16], "rotation": 90, "texture": "#1"}, "down": {"uv": [13, 15, 15, 16], "texture": "#1"}}}, {"from": [0, 7.5, 3], "to": [1, 8, 6], "rotation": {"angle": 0, "axis": "y", "origin": [8, 16, 8]}, "faces": {"north": {"uv": [0, 12, 1, 13], "rotation": 180, "texture": "#1"}, "east": {"uv": [0, 10, 1, 13], "rotation": 270, "texture": "#1"}, "south": {"uv": [0, 10, 1, 11], "texture": "#1"}, "west": {"uv": [0, 10, 1, 13], "rotation": 90, "texture": "#1"}, "down": {"uv": [0, 10, 1, 13], "texture": "#1"}}}, {"from": [1, 7.5, 4], "to": [2, 8, 5], "rotation": {"angle": 0, "axis": "y", "origin": [8, 16, 8]}, "faces": {"north": {"uv": [1, 11, 2, 12], "rotation": 180, "texture": "#1"}, "east": {"uv": [1, 11, 2, 12], "rotation": 270, "texture": "#1"}, "south": {"uv": [1, 11, 2, 12], "texture": "#1"}, "down": {"uv": [1, 11, 2, 12], "texture": "#1"}}}, {"from": [4, 7.5, 5], "to": [7, 8, 6], "rotation": {"angle": 0, "axis": "y", "origin": [8, 16, 8]}, "faces": {"east": {"uv": [6, 10, 7, 11], "rotation": 270, "texture": "#1"}, "south": {"uv": [4, 10, 7, 11], "texture": "#1"}, "west": {"uv": [4, 10, 5, 11], "rotation": 90, "texture": "#1"}, "down": {"uv": [4, 10, 7, 11], "texture": "#1"}}}, {"from": [3, 7.5, 4], "to": [8, 8, 5], "rotation": {"angle": 0, "axis": "y", "origin": [8, 16, 8]}, "faces": {"north": {"uv": [3, 11, 8, 12], "rotation": 180, "texture": "#1"}, "east": {"uv": [7, 11, 8, 12], "rotation": 270, "texture": "#1"}, "south": {"uv": [3, 11, 8, 12], "texture": "#1"}, "west": {"uv": [3, 11, 4, 12], "rotation": 90, "texture": "#1"}, "down": {"uv": [3, 11, 8, 12], "texture": "#1"}}}, {"from": [6, 7.5, 3], "to": [8, 8, 4], "rotation": {"angle": 0, "axis": "y", "origin": [8, 16, 8]}, "faces": {"north": {"uv": [6, 12, 8, 13], "rotation": 180, "texture": "#1"}, "east": {"uv": [7, 12, 8, 13], "rotation": 270, "texture": "#1"}, "west": {"uv": [6, 12, 7, 13], "rotation": 90, "texture": "#1"}, "down": {"uv": [6, 12, 8, 13], "texture": "#1"}}}, {"from": [2, 7.5, 3], "to": [5, 8, 4], "rotation": {"angle": 0, "axis": "y", "origin": [8, 16, 8]}, "faces": {"east": {"uv": [4, 12, 5, 13], "rotation": 270, "texture": "#1"}, "south": {"uv": [2, 12, 5, 13], "texture": "#1"}, "west": {"uv": [2, 12, 3, 13], "rotation": 90, "texture": "#1"}, "down": {"uv": [2, 12, 5, 13], "texture": "#1"}}}, {"from": [1, 7.5, 2], "to": [5, 8, 3], "rotation": {"angle": 0, "axis": "y", "origin": [8, 16, 8]}, "faces": {"north": {"uv": [1, 13, 5, 14], "rotation": 180, "texture": "#1"}, "east": {"uv": [4, 13, 5, 14], "rotation": 270, "texture": "#1"}, "south": {"uv": [1, 13, 5, 14], "texture": "#1"}, "west": {"uv": [1, 13, 2, 14], "rotation": 90, "texture": "#1"}, "down": {"uv": [1, 13, 5, 14], "texture": "#1"}}}, {"from": [1, 7.5, 1], "to": [4, 8, 2], "rotation": {"angle": 0, "axis": "y", "origin": [8, 16, 8]}, "faces": {"north": {"uv": [1, 14, 4, 15], "rotation": 180, "texture": "#1"}, "east": {"uv": [3, 14, 4, 15], "rotation": 270, "texture": "#1"}, "west": {"uv": [1, 14, 2, 15], "rotation": 90, "texture": "#1"}, "down": {"uv": [1, 14, 4, 15], "texture": "#1"}}}, {"from": [0, 7.5, 0], "to": [2, 8, 1], "rotation": {"angle": 0, "axis": "y", "origin": [8, 16, 8]}, "faces": {"north": {"uv": [0, 15, 2, 16], "rotation": 180, "texture": "#1"}, "east": {"uv": [1, 15, 2, 16], "rotation": 270, "texture": "#1"}, "south": {"uv": [0, 15, 2, 16], "texture": "#1"}, "west": {"uv": [0, 15, 1, 16], "rotation": 90, "texture": "#1"}, "down": {"uv": [0, 15, 2, 16], "texture": "#1"}}}, {"from": [5, 7.5, 0], "to": [11, 8, 2], "rotation": {"angle": 0, "axis": "y", "origin": [8, 16, 8]}, "faces": {"north": {"uv": [5, 15, 11, 16], "rotation": 180, "texture": "#1"}, "east": {"uv": [10, 14, 11, 16], "rotation": 270, "texture": "#1"}, "south": {"uv": [5, 14, 11, 15], "texture": "#1"}, "west": {"uv": [5, 14, 6, 16], "rotation": 90, "texture": "#1"}, "down": {"uv": [5, 14, 11, 16], "texture": "#1"}}}, {"from": [4, 7.5, 0], "to": [5, 8, 1], "rotation": {"angle": 0, "axis": "y", "origin": [8, 16, 8]}, "faces": {"north": {"uv": [4, 15, 5, 16], "rotation": 180, "texture": "#1"}, "south": {"uv": [4, 15, 5, 16], "texture": "#1"}, "west": {"uv": [4, 15, 5, 16], "rotation": 90, "texture": "#1"}, "down": {"uv": [4, 15, 5, 16], "texture": "#1"}}}], "groups": [0, {"name": "top", "origin": [8, 8, 8], "color": 0, "children": [1, 2, 3, 4, 5, 6, 7, 8, 9, 10, 11, 12, 13, 14, 15, 16, 17, 18, 19, 20, 21, 22, 23, 24, 25, 26, 27, 28, 29, 30, 31, 32, 33, 34, 35, 36, 37, 38, 39, 40, 41, 42]}, {"name": "bottom", "origin": [8, 8, 8], "color": 0, "children": [43, 44, 45, 46, 47, 48, 49, 50, 51, 52, 53, 54, 55, 56, 57, 58, 59, 60, 61, 62, 63, 64, 65, 66, 67, 68, 69, 70, 71, 72, 73, 74, 75, 76, 77, 78, 79, 80, 81, 82, 83, 84]}]}