{"textures": {"side": "block/blast_furnace_side", "top": "block/blast_furnace_top", "particle": "#front", "front": "3d/furnaces/blast_furnace_front"}, "elements": [{"name": "Cube", "from": [0, 0, 1], "to": [16, 16, 16], "faces": {"north": {"uv": [0, 0, 16, 16], "texture": "#front", "cullface": "north"}, "east": {"uv": [0, 0, 15, 16], "texture": "#side", "cullface": "east"}, "south": {"uv": [0, 0, 16, 16], "texture": "#side", "cullface": "south"}, "west": {"uv": [1, 0, 16, 16], "texture": "#side", "cullface": "west"}, "up": {"uv": [0, 1, 16, 16], "texture": "#top", "cullface": "up"}, "down": {"uv": [0, 0, 16, 15], "texture": "#top", "cullface": "down"}}}, {"name": "Cube", "from": [0, 0, 0], "to": [5, 16, 1], "faces": {"north": {"uv": [11, 0, 16, 16], "texture": "#front", "cullface": "north"}, "east": {"uv": [11, 0, 12, 16], "texture": "#front", "cullface": "north"}, "west": {"uv": [15, 0, 16, 16], "texture": "#side", "cullface": "west"}, "up": {"uv": [0, 0, 5, 1], "texture": "#top", "cullface": "up"}, "down": {"uv": [0, 0, 5, 1], "texture": "#top", "cullface": "down"}}}, {"name": "Cube", "from": [10, 0, 0], "to": [16, 16, 1], "faces": {"north": {"uv": [0, 0, 6, 16], "texture": "#front", "cullface": "north"}, "east": {"uv": [15, 0, 16, 16], "texture": "#side", "cullface": "east"}, "west": {"uv": [5, 0, 6, 16], "texture": "#front", "cullface": "north"}, "up": {"uv": [0, 15, 6, 16], "texture": "#top", "cullface": "up"}, "down": {"uv": [0, 0, 6, 1], "texture": "#top", "cullface": "down"}}}, {"name": "Cube", "from": [5, 0, 0], "to": [10, 5, 1], "faces": {"north": {"uv": [6, 11, 11, 16], "texture": "#front", "cullface": "north"}, "up": {"uv": [0, 0, 5, 1], "texture": "#front", "cullface": "north"}, "down": {"uv": [5, 0, 10, 1], "texture": "#top", "cullface": "down"}}}, {"name": "Cube", "from": [5, 8, 0], "to": [10, 16, 1], "faces": {"north": {"uv": [6, 0, 11, 8], "texture": "#front", "cullface": "north"}, "up": {"uv": [2, 15, 7, 16], "texture": "#top", "cullface": "up"}, "down": {"uv": [6, 7, 11, 8], "texture": "#front", "cullface": "north"}}}, {"name": "Cube", "from": [6, 5, 0], "to": [7, 8, 1], "faces": {"north": {"uv": [9, 8, 10, 11], "texture": "#front", "cullface": "north"}, "east": {"uv": [9, 8, 10, 11], "texture": "#front", "cullface": "north"}, "west": {"uv": [9, 8, 10, 11], "texture": "#front", "cullface": "north"}}}, {"name": "Cube", "from": [8, 5, 0], "to": [9, 8, 1], "faces": {"north": {"uv": [7, 8, 8, 11], "texture": "#front", "cullface": "north"}, "east": {"uv": [7, 8, 8, 11], "texture": "#front", "cullface": "north"}, "west": {"uv": [7, 8, 8, 11], "texture": "#front", "cullface": "north"}}}, {"name": "Cube", "from": [1, 1, -0.25], "to": [3, 7, 0.75], "faces": {"north": {"uv": [13, 9, 15, 15], "texture": "#front", "cullface": "north"}, "east": {"uv": [13, 9, 14, 15], "texture": "#front", "cullface": "north"}, "west": {"uv": [14, 9, 15, 15], "texture": "#front", "cullface": "north"}, "up": {"uv": [13, 9, 15, 10], "texture": "#front", "cullface": "north"}, "down": {"uv": [13, 14, 15, 15], "texture": "#front", "cullface": "north"}}}, {"name": "Cube", "from": [13, 1, -0.25], "to": [15, 7, 0.75], "faces": {"north": {"uv": [1, 9, 3, 15], "texture": "#front", "cullface": "north"}, "east": {"uv": [1, 9, 2, 15], "texture": "#front", "cullface": "north"}, "west": {"uv": [2, 9, 3, 15], "texture": "#front", "cullface": "north"}, "up": {"uv": [1, 9, 3, 10], "texture": "#front", "cullface": "north"}, "down": {"uv": [1, 14, 3, 15], "texture": "#front", "cullface": "north"}}}, {"name": "Cube", "from": [3, 1, -0.25], "to": [13, 2, 0.75], "faces": {"north": {"uv": [3, 14, 13, 15], "texture": "#front", "cullface": "north"}, "up": {"uv": [3, 14, 13, 15], "texture": "#front", "cullface": "north"}, "down": {"uv": [3, 14, 13, 15], "texture": "#front", "cullface": "north"}}}, {"name": "Cube", "from": [-0.25, 1, 1], "to": [0.75, 7, 15], "faces": {"north": {"uv": [1, 9, 2, 15], "texture": "#side", "cullface": "west"}, "south": {"uv": [14, 9, 15, 15], "texture": "#side", "cullface": "west"}, "west": {"uv": [1, 9, 15, 15], "texture": "#side", "cullface": "west"}, "up": {"uv": [1, 9, 15, 10], "texture": "#side", "cullface": "west"}, "down": {"uv": [1, 14, 15, 15], "texture": "#side", "cullface": "west"}}}, {"name": "Cube", "from": [15.25, 1, 1], "to": [16.25, 7, 15], "faces": {"north": {"uv": [1, 9, 2, 15], "texture": "#side", "cullface": "east"}, "east": {"uv": [1, 9, 15, 15], "texture": "#side", "cullface": "east"}, "south": {"uv": [14, 9, 15, 15], "texture": "#side", "cullface": "east"}, "up": {"uv": [1, 9, 15, 10], "texture": "#side", "cullface": "east"}, "down": {"uv": [1, 14, 15, 15], "texture": "#side", "cullface": "east"}}}, {"name": "Cube", "from": [1, 1, 15.25], "to": [15, 7, 16.25], "faces": {"east": {"uv": [14, 9, 15, 15], "texture": "#side", "cullface": "south"}, "south": {"uv": [1, 9, 15, 15], "texture": "#side", "cullface": "south"}, "west": {"uv": [1, 9, 2, 15], "texture": "#side", "cullface": "south"}, "up": {"uv": [1, 9, 15, 10], "texture": "#side", "cullface": "south"}, "down": {"uv": [1, 14, 15, 15], "texture": "#side", "cullface": "south"}}}], "display": {"thirdperson_righthand": {"rotation": [75, 45, 0], "translation": [0, 2.5, 0], "scale": [0.375, 0.375, 0.375]}, "firstperson_righthand": {"rotation": [0, 45, 0], "scale": [0.4, 0.4, 0.4]}, "ground": {"translation": [0, 3, 0], "scale": [0.25, 0.25, 0.25]}, "gui": {"rotation": [30, 225, 0], "scale": [0.625, 0.625, 0.625]}, "fixed": {"scale": [0.5, 0.5, 0.5]}}}