{"parent": "block/cube_all", "textures": {"particle": "block/bricks", "wall": "block/bricks"}, "elements": [{"from": [0, 0, 5], "to": [8, 16, 11], "faces": {"north": {"uv": [8, 0, 16, 16], "texture": "#wall"}, "south": {"uv": [0, 0, 8, 16], "texture": "#wall"}, "west": {"uv": [5, 0, 11, 16], "texture": "#wall", "cullface": "west"}, "up": {"uv": [0, 5, 8, 11], "texture": "#wall", "cullface": "up"}, "down": {"uv": [0, 5, 8, 11], "texture": "#wall", "cullface": "down"}}}, {"from": [1, 1, 4.5], "to": [8, 4, 5], "faces": {"north": {"uv": [8, 12, 15, 15], "texture": "#wall"}, "east": {"uv": [8, 12, 9, 15], "texture": "#wall"}, "west": {"uv": [14, 12, 15, 15], "texture": "#wall"}, "up": {"uv": [8, 12, 15, 13], "rotation": 180, "texture": "#wall"}, "down": {"uv": [8, 14, 15, 15], "rotation": 180, "texture": "#wall"}}}, {"from": [1, 9, 4.5], "to": [8, 12, 5], "faces": {"north": {"uv": [8, 4, 15, 7], "texture": "#wall"}, "east": {"uv": [8, 4, 9, 7], "texture": "#wall"}, "west": {"uv": [14, 4, 15, 7], "texture": "#wall"}, "up": {"uv": [8, 4, 15, 5], "rotation": 180, "texture": "#wall"}, "down": {"uv": [8, 6, 15, 7], "rotation": 180, "texture": "#wall"}}}, {"from": [5, 13, 4.5], "to": [8, 16, 5], "faces": {"north": {"uv": [8, 0, 11, 3], "texture": "#wall"}, "west": {"uv": [10, 0, 11, 3], "texture": "#wall"}, "up": {"uv": [8, 0, 11, 1], "rotation": 180, "texture": "#wall"}, "down": {"uv": [8, 2, 11, 3], "rotation": 180, "texture": "#wall"}}}, {"from": [5, 5, 4.5], "to": [8, 8, 5], "faces": {"north": {"uv": [8, 8, 11, 11], "texture": "#wall"}, "west": {"uv": [10, 8, 11, 11], "texture": "#wall"}, "up": {"uv": [8, 8, 11, 9], "rotation": 180, "texture": "#wall"}, "down": {"uv": [8, 10, 11, 11], "rotation": 180, "texture": "#wall"}}}, {"from": [0, 13, 4.5], "to": [4, 16, 5], "faces": {"north": {"uv": [12, 0, 16, 3], "texture": "#wall"}, "east": {"uv": [12, 0, 13, 3], "texture": "#wall"}, "west": {"uv": [15, 0, 16, 3], "texture": "#wall"}, "up": {"uv": [12, 0, 16, 1], "rotation": 180, "texture": "#wall"}, "down": {"uv": [12, 2, 16, 3], "rotation": 180, "texture": "#wall"}}}, {"from": [0, 5, 4.5], "to": [4, 8, 5], "faces": {"north": {"uv": [12, 8, 16, 11], "texture": "#wall"}, "east": {"uv": [12, 8, 13, 11], "texture": "#wall"}, "west": {"uv": [15, 8, 16, 11], "texture": "#wall"}, "up": {"uv": [12, 8, 16, 9], "rotation": 180, "texture": "#wall"}, "down": {"uv": [12, 10, 16, 11], "rotation": 180, "texture": "#wall"}}}, {"from": [-0.5, 1, 8], "to": [0, 4, 11], "faces": {"north": {"uv": [8, 12, 9, 15], "texture": "#wall", "cullface": "west"}, "south": {"uv": [10, 12, 11, 15], "texture": "#wall", "cullface": "west"}, "west": {"uv": [8, 12, 11, 15], "texture": "#wall", "cullface": "west"}, "up": {"uv": [8, 12, 11, 13], "rotation": 90, "texture": "#wall", "cullface": "west"}, "down": {"uv": [8, 14, 11, 15], "rotation": 270, "texture": "#wall", "cullface": "west"}}}, {"from": [-0.5, 1, 5], "to": [0, 4, 7], "faces": {"north": {"uv": [5, 12, 6, 15], "texture": "#wall", "cullface": "west"}, "south": {"uv": [6, 12, 7, 15], "texture": "#wall", "cullface": "west"}, "west": {"uv": [5, 12, 7, 15], "texture": "#wall", "cullface": "west"}, "up": {"uv": [5, 12, 7, 13], "rotation": 90, "texture": "#wall", "cullface": "west"}, "down": {"uv": [5, 14, 7, 15], "rotation": 270, "texture": "#wall", "cullface": "west"}}}, {"from": [-0.5, 9, 5], "to": [0, 12, 7], "faces": {"north": {"uv": [5, 4, 6, 7], "texture": "#wall", "cullface": "west"}, "south": {"uv": [6, 4, 7, 7], "texture": "#wall", "cullface": "west"}, "west": {"uv": [5, 4, 7, 7], "texture": "#wall", "cullface": "west"}, "up": {"uv": [5, 4, 7, 5], "rotation": 90, "texture": "#wall", "cullface": "west"}, "down": {"uv": [5, 6, 7, 7], "rotation": 270, "texture": "#wall", "cullface": "west"}}}, {"from": [-0.5, 9, 8], "to": [0, 12, 11], "faces": {"north": {"uv": [8, 4, 9, 7], "texture": "#wall", "cullface": "west"}, "south": {"uv": [10, 4, 11, 7], "texture": "#wall", "cullface": "west"}, "west": {"uv": [8, 4, 11, 7], "texture": "#wall", "cullface": "west"}, "up": {"uv": [8, 4, 11, 5], "rotation": 90, "texture": "#wall", "cullface": "west"}, "down": {"uv": [8, 6, 11, 7], "rotation": 270, "texture": "#wall", "cullface": "west"}}}, {"from": [-0.5, 13, 5], "to": [0, 16, 11], "faces": {"north": {"uv": [5, 0, 6, 3], "texture": "#wall", "cullface": "west"}, "south": {"uv": [10, 0, 11, 3], "texture": "#wall", "cullface": "west"}, "west": {"uv": [5, 0, 11, 3], "texture": "#wall", "cullface": "west"}, "up": {"uv": [5, 0, 11, 1], "rotation": 90, "texture": "#wall", "cullface": "west"}, "down": {"uv": [5, 2, 11, 3], "rotation": 270, "texture": "#wall", "cullface": "west"}}}, {"from": [-0.5, 5, 5], "to": [0, 8, 11], "faces": {"north": {"uv": [5, 8, 6, 11], "texture": "#wall", "cullface": "west"}, "south": {"uv": [10, 8, 11, 11], "texture": "#wall", "cullface": "west"}, "west": {"uv": [5, 8, 11, 11], "texture": "#wall", "cullface": "west"}, "up": {"uv": [5, 8, 11, 9], "rotation": 90, "texture": "#wall", "cullface": "west"}, "down": {"uv": [5, 10, 11, 11], "rotation": 270, "texture": "#wall", "cullface": "west"}}}, {"from": [0, 1, 11], "to": [7, 4, 11.5], "faces": {"east": {"uv": [6, 12, 7, 15], "texture": "#wall"}, "south": {"uv": [0, 12, 7, 15], "texture": "#wall"}, "west": {"uv": [0, 12, 1, 15], "texture": "#wall"}, "up": {"uv": [0, 12, 7, 13], "texture": "#wall"}, "down": {"uv": [0, 14, 7, 15], "texture": "#wall"}}}, {"from": [0, 9, 11], "to": [7, 12, 11.5], "faces": {"east": {"uv": [6, 4, 7, 7], "texture": "#wall"}, "south": {"uv": [0, 4, 7, 7], "texture": "#wall"}, "west": {"uv": [0, 4, 1, 7], "texture": "#wall"}, "up": {"uv": [0, 4, 7, 5], "texture": "#wall"}, "down": {"uv": [0, 6, 7, 7], "texture": "#wall"}}}, {"from": [4, 13, 11], "to": [8, 16, 11.5], "faces": {"south": {"uv": [4, 0, 8, 3], "texture": "#wall"}, "west": {"uv": [4, 0, 5, 3], "texture": "#wall"}, "up": {"uv": [4, 0, 8, 1], "texture": "#wall"}, "down": {"uv": [4, 2, 8, 3], "texture": "#wall"}}}, {"from": [4, 5, 11], "to": [8, 8, 11.5], "faces": {"south": {"uv": [4, 8, 8, 11], "texture": "#wall"}, "west": {"uv": [4, 8, 5, 11], "texture": "#wall"}, "up": {"uv": [4, 8, 8, 9], "texture": "#wall"}, "down": {"uv": [4, 10, 8, 11], "texture": "#wall"}}}, {"from": [0, 5, 11], "to": [3, 8, 11.5], "faces": {"east": {"uv": [2, 8, 3, 11], "texture": "#wall"}, "south": {"uv": [0, 8, 3, 11], "texture": "#wall"}, "west": {"uv": [0, 8, 1, 11], "texture": "#wall"}, "up": {"uv": [0, 8, 3, 9], "texture": "#wall"}, "down": {"uv": [0, 10, 3, 11], "texture": "#wall"}}}, {"from": [0, 13, 11], "to": [3, 16, 11.5], "faces": {"east": {"uv": [2, 0, 3, 3], "texture": "#wall"}, "south": {"uv": [0, 0, 3, 3], "texture": "#wall"}, "west": {"uv": [0, 0, 1, 3], "texture": "#wall"}, "up": {"uv": [0, 0, 3, 1], "texture": "#wall"}, "down": {"uv": [0, 2, 3, 3], "texture": "#wall"}}}, {"from": [0, 16, 5], "to": [7, 16.5, 7], "faces": {"north": {"uv": [0, 5, 7, 6], "rotation": 180, "texture": "#wall", "cullface": "up"}, "east": {"uv": [6, 5, 7, 7], "rotation": 90, "texture": "#wall", "cullface": "up"}, "south": {"uv": [0, 6, 7, 7], "texture": "#wall", "cullface": "up"}, "west": {"uv": [0, 5, 1, 7], "rotation": 270, "texture": "#wall", "cullface": "up"}, "up": {"uv": [0.01, 5.01, 7.01, 7.01], "texture": "#wall", "cullface": "up"}}}, {"from": [4, 16, 8], "to": [8, 16.5, 11], "faces": {"north": {"uv": [4, 8, 8, 9], "rotation": 180, "texture": "#wall", "cullface": "up"}, "south": {"uv": [4, 10, 8, 11], "texture": "#wall", "cullface": "up"}, "west": {"uv": [4, 8, 5, 11], "rotation": 270, "texture": "#wall", "cullface": "up"}, "up": {"uv": [4.01, 7.99, 7.99, 10.99], "texture": "#wall", "cullface": "up"}}}, {"from": [0, 16, 8], "to": [3, 16.5, 11], "faces": {"north": {"uv": [0, 8, 3, 9], "rotation": 180, "texture": "#wall", "cullface": "up"}, "east": {"uv": [2, 8, 3, 11], "rotation": 90, "texture": "#wall", "cullface": "up"}, "south": {"uv": [0, 10, 3, 11], "texture": "#wall", "cullface": "up"}, "west": {"uv": [0, 8, 1, 11], "rotation": 270, "texture": "#wall", "cullface": "up"}, "up": {"uv": [0, 8, 3, 11], "texture": "#wall", "cullface": "up"}}}, {"from": [0, -0.5, 9], "to": [7, 0, 11], "faces": {"north": {"uv": [0, 6, 7, 7], "rotation": 180, "texture": "#wall", "cullface": "down"}, "east": {"uv": [6, 5, 7, 7], "rotation": 270, "texture": "#wall", "cullface": "down"}, "south": {"uv": [0, 5, 7, 6], "texture": "#wall", "cullface": "down"}, "west": {"uv": [0, 5, 1, 7], "rotation": 90, "texture": "#wall", "cullface": "down"}, "down": {"uv": [0.01, 5.01, 7.01, 7.01], "texture": "#wall", "cullface": "down"}}}, {"from": [4, -0.5, 5], "to": [8, 0, 8], "faces": {"north": {"uv": [4, 10, 8, 11], "rotation": 180, "texture": "#wall", "cullface": "down"}, "south": {"uv": [4, 8, 8, 9], "texture": "#wall", "cullface": "down"}, "west": {"uv": [4, 8, 5, 11], "rotation": 90, "texture": "#wall", "cullface": "down"}, "down": {"uv": [4.01, 7.99, 7.99, 10.99], "texture": "#wall", "cullface": "down"}}}, {"from": [0, -0.5, 5], "to": [3, 0, 8], "faces": {"north": {"uv": [0, 10, 3, 11], "rotation": 180, "texture": "#wall", "cullface": "down"}, "east": {"uv": [2, 8, 3, 11], "rotation": 270, "texture": "#wall", "cullface": "down"}, "south": {"uv": [0, 8, 3, 9], "texture": "#wall", "cullface": "down"}, "west": {"uv": [0, 8, 1, 11], "rotation": 90, "texture": "#wall", "cullface": "down"}, "down": {"uv": [0, 8, 3, 11], "texture": "#wall", "cullface": "down"}}}], "groups": [0, {"name": "south", "origin": [8, 8, 8], "color": 0, "children": [1, 2, 3, 4, 5, 6]}, {"name": "east", "origin": [8, 8, 8], "color": 0, "children": [7, 8, 9, 10, 11, 12]}, {"name": "north", "origin": [8, 8, 8], "color": 0, "children": [13, 14, 15, 16, 17, 18]}, {"name": "up", "origin": [8, 8, 8], "color": 0, "children": [19, 20, 21]}, {"name": "down", "origin": [8, 8, 8], "color": 0, "children": [22, 23, 24]}]}