{"parent": "block/cube_all", "textures": {"all": "block/bricks"}, "elements": [{"from": [0, 0, 0], "to": [16, 16, 16], "faces": {"north": {"uv": [0, 0, 16, 16], "texture": "#all", "cullface": "north"}, "east": {"uv": [0, 0, 16, 16], "texture": "#all", "cullface": "east"}, "south": {"uv": [0, 0, 16, 16], "texture": "#all", "cullface": "south"}, "west": {"uv": [0, 0, 16, 16], "texture": "#all", "cullface": "west"}, "up": {"uv": [0, 0, 16, 16], "texture": "#all", "cullface": "up"}, "down": {"uv": [0, 0, 16, 16], "texture": "#all", "cullface": "down"}}}, {"from": [1, 1, -0.48931388918487667], "to": [8, 4, 0], "faces": {"north": {"uv": [8, 12, 15, 15], "texture": "#all", "cullface": "north"}, "east": {"uv": [8, 12, 9, 15], "texture": "#all", "cullface": "north"}, "west": {"uv": [14, 12, 15, 15], "texture": "#all", "cullface": "north"}, "up": {"uv": [8, 12, 15, 13], "rotation": 180, "texture": "#all", "cullface": "north"}, "down": {"uv": [8, 14, 15, 15], "rotation": 180, "texture": "#all", "cullface": "north"}}}, {"from": [9, 1, -0.48931388918487667], "to": [15.989670557314122, 4, 0], "faces": {"north": {"uv": [0, 12, 7, 15], "texture": "#all", "cullface": "north"}, "east": {"uv": [0, 12, 1, 15], "texture": "#all", "cullface": "north"}, "west": {"uv": [6, 12, 7, 15], "texture": "#all", "cullface": "north"}, "up": {"uv": [0, 12, 7, 13], "rotation": 180, "texture": "#all", "cullface": "north"}, "down": {"uv": [0, 14, 7, 15], "rotation": 180, "texture": "#all", "cullface": "north"}}}, {"from": [9, 9, -0.48931388918487667], "to": [15.98903146181298, 12, 0], "faces": {"north": {"uv": [0, 4, 7, 7], "texture": "#all", "cullface": "north"}, "east": {"uv": [0, 4, 1, 7], "texture": "#all", "cullface": "north"}, "west": {"uv": [6, 4, 7, 7], "texture": "#all", "cullface": "north"}, "up": {"uv": [0, 4, 7, 5], "rotation": 180, "texture": "#all", "cullface": "north"}, "down": {"uv": [0, 6, 7, 7], "rotation": 180, "texture": "#all", "cullface": "north"}}}, {"from": [1, 9, -0.48931388918487667], "to": [8, 12, 0], "faces": {"north": {"uv": [8, 4, 15, 7], "texture": "#all", "cullface": "north"}, "east": {"uv": [8, 4, 9, 7], "texture": "#all", "cullface": "north"}, "west": {"uv": [14, 4, 15, 7], "texture": "#all", "cullface": "north"}, "up": {"uv": [8, 4, 15, 5], "rotation": 180, "texture": "#all", "cullface": "north"}, "down": {"uv": [8, 6, 15, 7], "rotation": 180, "texture": "#all", "cullface": "north"}}}, {"from": [5, 13, -0.48931388918487667], "to": [12, 15.989413854146944, 0], "faces": {"north": {"uv": [4, 0, 11, 3], "texture": "#all", "cullface": "north"}, "east": {"uv": [4, 0, 5, 3], "texture": "#all", "cullface": "north"}, "west": {"uv": [10, 0, 11, 3], "texture": "#all", "cullface": "north"}, "up": {"uv": [4, 0, 11, 1], "rotation": 180, "texture": "#all", "cullface": "north"}, "down": {"uv": [4, 2, 11, 3], "rotation": 180, "texture": "#all", "cullface": "north"}}}, {"from": [5, 5, -0.48931388918487667], "to": [12, 8, 0], "faces": {"north": {"uv": [4, 8, 11, 11], "texture": "#all", "cullface": "north"}, "east": {"uv": [4, 8, 5, 11], "texture": "#all", "cullface": "north"}, "west": {"uv": [10, 8, 11, 11], "texture": "#all", "cullface": "north"}, "up": {"uv": [4, 8, 11, 9], "rotation": 180, "texture": "#all", "cullface": "north"}, "down": {"uv": [4, 10, 11, 11], "rotation": 180, "texture": "#all", "cullface": "north"}}}, {"from": [13, 5, -0.48931388918487667], "to": [15.989318675243291, 8, 0], "faces": {"north": {"uv": [0, 8, 3, 11], "texture": "#all", "cullface": "north"}, "east": {"uv": [0, 8, 1, 11], "texture": "#all", "cullface": "north"}, "west": {"uv": [2, 8, 3, 11], "texture": "#all", "cullface": "north"}, "up": {"uv": [0, 8, 3, 9], "rotation": 180, "texture": "#all", "cullface": "north"}, "down": {"uv": [0, 10, 3, 11], "rotation": 180, "texture": "#all", "cullface": "north"}}}, {"from": [13, 13, -0.48931388918487667], "to": [15.989646644367557, 15.989646644367557, 0], "faces": {"north": {"uv": [0, 0, 3, 3], "texture": "#all", "cullface": "north"}, "east": {"uv": [0, 0, 1, 3], "texture": "#all", "cullface": "north"}, "west": {"uv": [2, 0, 3, 3], "texture": "#all", "cullface": "north"}, "up": {"uv": [0, 0, 3, 1], "rotation": 180, "texture": "#all", "cullface": "north"}, "down": {"uv": [0, 2, 3, 3], "rotation": 180, "texture": "#all", "cullface": "north"}}}, {"from": [0.010916361569375161, 13, -0.48931388918487667], "to": [4, 15.989083638430625, 0], "faces": {"north": {"uv": [12, 0, 16, 3], "texture": "#all", "cullface": "north"}, "east": {"uv": [12, 0, 13, 3], "texture": "#all", "cullface": "north"}, "west": {"uv": [15, 0, 16, 3], "texture": "#all", "cullface": "north"}, "up": {"uv": [12, 0, 16, 1], "rotation": 180, "texture": "#all", "cullface": "north"}, "down": {"uv": [12, 2, 16, 3], "rotation": 180, "texture": "#all", "cullface": "north"}}}, {"from": [0.010899453536816357, 5, -0.48931388918487667], "to": [4, 8, 0], "faces": {"north": {"uv": [12, 8, 16, 11], "texture": "#all", "cullface": "north"}, "east": {"uv": [12, 8, 13, 11], "texture": "#all", "cullface": "north"}, "west": {"uv": [15, 8, 16, 11], "texture": "#all", "cullface": "north"}, "up": {"uv": [12, 8, 16, 9], "rotation": 180, "texture": "#all", "cullface": "north"}, "down": {"uv": [12, 10, 16, 11], "rotation": 180, "texture": "#all", "cullface": "north"}}}, {"from": [16, 1, 1], "to": [16.48979290202437, 4, 8], "faces": {"north": {"uv": [14, 12, 15, 15], "texture": "#all", "cullface": "east"}, "east": {"uv": [8, 12, 15, 15], "texture": "#all", "cullface": "east"}, "south": {"uv": [8, 12, 9, 15], "texture": "#all", "cullface": "east"}, "up": {"uv": [8, 12, 15, 13], "rotation": 270, "texture": "#all", "cullface": "east"}, "down": {"uv": [8, 14, 15, 15], "rotation": 90, "texture": "#all", "cullface": "east"}}}, {"from": [16, 1, 9], "to": [16.48979290202437, 4, 15.989252605089396], "faces": {"north": {"uv": [6, 12, 7, 15], "texture": "#all", "cullface": "east"}, "east": {"uv": [0, 12, 7, 15], "texture": "#all", "cullface": "east"}, "south": {"uv": [0, 12, 1, 15], "texture": "#all", "cullface": "east"}, "up": {"uv": [0, 12, 7, 13], "rotation": 270, "texture": "#all", "cullface": "east"}, "down": {"uv": [0, 14, 7, 15], "rotation": 90, "texture": "#all", "cullface": "east"}}}, {"from": [16, 9, 9], "to": [16.48979290202437, 12, 15.989990907873326], "faces": {"north": {"uv": [6, 4, 7, 7], "texture": "#all", "cullface": "east"}, "east": {"uv": [0, 4, 7, 7], "texture": "#all", "cullface": "east"}, "south": {"uv": [0, 4, 1, 7], "texture": "#all", "cullface": "east"}, "up": {"uv": [0, 4, 7, 5], "rotation": 270, "texture": "#all", "cullface": "east"}, "down": {"uv": [0, 6, 7, 7], "rotation": 90, "texture": "#all", "cullface": "east"}}}, {"from": [16, 9, 1], "to": [16.48979290202437, 12, 8], "faces": {"north": {"uv": [14, 4, 15, 7], "texture": "#all", "cullface": "east"}, "east": {"uv": [8, 4, 15, 7], "texture": "#all", "cullface": "east"}, "south": {"uv": [8, 4, 9, 7], "texture": "#all", "cullface": "east"}, "up": {"uv": [8, 4, 15, 5], "rotation": 270, "texture": "#all", "cullface": "east"}, "down": {"uv": [8, 6, 15, 7], "rotation": 90, "texture": "#all", "cullface": "east"}}}, {"from": [16, 13, 5], "to": [16.48979290202437, 15.989435130654602, 12], "faces": {"north": {"uv": [10, 0, 11, 3], "texture": "#all", "cullface": "east"}, "east": {"uv": [4, 0, 11, 3], "texture": "#all", "cullface": "east"}, "south": {"uv": [4, 0, 5, 3], "texture": "#all", "cullface": "east"}, "up": {"uv": [4, 0, 11, 1], "rotation": 270, "texture": "#all", "cullface": "east"}, "down": {"uv": [4, 2, 11, 3], "rotation": 90, "texture": "#all", "cullface": "east"}}}, {"from": [16, 5, 5], "to": [16.48979290202437, 8, 12], "faces": {"north": {"uv": [10, 8, 11, 11], "texture": "#all", "cullface": "east"}, "east": {"uv": [4, 8, 11, 11], "texture": "#all", "cullface": "east"}, "south": {"uv": [4, 8, 5, 11], "texture": "#all", "cullface": "east"}, "up": {"uv": [4, 8, 11, 9], "rotation": 270, "texture": "#all", "cullface": "east"}, "down": {"uv": [4, 10, 11, 11], "rotation": 90, "texture": "#all", "cullface": "east"}}}, {"from": [16, 5, 13], "to": [16.48979290202437, 8, 15.989636806925452], "faces": {"north": {"uv": [2, 8, 3, 11], "texture": "#all", "cullface": "east"}, "east": {"uv": [0, 8, 3, 11], "texture": "#all", "cullface": "east"}, "south": {"uv": [0, 8, 1, 11], "texture": "#all", "cullface": "east"}, "up": {"uv": [0, 8, 3, 9], "rotation": 270, "texture": "#all", "cullface": "east"}, "down": {"uv": [0, 10, 3, 11], "rotation": 90, "texture": "#all", "cullface": "east"}}}, {"from": [16, 13, 13], "to": [16.48979290202437, 15.989374286925097, 15.989374286925097], "faces": {"north": {"uv": [2, 0, 3, 3], "texture": "#all", "cullface": "east"}, "east": {"uv": [0, 0, 3, 3], "texture": "#all", "cullface": "east"}, "south": {"uv": [0, 0, 1, 3], "texture": "#all", "cullface": "east"}, "up": {"uv": [0, 0, 3, 1], "rotation": 270, "texture": "#all", "cullface": "east"}, "down": {"uv": [0, 2, 3, 3], "rotation": 90, "texture": "#all", "cullface": "east"}}}, {"from": [16, 13, 0.01032300243150338], "to": [16.48979290202437, 15.989676997568496, 4], "faces": {"north": {"uv": [15, 0, 16, 3], "texture": "#all", "cullface": "east"}, "east": {"uv": [12, 0, 16, 3], "texture": "#all", "cullface": "east"}, "south": {"uv": [12, 0, 13, 3], "texture": "#all", "cullface": "east"}, "up": {"uv": [12, 0, 16, 1], "rotation": 270, "texture": "#all", "cullface": "east"}, "down": {"uv": [12, 2, 16, 3], "rotation": 90, "texture": "#all", "cullface": "east"}}}, {"from": [16, 5, 0.010782785381404], "to": [16.48979290202437, 8, 4], "faces": {"north": {"uv": [15, 8, 16, 11], "texture": "#all", "cullface": "east"}, "east": {"uv": [12, 8, 16, 11], "texture": "#all", "cullface": "east"}, "south": {"uv": [12, 8, 13, 11], "texture": "#all", "cullface": "east"}, "up": {"uv": [12, 8, 16, 9], "rotation": 270, "texture": "#all", "cullface": "east"}, "down": {"uv": [12, 10, 16, 11], "rotation": 90, "texture": "#all", "cullface": "east"}}}, {"from": [8, 1, 16], "to": [15, 4, 16.489470727998643], "faces": {"east": {"uv": [14, 12, 15, 15], "texture": "#all", "cullface": "south"}, "south": {"uv": [8, 12, 15, 15], "texture": "#all", "cullface": "south"}, "west": {"uv": [8, 12, 9, 15], "texture": "#all", "cullface": "south"}, "up": {"uv": [8, 12, 15, 13], "texture": "#all", "cullface": "south"}, "down": {"uv": [8, 14, 15, 15], "texture": "#all", "cullface": "south"}}}, {"from": [0.010987471022978689, 1, 16], "to": [7, 4, 16.489470727998643], "faces": {"east": {"uv": [6, 12, 7, 15], "texture": "#all", "cullface": "south"}, "south": {"uv": [0, 12, 7, 15], "texture": "#all", "cullface": "south"}, "west": {"uv": [0, 12, 1, 15], "texture": "#all", "cullface": "south"}, "up": {"uv": [0, 12, 7, 13], "texture": "#all", "cullface": "south"}, "down": {"uv": [0, 14, 7, 15], "texture": "#all", "cullface": "south"}}}, {"from": [0.010001012793096453, 9, 16], "to": [7, 12, 16.489470727998643], "faces": {"east": {"uv": [6, 4, 7, 7], "texture": "#all", "cullface": "south"}, "south": {"uv": [0, 4, 7, 7], "texture": "#all", "cullface": "south"}, "west": {"uv": [0, 4, 1, 7], "texture": "#all", "cullface": "south"}, "up": {"uv": [0, 4, 7, 5], "texture": "#all", "cullface": "south"}, "down": {"uv": [0, 6, 7, 7], "texture": "#all", "cullface": "south"}}}, {"from": [8, 9, 16], "to": [15, 12, 16.489470727998643], "faces": {"east": {"uv": [14, 4, 15, 7], "texture": "#all", "cullface": "south"}, "south": {"uv": [8, 4, 15, 7], "texture": "#all", "cullface": "south"}, "west": {"uv": [8, 4, 9, 7], "texture": "#all", "cullface": "south"}, "up": {"uv": [8, 4, 15, 5], "texture": "#all", "cullface": "south"}, "down": {"uv": [8, 6, 15, 7], "texture": "#all", "cullface": "south"}}}, {"from": [4, 13, 16], "to": [11, 15.98995639861791, 16.489470727998643], "faces": {"east": {"uv": [10, 0, 11, 3], "texture": "#all", "cullface": "south"}, "south": {"uv": [4, 0, 11, 3], "texture": "#all", "cullface": "south"}, "west": {"uv": [4, 0, 5, 3], "texture": "#all", "cullface": "south"}, "up": {"uv": [4, 0, 11, 1], "texture": "#all", "cullface": "south"}, "down": {"uv": [4, 2, 11, 3], "texture": "#all", "cullface": "south"}}}, {"from": [4, 5, 16], "to": [11, 8, 16.489470727998643], "faces": {"east": {"uv": [10, 8, 11, 11], "texture": "#all", "cullface": "south"}, "south": {"uv": [4, 8, 11, 11], "texture": "#all", "cullface": "south"}, "west": {"uv": [4, 8, 5, 11], "texture": "#all", "cullface": "south"}, "up": {"uv": [4, 8, 11, 9], "texture": "#all", "cullface": "south"}, "down": {"uv": [4, 10, 11, 11], "texture": "#all", "cullface": "south"}}}, {"from": [0.01092938529706983, 5, 16], "to": [3, 8, 16.489470727998643], "faces": {"east": {"uv": [2, 8, 3, 11], "texture": "#all", "cullface": "south"}, "south": {"uv": [0, 8, 3, 11], "texture": "#all", "cullface": "south"}, "west": {"uv": [0, 8, 1, 11], "texture": "#all", "cullface": "south"}, "up": {"uv": [0, 8, 3, 9], "texture": "#all", "cullface": "south"}, "down": {"uv": [0, 10, 3, 11], "texture": "#all", "cullface": "south"}}}, {"from": [0.010948608299505894, 13, 16], "to": [3, 15.989051391700494, 16.489470727998643], "faces": {"east": {"uv": [2, 0, 3, 3], "texture": "#all", "cullface": "south"}, "south": {"uv": [0, 0, 3, 3], "texture": "#all", "cullface": "south"}, "west": {"uv": [0, 0, 1, 3], "texture": "#all", "cullface": "south"}, "up": {"uv": [0, 0, 3, 1], "texture": "#all", "cullface": "south"}, "down": {"uv": [0, 2, 3, 3], "texture": "#all", "cullface": "south"}}}, {"from": [12, 13, 16], "to": [15.989519587465303, 15.989519587465303, 16.489470727998643], "faces": {"east": {"uv": [15, 0, 16, 3], "texture": "#all", "cullface": "south"}, "south": {"uv": [12, 0, 16, 3], "texture": "#all", "cullface": "south"}, "west": {"uv": [12, 0, 13, 3], "texture": "#all", "cullface": "south"}, "up": {"uv": [12, 0, 16, 1], "texture": "#all", "cullface": "south"}, "down": {"uv": [12, 2, 16, 3], "texture": "#all", "cullface": "south"}}}, {"from": [12, 5, 16], "to": [15.989053310605405, 8, 16.489470727998643], "faces": {"east": {"uv": [15, 8, 16, 11], "texture": "#all", "cullface": "south"}, "south": {"uv": [12, 8, 16, 11], "texture": "#all", "cullface": "south"}, "west": {"uv": [12, 8, 13, 11], "texture": "#all", "cullface": "south"}, "up": {"uv": [12, 8, 16, 9], "texture": "#all", "cullface": "south"}, "down": {"uv": [12, 10, 16, 11], "texture": "#all", "cullface": "south"}}}, {"from": [-0.48965971962074883, 1, 8], "to": [0, 4, 15], "faces": {"north": {"uv": [8, 12, 9, 15], "texture": "#all", "cullface": "west"}, "south": {"uv": [14, 12, 15, 15], "texture": "#all", "cullface": "west"}, "west": {"uv": [8, 12, 15, 15], "texture": "#all", "cullface": "west"}, "up": {"uv": [8, 12, 15, 13], "rotation": 90, "texture": "#all", "cullface": "west"}, "down": {"uv": [8, 14, 15, 15], "rotation": 270, "texture": "#all", "cullface": "west"}}}, {"from": [-0.48965971962074883, 1, 0.01077861773414611], "to": [0, 4, 7], "faces": {"north": {"uv": [0, 12, 1, 15], "texture": "#all", "cullface": "west"}, "south": {"uv": [6, 12, 7, 15], "texture": "#all", "cullface": "west"}, "west": {"uv": [0, 12, 7, 15], "texture": "#all", "cullface": "west"}, "up": {"uv": [0, 12, 7, 13], "rotation": 90, "texture": "#all", "cullface": "west"}, "down": {"uv": [0, 14, 7, 15], "rotation": 270, "texture": "#all", "cullface": "west"}}}, {"from": [-0.48965971962074883, 9, 0.010747281950803196], "to": [0, 12, 7], "faces": {"north": {"uv": [0, 4, 1, 7], "texture": "#all", "cullface": "west"}, "south": {"uv": [6, 4, 7, 7], "texture": "#all", "cullface": "west"}, "west": {"uv": [0, 4, 7, 7], "texture": "#all", "cullface": "west"}, "up": {"uv": [0, 4, 7, 5], "rotation": 90, "texture": "#all", "cullface": "west"}, "down": {"uv": [0, 6, 7, 7], "rotation": 270, "texture": "#all", "cullface": "west"}}}, {"from": [-0.48965971962074883, 9, 8], "to": [0, 12, 15], "faces": {"north": {"uv": [8, 4, 9, 7], "texture": "#all", "cullface": "west"}, "south": {"uv": [14, 4, 15, 7], "texture": "#all", "cullface": "west"}, "west": {"uv": [8, 4, 15, 7], "texture": "#all", "cullface": "west"}, "up": {"uv": [8, 4, 15, 5], "rotation": 90, "texture": "#all", "cullface": "west"}, "down": {"uv": [8, 6, 15, 7], "rotation": 270, "texture": "#all", "cullface": "west"}}}, {"from": [-0.48965971962074883, 13, 4], "to": [0, 15.989451122738897, 11], "faces": {"north": {"uv": [4, 0, 5, 3], "texture": "#all", "cullface": "west"}, "south": {"uv": [10, 0, 11, 3], "texture": "#all", "cullface": "west"}, "west": {"uv": [4, 0, 11, 3], "texture": "#all", "cullface": "west"}, "up": {"uv": [4, 0, 11, 1], "rotation": 90, "texture": "#all", "cullface": "west"}, "down": {"uv": [4, 2, 11, 3], "rotation": 270, "texture": "#all", "cullface": "west"}}}, {"from": [-0.48965971962074883, 5, 4], "to": [0, 8, 11], "faces": {"north": {"uv": [4, 8, 5, 11], "texture": "#all", "cullface": "west"}, "south": {"uv": [10, 8, 11, 11], "texture": "#all", "cullface": "west"}, "west": {"uv": [4, 8, 11, 11], "texture": "#all", "cullface": "west"}, "up": {"uv": [4, 8, 11, 9], "rotation": 90, "texture": "#all", "cullface": "west"}, "down": {"uv": [4, 10, 11, 11], "rotation": 270, "texture": "#all", "cullface": "west"}}}, {"from": [-0.48965971962074883, 5, 0.010949788047597888], "to": [0, 8, 3], "faces": {"north": {"uv": [0, 8, 1, 11], "texture": "#all", "cullface": "west"}, "south": {"uv": [2, 8, 3, 11], "texture": "#all", "cullface": "west"}, "west": {"uv": [0, 8, 3, 11], "texture": "#all", "cullface": "west"}, "up": {"uv": [0, 8, 3, 9], "rotation": 90, "texture": "#all", "cullface": "west"}, "down": {"uv": [0, 10, 3, 11], "rotation": 270, "texture": "#all", "cullface": "west"}}}, {"from": [-0.48965971962074883, 13, 0.010173833538066817], "to": [0, 15.989826166461933, 3], "faces": {"north": {"uv": [0, 0, 1, 3], "texture": "#all", "cullface": "west"}, "south": {"uv": [2, 0, 3, 3], "texture": "#all", "cullface": "west"}, "west": {"uv": [0, 0, 3, 3], "texture": "#all", "cullface": "west"}, "up": {"uv": [0, 0, 3, 1], "rotation": 90, "texture": "#all", "cullface": "west"}, "down": {"uv": [0, 2, 3, 3], "rotation": 270, "texture": "#all", "cullface": "west"}}}, {"from": [-0.48965971962074883, 13, 12], "to": [0, 15.98983014115644, 15.98983014115644], "faces": {"north": {"uv": [12, 0, 13, 3], "texture": "#all", "cullface": "west"}, "south": {"uv": [15, 0, 16, 3], "texture": "#all", "cullface": "west"}, "west": {"uv": [12, 0, 16, 3], "texture": "#all", "cullface": "west"}, "up": {"uv": [12, 0, 16, 1], "rotation": 90, "texture": "#all", "cullface": "west"}, "down": {"uv": [12, 2, 16, 3], "rotation": 270, "texture": "#all", "cullface": "west"}}}, {"from": [-0.48965971962074883, 5, 12], "to": [0, 8, 15.989341138246361], "faces": {"north": {"uv": [12, 8, 13, 11], "texture": "#all", "cullface": "west"}, "south": {"uv": [15, 8, 16, 11], "texture": "#all", "cullface": "west"}, "west": {"uv": [12, 8, 16, 11], "texture": "#all", "cullface": "west"}, "up": {"uv": [12, 8, 16, 9], "rotation": 90, "texture": "#all", "cullface": "west"}, "down": {"uv": [12, 10, 16, 11], "rotation": 270, "texture": "#all", "cullface": "west"}}}, {"from": [8, 16, 12], "to": [15, 16.489021545448644, 15], "faces": {"north": {"uv": [8, 12, 15, 13], "rotation": 180, "texture": "#all", "cullface": "up"}, "east": {"uv": [14, 12, 15, 15], "rotation": 90, "texture": "#all", "cullface": "up"}, "south": {"uv": [8, 14, 15, 15], "texture": "#all", "cullface": "up"}, "west": {"uv": [8, 12, 9, 15], "rotation": 270, "texture": "#all", "cullface": "up"}, "up": {"uv": [8, 12, 15, 15], "texture": "#all", "cullface": "up"}}}, {"from": [0.010110053672951862, 16, 12], "to": [7, 16.489021545448644, 15], "faces": {"north": {"uv": [0, 12, 7, 13], "rotation": 180, "texture": "#all", "cullface": "up"}, "east": {"uv": [6, 12, 7, 15], "rotation": 90, "texture": "#all", "cullface": "up"}, "south": {"uv": [0, 14, 7, 15], "texture": "#all", "cullface": "up"}, "west": {"uv": [0, 12, 1, 15], "rotation": 270, "texture": "#all", "cullface": "up"}, "up": {"uv": [0, 12, 7, 15], "texture": "#all", "cullface": "up"}}}, {"from": [0.010503923197330007, 16, 4], "to": [7, 16.489021545448644, 7], "faces": {"north": {"uv": [0, 4, 7, 5], "rotation": 180, "texture": "#all", "cullface": "up"}, "east": {"uv": [6, 4, 7, 7], "rotation": 90, "texture": "#all", "cullface": "up"}, "south": {"uv": [0, 6, 7, 7], "texture": "#all", "cullface": "up"}, "west": {"uv": [0, 4, 1, 7], "rotation": 270, "texture": "#all", "cullface": "up"}, "up": {"uv": [0, 4, 7, 7], "texture": "#all", "cullface": "up"}}}, {"from": [8, 16, 4], "to": [15, 16.489021545448644, 7], "faces": {"north": {"uv": [8, 4, 15, 5], "rotation": 180, "texture": "#all", "cullface": "up"}, "east": {"uv": [14, 4, 15, 7], "rotation": 90, "texture": "#all", "cullface": "up"}, "south": {"uv": [8, 6, 15, 7], "texture": "#all", "cullface": "up"}, "west": {"uv": [8, 4, 9, 7], "rotation": 270, "texture": "#all", "cullface": "up"}, "up": {"uv": [8, 4, 15, 7], "texture": "#all", "cullface": "up"}}}, {"from": [4, 16, 0.010605045671647034], "to": [11, 16.489021545448644, 3], "faces": {"north": {"uv": [4, 0, 11, 1], "rotation": 180, "texture": "#all", "cullface": "up"}, "east": {"uv": [10, 0, 11, 3], "rotation": 90, "texture": "#all", "cullface": "up"}, "south": {"uv": [4, 2, 11, 3], "texture": "#all", "cullface": "up"}, "west": {"uv": [4, 0, 5, 3], "rotation": 270, "texture": "#all", "cullface": "up"}, "up": {"uv": [4, 0, 11, 3], "texture": "#all", "cullface": "up"}}}, {"from": [4, 16, 8], "to": [11, 16.489021545448644, 11], "faces": {"north": {"uv": [4, 8, 11, 9], "rotation": 180, "texture": "#all", "cullface": "up"}, "east": {"uv": [10, 8, 11, 11], "rotation": 90, "texture": "#all", "cullface": "up"}, "south": {"uv": [4, 10, 11, 11], "texture": "#all", "cullface": "up"}, "west": {"uv": [4, 8, 5, 11], "rotation": 270, "texture": "#all", "cullface": "up"}, "up": {"uv": [4, 8, 11, 11], "texture": "#all", "cullface": "up"}}}, {"from": [0.010265758531625552, 16, 8], "to": [3, 16.489021545448644, 11], "faces": {"north": {"uv": [0, 8, 3, 9], "rotation": 180, "texture": "#all", "cullface": "up"}, "east": {"uv": [2, 8, 3, 11], "rotation": 90, "texture": "#all", "cullface": "up"}, "south": {"uv": [0, 10, 3, 11], "texture": "#all", "cullface": "up"}, "west": {"uv": [0, 8, 1, 11], "rotation": 270, "texture": "#all", "cullface": "up"}, "up": {"uv": [0, 8, 3, 11], "texture": "#all", "cullface": "up"}}}, {"from": [0.010284962833029293, 16, 0.010284962833029293], "to": [3, 16.489021545448644, 3], "faces": {"north": {"uv": [0, 0, 3, 1], "rotation": 180, "texture": "#all", "cullface": "up"}, "east": {"uv": [2, 0, 3, 3], "rotation": 90, "texture": "#all", "cullface": "up"}, "south": {"uv": [0, 2, 3, 3], "texture": "#all", "cullface": "up"}, "west": {"uv": [0, 0, 1, 3], "rotation": 270, "texture": "#all", "cullface": "up"}, "up": {"uv": [0, 0, 3, 3], "texture": "#all", "cullface": "up"}}}, {"from": [12, 16, 0.010428703641731525], "to": [15.98957129635827, 16.489021545448644, 3], "faces": {"north": {"uv": [12, 0, 16, 1], "rotation": 180, "texture": "#all", "cullface": "up"}, "east": {"uv": [15, 0, 16, 3], "rotation": 90, "texture": "#all", "cullface": "up"}, "south": {"uv": [12, 2, 16, 3], "texture": "#all", "cullface": "up"}, "west": {"uv": [12, 0, 13, 3], "rotation": 270, "texture": "#all", "cullface": "up"}, "up": {"uv": [12, 0, 16, 3], "texture": "#all", "cullface": "up"}}}, {"from": [12, 16, 8], "to": [15.989009152115734, 16.489021545448644, 11], "faces": {"north": {"uv": [12, 8, 16, 9], "rotation": 180, "texture": "#all", "cullface": "up"}, "east": {"uv": [15, 8, 16, 11], "rotation": 90, "texture": "#all", "cullface": "up"}, "south": {"uv": [12, 10, 16, 11], "texture": "#all", "cullface": "up"}, "west": {"uv": [12, 8, 13, 11], "rotation": 270, "texture": "#all", "cullface": "up"}, "up": {"uv": [12, 8, 16, 11], "texture": "#all", "cullface": "up"}}}, {"from": [8, -0.4890281334426207, 1], "to": [15, 0, 4], "faces": {"north": {"uv": [8, 14, 15, 15], "rotation": 180, "texture": "#all", "cullface": "down"}, "east": {"uv": [14, 12, 15, 15], "rotation": 270, "texture": "#all", "cullface": "down"}, "south": {"uv": [8, 12, 15, 13], "texture": "#all", "cullface": "down"}, "west": {"uv": [8, 12, 9, 15], "rotation": 90, "texture": "#all", "cullface": "down"}, "down": {"uv": [8, 12, 15, 15], "texture": "#all", "cullface": "down"}}}, {"from": [0.010946253957287898, -0.4890281334426207, 1], "to": [7, 0, 4], "faces": {"north": {"uv": [0, 14, 7, 15], "rotation": 180, "texture": "#all", "cullface": "down"}, "east": {"uv": [6, 12, 7, 15], "rotation": 270, "texture": "#all", "cullface": "down"}, "south": {"uv": [0, 12, 7, 13], "texture": "#all", "cullface": "down"}, "west": {"uv": [0, 12, 1, 15], "rotation": 90, "texture": "#all", "cullface": "down"}, "down": {"uv": [0, 12, 7, 15], "texture": "#all", "cullface": "down"}}}, {"from": [0.010537870455736408, -0.4890281334426207, 9], "to": [7, 0, 12], "faces": {"north": {"uv": [0, 6, 7, 7], "rotation": 180, "texture": "#all", "cullface": "down"}, "east": {"uv": [6, 4, 7, 7], "rotation": 270, "texture": "#all", "cullface": "down"}, "south": {"uv": [0, 4, 7, 5], "texture": "#all", "cullface": "down"}, "west": {"uv": [0, 4, 1, 7], "rotation": 90, "texture": "#all", "cullface": "down"}, "down": {"uv": [0, 4, 7, 7], "texture": "#all", "cullface": "down"}}}, {"from": [8, -0.4890281334426207, 9], "to": [15, 0, 12], "faces": {"north": {"uv": [8, 6, 15, 7], "rotation": 180, "texture": "#all", "cullface": "down"}, "east": {"uv": [14, 4, 15, 7], "rotation": 270, "texture": "#all", "cullface": "down"}, "south": {"uv": [8, 4, 15, 5], "texture": "#all", "cullface": "down"}, "west": {"uv": [8, 4, 9, 7], "rotation": 90, "texture": "#all", "cullface": "down"}, "down": {"uv": [8, 4, 15, 7], "texture": "#all", "cullface": "down"}}}, {"from": [4, -0.4890281334426207, 13], "to": [11, 0, 15.989009909664524], "faces": {"north": {"uv": [4, 2, 11, 3], "rotation": 180, "texture": "#all", "cullface": "down"}, "east": {"uv": [10, 0, 11, 3], "rotation": 270, "texture": "#all", "cullface": "down"}, "south": {"uv": [4, 0, 11, 1], "texture": "#all", "cullface": "down"}, "west": {"uv": [4, 0, 5, 3], "rotation": 90, "texture": "#all", "cullface": "down"}, "down": {"uv": [4, 0, 11, 3], "texture": "#all", "cullface": "down"}}}, {"from": [4, -0.4890281334426207, 5], "to": [11, 0, 8], "faces": {"north": {"uv": [4, 10, 11, 11], "rotation": 180, "texture": "#all", "cullface": "down"}, "east": {"uv": [10, 8, 11, 11], "rotation": 270, "texture": "#all", "cullface": "down"}, "south": {"uv": [4, 8, 11, 9], "texture": "#all", "cullface": "down"}, "west": {"uv": [4, 8, 5, 11], "rotation": 90, "texture": "#all", "cullface": "down"}, "down": {"uv": [4, 8, 11, 11], "texture": "#all", "cullface": "down"}}}, {"from": [0.010782590437171582, -0.4890281334426207, 5], "to": [3, 0, 8], "faces": {"north": {"uv": [0, 10, 3, 11], "rotation": 180, "texture": "#all", "cullface": "down"}, "east": {"uv": [2, 8, 3, 11], "rotation": 270, "texture": "#all", "cullface": "down"}, "south": {"uv": [0, 8, 3, 9], "texture": "#all", "cullface": "down"}, "west": {"uv": [0, 8, 1, 11], "rotation": 90, "texture": "#all", "cullface": "down"}, "down": {"uv": [0, 8, 3, 11], "texture": "#all", "cullface": "down"}}}, {"from": [0.010791513824028575, -0.4890281334426207, 13], "to": [3, 0, 15.989208486175972], "faces": {"north": {"uv": [0, 2, 3, 3], "rotation": 180, "texture": "#all", "cullface": "down"}, "east": {"uv": [2, 0, 3, 3], "rotation": 270, "texture": "#all", "cullface": "down"}, "south": {"uv": [0, 0, 3, 1], "texture": "#all", "cullface": "down"}, "west": {"uv": [0, 0, 1, 3], "rotation": 90, "texture": "#all", "cullface": "down"}, "down": {"uv": [0, 0, 3, 3], "texture": "#all", "cullface": "down"}}}, {"from": [12, -0.4890281334426207, 13], "to": [15.989155258372381, 0, 15.989155258372381], "faces": {"north": {"uv": [12, 2, 16, 3], "rotation": 180, "texture": "#all", "cullface": "down"}, "east": {"uv": [15, 0, 16, 3], "rotation": 270, "texture": "#all", "cullface": "down"}, "south": {"uv": [12, 0, 16, 1], "texture": "#all", "cullface": "down"}, "west": {"uv": [12, 0, 13, 3], "rotation": 90, "texture": "#all", "cullface": "down"}, "down": {"uv": [12, 0, 16, 3], "texture": "#all", "cullface": "down"}}}, {"from": [12, -0.4890281334426207, 5], "to": [15.989249947290784, 0, 8], "faces": {"north": {"uv": [12, 10, 16, 11], "rotation": 180, "texture": "#all", "cullface": "down"}, "east": {"uv": [15, 8, 16, 11], "rotation": 270, "texture": "#all", "cullface": "down"}, "south": {"uv": [12, 8, 16, 9], "texture": "#all", "cullface": "down"}, "west": {"uv": [12, 8, 13, 11], "rotation": 90, "texture": "#all", "cullface": "down"}, "down": {"uv": [12, 8, 16, 11], "texture": "#all", "cullface": "down"}}}], "groups": [0, {"name": "north", "origin": [8, 8, 8], "color": 0, "children": [1, 2, 3, 4, 5, 6, 7, 8, 9, 10]}, {"name": "east", "origin": [8, 8, 8], "color": 0, "children": [11, 12, 13, 14, 15, 16, 17, 18, 19, 20]}, {"name": "south", "origin": [8, 8, 8], "color": 0, "children": [21, 22, 23, 24, 25, 26, 27, 28, 29, 30]}, {"name": "west", "origin": [8, 8, 8], "color": 0, "children": [31, 32, 33, 34, 35, 36, 37, 38, 39, 40]}, {"name": "up", "origin": [8, 8, 8], "color": 0, "children": [41, 42, 43, 44, 45, 46, 47, 48, 49, 50]}, {"name": "down", "origin": [8, 8, 8], "color": 0, "children": [51, 52, 53, 54, 55, 56, 57, 58, 59, 60]}]}