{"ambientocclusion": false, "textures": {"1": "3d/brown_mushroom/brown_mushroom_bottom", "particle": "3d/brown_mushroom/brown_mushroom_top", "top": "3d/brown_mushroom/brown_mushroom_top"}, "elements": [{"name": "Cube", "from": [7, 0, 7], "to": [9, 4, 9], "faces": {"north": {"uv": [0, 12, 2, 16], "texture": "#top"}, "east": {"uv": [0, 12, 2, 16], "texture": "#top"}, "south": {"uv": [0, 12, 2, 16], "texture": "#top"}, "west": {"uv": [0, 12, 2, 16], "texture": "#top"}, "down": {"uv": [7, 6, 9, 8], "texture": "#1", "cullface": "down"}}}, {"name": "Cube", "from": [5, 4, 5], "to": [11, 5, 11], "faces": {"north": {"uv": [5, 10, 11, 11], "texture": "#top"}, "east": {"uv": [5, 10, 11, 11], "texture": "#top"}, "south": {"uv": [5, 3, 11, 4], "texture": "#top"}, "west": {"uv": [5, 10, 11, 11], "texture": "#top"}, "up": {"uv": [5, 4, 11, 10], "texture": "#top"}, "down": {"uv": [5, 4, 11, 10], "texture": "#1"}}}, {"name": "Cube", "from": [6, 5, 6], "to": [10, 6, 10], "faces": {"north": {"uv": [6, 2, 10, 3], "texture": "#top"}, "east": {"uv": [6, 2, 10, 3], "texture": "#top"}, "south": {"uv": [6, 2, 10, 3], "texture": "#top"}, "west": {"uv": [6, 2, 10, 3], "texture": "#top"}, "up": {"uv": [6, 5, 10, 9], "texture": "#top"}}}], "display": {"thirdperson_righthand": {"translation": [0, 7.5, 1.75]}, "thirdperson_lefthand": {"translation": [0, 7, 2.75]}, "firstperson_righthand": {"rotation": [0, -90, 25], "translation": [1.13, 5.7, 1.13], "scale": [0.68, 0.68, 0.68]}, "firstperson_lefthand": {"rotation": [0, -90, 25], "translation": [1.13, 5.7, 1.13], "scale": [0.68, 0.68, 0.68]}, "ground": {"translation": [0, 2, 0], "scale": [0.5, 0.5, 0.5]}, "gui": {"rotation": [30, 45, 0], "translation": [0, 4.75, 0]}, "head": {"rotation": [0, 180, 0]}, "fixed": {"rotation": [0, 180, 0], "translation": [0, 6.75, 0]}}}