{"parent": "block/cross", "ambientocclusion": false, "textures": {"0": "3d/crimson_fungus/crimson_fungus_side", "1": "3d/crimson_fungus/crimson_fungus_top", "2": "3d/crimson_fungus/crimson_fungus_bottom", "particle": "3d/crimson_fungus/crimson_fungus_side"}, "elements": [{"name": "Cube", "from": [7, 0, 7], "to": [9, 5, 9], "faces": {"north": {"uv": [7, 11, 9, 16], "texture": "#0"}, "east": {"uv": [7, 11, 9, 16], "texture": "#0"}, "south": {"uv": [7, 11, 9, 16], "texture": "#0"}, "west": {"uv": [7, 11, 9, 16], "texture": "#0"}, "down": {"uv": [7, 11, 9, 13], "texture": "#0", "cullface": "down"}}}, {"name": "Cube", "from": [4, 5, 4], "to": [12, 6, 12], "rotation": {"angle": 0, "axis": "y", "origin": [8, 10, 8]}, "faces": {"north": {"uv": [4, 10, 12, 11], "texture": "#0"}, "east": {"uv": [4, 10, 12, 11], "texture": "#0"}, "south": {"uv": [4, 10, 12, 11], "texture": "#0"}, "west": {"uv": [4, 10, 12, 11], "texture": "#0"}, "down": {"uv": [1, 7, 9, 15], "texture": "#2"}}}, {"name": "Cube", "from": [3, 6, 3], "to": [13, 8, 13], "rotation": {"angle": 0, "axis": "y", "origin": [8, 10, 8]}, "faces": {"north": {"uv": [3, 8, 13, 10], "texture": "#0"}, "east": {"uv": [3, 8, 13, 10], "texture": "#0"}, "south": {"uv": [3, 8, 13, 10], "texture": "#0"}, "west": {"uv": [3, 8, 13, 10], "texture": "#0"}, "up": {"uv": [0, 6, 10, 16], "texture": "#1"}, "down": {"uv": [0, 6, 10, 16], "texture": "#2"}}}, {"name": "Cube", "from": [5, 8, 5], "to": [11, 11, 11], "rotation": {"angle": 0, "axis": "y", "origin": [8, 10, 8]}, "faces": {"north": {"uv": [5, 5, 11, 8], "texture": "#0"}, "east": {"uv": [5, 5, 11, 8], "texture": "#0"}, "south": {"uv": [5, 5, 11, 8], "texture": "#0"}, "west": {"uv": [5, 5, 11, 8], "texture": "#0"}, "up": {"uv": [2, 8, 8, 14], "texture": "#1"}}}, {"name": "Cube", "from": [6, 11, 6], "to": [10, 12, 10], "rotation": {"angle": 0, "axis": "y", "origin": [8, 10, 8]}, "faces": {"north": {"uv": [6, 4, 10, 5], "texture": "#0"}, "east": {"uv": [6, 4, 10, 5], "texture": "#0"}, "south": {"uv": [6, 4, 10, 5], "texture": "#0"}, "west": {"uv": [6, 4, 10, 5], "texture": "#0"}, "up": {"uv": [3, 9, 7, 13], "texture": "#1"}}}], "display": {"thirdperson_righthand": {"translation": [0, 7.5, 1.75]}, "thirdperson_lefthand": {"translation": [0, 7, 2.75]}, "firstperson_righthand": {"rotation": [0, -90, 25], "translation": [1.13, 5.7, 1.13], "scale": [0.68, 0.68, 0.68]}, "firstperson_lefthand": {"rotation": [0, -90, 25], "translation": [1.13, 5.7, 1.13], "scale": [0.68, 0.68, 0.68]}, "ground": {"translation": [0, 2, 0], "scale": [0.5, 0.5, 0.5]}, "gui": {"rotation": [30, 45, 0], "translation": [0, 1.75, 0]}, "head": {"rotation": [0, 180, 0]}, "fixed": {"rotation": [0, 180, 0], "translation": [0, 3.25, 0]}}}