{"parent": "block/template_orientable_trapdoor_bottom", "textures": {"particle": "block/crimson_trapdoor", "1_texture": "block/crimson_trapdoor"}, "elements": [{"from": [3, 0, 0], "to": [13, 3, 3], "faces": {"north": {"uv": [3, 16, 13, 13], "texture": "#1_texture", "cullface": "north"}, "south": {"uv": [3, 16, 13, 13], "texture": "#1_texture"}, "up": {"uv": [3, 0, 13, 3], "texture": "#1_texture"}, "down": {"uv": [3, 13, 13, 16], "texture": "#1_texture", "cullface": "down"}}}, {"from": [3, 0, 4], "to": [13, 3, 7], "faces": {"north": {"uv": [3, 13, 13, 16], "texture": "#1_texture"}, "south": {"uv": [3, 13, 13, 16], "texture": "#1_texture"}, "up": {"uv": [3, 4, 13, 7], "texture": "#1_texture"}, "down": {"uv": [3, 9, 13, 12], "texture": "#1_texture", "cullface": "down"}}}, {"from": [3, 0, 9], "to": [13, 3, 12], "faces": {"north": {"uv": [3, 13, 13, 16], "texture": "#1_texture"}, "south": {"uv": [3, 13, 13, 16], "texture": "#1_texture"}, "up": {"uv": [3, 9, 13, 12], "texture": "#1_texture"}, "down": {"uv": [3, 4, 13, 7], "texture": "#1_texture", "cullface": "down"}}}, {"from": [3, 0, 13], "to": [13, 3, 16], "faces": {"north": {"uv": [3, 16, 13, 13], "texture": "#1_texture"}, "south": {"uv": [3, 16, 13, 13], "texture": "#1_texture", "cullface": "south"}, "up": {"uv": [3, 13, 13, 16], "texture": "#1_texture"}, "down": {"uv": [3, 0, 13, 3], "texture": "#1_texture", "cullface": "down"}}}, {"from": [0, 0, 0], "to": [3, 3, 16], "faces": {"north": {"uv": [13, 16, 16, 13], "texture": "#1_texture", "cullface": "north"}, "east": {"uv": [0, 16, 16, 13], "texture": "#1_texture"}, "south": {"uv": [0, 16, 3, 13], "texture": "#1_texture", "cullface": "south"}, "west": {"uv": [0, 16, 16, 13], "texture": "#1_texture", "cullface": "west"}, "up": {"uv": [0, 0, 3, 16], "texture": "#1_texture"}, "down": {"uv": [0, 0, 3, 16], "texture": "#1_texture", "cullface": "down"}}}, {"from": [13, 0, 0], "to": [16, 3, 16], "faces": {"north": {"uv": [0, 16, 3, 13], "texture": "#1_texture", "cullface": "north"}, "east": {"uv": [0, 16, 16, 13], "texture": "#1_texture", "cullface": "east"}, "south": {"uv": [13, 16, 16, 13], "texture": "#1_texture", "cullface": "south"}, "west": {"uv": [0, 16, 16, 13], "texture": "#1_texture"}, "up": {"uv": [13, 0, 16, 16], "texture": "#1_texture"}, "down": {"uv": [13, 0, 16, 16], "texture": "#1_texture", "cullface": "down"}}}]}