{"parent": "block/cross", "ambientocclusion": false, "textures": {"particle": "3d/flowers/dandelion", "cross": "3d/flowers/dandelion"}, "elements": [{"from": [-0.45, 0, 8], "to": [15.55, 4, 8], "shade": false, "rotation": {"angle": 45, "axis": "y", "origin": [8, 8, 8]}, "faces": {"north": {"uv": [0, 12, 16, 16], "texture": "#cross"}, "south": {"uv": [16, 12, 0, 16], "texture": "#cross"}}}, {"from": [8, 0, -0.45], "to": [8, 4, 15.55], "shade": false, "rotation": {"angle": 45, "axis": "y", "origin": [8, 8, 8]}, "faces": {"east": {"uv": [0, 12, 16, 16], "texture": "#cross"}, "west": {"uv": [16, 12, 0, 16], "texture": "#cross"}}}, {"name": "stem", "from": [7.5, 0, 7.5], "to": [8.5, 5, 8.5], "rotation": {"angle": 0, "axis": "y", "origin": [8, 8, 8]}, "faces": {"north": {"uv": [7, 11, 8, 16], "texture": "#cross"}, "east": {"uv": [7, 11, 8, 16], "texture": "#cross"}, "south": {"uv": [7, 11, 8, 16], "texture": "#cross"}, "west": {"uv": [7, 11, 8, 16], "texture": "#cross"}, "down": {"uv": [7, 15, 8, 16], "texture": "#cross", "cullface": "down"}}}, {"from": [6, 6, 7], "to": [10, 7, 9], "rotation": {"angle": 0, "axis": "y", "origin": [8, 8, 8]}, "faces": {"north": {"uv": [6, 8, 10, 9], "texture": "#cross"}, "east": {"uv": [7, 8, 9, 9], "texture": "#cross"}, "south": {"uv": [6, 8, 10, 9], "texture": "#cross"}, "west": {"uv": [7, 8, 9, 9], "texture": "#cross"}, "up": {"uv": [1, 2, 5, 4], "texture": "#cross"}}}, {"from": [7, 6, 6], "to": [9, 7, 10], "rotation": {"angle": 0, "axis": "y", "origin": [8, 8, 8]}, "faces": {"north": {"uv": [7, 8, 9, 9], "texture": "#cross"}, "east": {"uv": [6, 8, 10, 9], "texture": "#cross"}, "south": {"uv": [7, 8, 9, 9], "texture": "#cross"}, "west": {"uv": [6, 8, 10, 9], "texture": "#cross"}, "up": {"uv": [2, 1, 4, 5], "texture": "#cross"}}}, {"from": [7, 5, 5], "to": [9, 6, 11], "rotation": {"angle": 0, "axis": "y", "origin": [8, 8, 8]}, "faces": {"north": {"uv": [7, 9, 9, 10], "texture": "#cross"}, "east": {"uv": [5, 9, 11, 10], "texture": "#cross"}, "south": {"uv": [7, 9, 9, 10], "texture": "#cross"}, "west": {"uv": [5, 9, 11, 10], "texture": "#cross"}, "up": {"uv": [2, 0, 4, 6], "texture": "#cross"}, "down": {"uv": [2, 0, 4, 6], "texture": "#cross"}}}, {"from": [5, 5, 7], "to": [11, 6, 9], "rotation": {"angle": 0, "axis": "y", "origin": [8, 8, 8]}, "faces": {"north": {"uv": [5, 9, 11, 10], "texture": "#cross"}, "east": {"uv": [7, 9, 9, 10], "texture": "#cross"}, "south": {"uv": [5, 9, 11, 10], "texture": "#cross"}, "west": {"uv": [7, 9, 9, 10], "texture": "#cross"}, "up": {"uv": [0, 2, 6, 4], "texture": "#cross"}, "down": {"uv": [0, 2, 6, 4], "texture": "#cross"}}}, {"from": [6, 5, 6], "to": [10, 6, 10], "rotation": {"angle": 0, "axis": "y", "origin": [8, 8, 8]}, "faces": {"north": {"uv": [6, 9, 10, 10], "texture": "#cross"}, "east": {"uv": [6, 9, 10, 10], "texture": "#cross"}, "south": {"uv": [6, 9, 10, 10], "texture": "#cross"}, "west": {"uv": [6, 9, 10, 10], "texture": "#cross"}, "up": {"uv": [1, 1, 5, 5], "texture": "#cross"}, "down": {"uv": [1, 1, 5, 5], "texture": "#cross"}}}], "display": {"thirdperson_righthand": {"translation": [0, 4.5, 1], "scale": [0.55, 0.55, 0.55]}, "thirdperson_lefthand": {"translation": [0, 4.5, 1], "scale": [0.55, 0.55, 0.55]}, "firstperson_righthand": {"rotation": [0, -146.75, -7.25], "translation": [1.13, 3.2, 1.13], "scale": [0.68, 0.68, 0.68]}, "firstperson_lefthand": {"rotation": [-6.75, -318.5, 1], "translation": [1.13, 3.2, 1.13], "scale": [0.68, 0.68, 0.68]}, "ground": {"translation": [0.25, 2, 0.25], "scale": [0.5, 0.5, 0.5]}, "gui": {"rotation": [30, 225, 0]}, "fixed": {"rotation": [0, 90, 0], "translation": [0, 2.5, -0.75]}}, "groups": [{"name": "cross", "origin": [8, 8, 8], "color": 0, "children": [0, 1]}, 2, {"name": "flower", "origin": [0, 0, 0], "color": 0, "children": [3, 4, 5, 6, 7]}]}