{"parent": "block/cube_all", "ambientocclusion": false, "textures": {"particle": "block/deepslate_tiles"}, "elements": [{"from": [4, 0, 4], "to": [12, 16, 12], "faces": {"north": {"uv": [4, 0, 12, 16], "texture": "#particle"}, "east": {"uv": [4, 0, 12, 16], "texture": "#particle"}, "south": {"uv": [4, 0, 12, 16], "texture": "#particle"}, "west": {"uv": [4, 0, 12, 16], "texture": "#particle"}, "up": {"uv": [4, 4, 12, 12], "texture": "#particle", "cullface": "up"}, "down": {"uv": [4, 4, 12, 12], "texture": "#particle", "cullface": "down"}}}, {"from": [4, 0, 3.5], "to": [8, 2, 4], "rotation": {"angle": 0, "axis": "y", "origin": [8, 8, 8]}, "faces": {"north": {"uv": [8, 14, 12, 16], "texture": "#particle"}, "east": {"uv": [8, 14, 9, 16], "texture": "#particle"}, "west": {"uv": [11, 14, 12, 16], "texture": "#particle"}, "up": {"uv": [8, 14, 11, 15], "rotation": 180, "texture": "#particle"}, "down": {"uv": [8, 15, 12, 16], "rotation": 180, "texture": "#particle"}}}, {"from": [9, 0, 3.5], "to": [12, 2, 4], "rotation": {"angle": 0, "axis": "y", "origin": [8, 8, 8]}, "faces": {"north": {"uv": [4, 14, 7, 16], "texture": "#particle"}, "east": {"uv": [4, 14, 5, 16], "texture": "#particle"}, "west": {"uv": [6, 14, 7, 16], "texture": "#particle"}, "up": {"uv": [4, 14, 7, 15], "rotation": 180, "texture": "#particle"}, "down": {"uv": [3, 15, 7, 16], "rotation": 180, "texture": "#particle"}}}, {"from": [4, 3, 3.5], "to": [11, 6, 4], "rotation": {"angle": 0, "axis": "y", "origin": [8, 8, 8]}, "faces": {"north": {"uv": [5, 10, 12, 13], "texture": "#particle"}, "east": {"uv": [5, 10, 6, 13], "texture": "#particle"}, "west": {"uv": [15, 10, 16, 13], "texture": "#particle"}, "up": {"uv": [5, 10, 12, 11], "rotation": 180, "texture": "#particle"}, "down": {"uv": [5, 12, 12, 13], "rotation": 180, "texture": "#particle"}}}, {"from": [4, 7, 3.5], "to": [7, 10, 4], "rotation": {"angle": 0, "axis": "y", "origin": [8, 8, 8]}, "faces": {"north": {"uv": [9, 6, 12, 9], "texture": "#particle"}, "east": {"uv": [9, 6, 10, 9], "texture": "#particle"}, "west": {"uv": [11, 6, 12, 9], "texture": "#particle"}, "up": {"uv": [9, 6, 12, 7], "rotation": 180, "texture": "#particle"}, "down": {"uv": [9, 8, 12, 9], "rotation": 180, "texture": "#particle"}}}, {"from": [8, 7, 3.5], "to": [12, 10, 4], "rotation": {"angle": 0, "axis": "y", "origin": [8, 8, 8]}, "faces": {"north": {"uv": [4, 6, 8, 9], "texture": "#particle"}, "east": {"uv": [4, 6, 5, 9], "texture": "#particle"}, "west": {"uv": [7, 6, 8, 9], "texture": "#particle"}, "up": {"uv": [4, 6, 8, 7], "rotation": 180, "texture": "#particle"}, "down": {"uv": [4, 8, 8, 9], "rotation": 180, "texture": "#particle"}}}, {"from": [4, 11, 3.5], "to": [12, 15, 4], "rotation": {"angle": 0, "axis": "y", "origin": [8, 8, 8]}, "faces": {"north": {"uv": [4, 1, 12, 5], "texture": "#particle"}, "east": {"uv": [4, 1, 5, 5], "texture": "#particle"}, "west": {"uv": [11, 1, 12, 5], "texture": "#particle"}, "up": {"uv": [4, 1, 12, 2], "rotation": 180, "texture": "#particle"}, "down": {"uv": [4, 4, 12, 5], "rotation": 180, "texture": "#particle"}}}, {"from": [12, 0, 4], "to": [12.5, 2, 8], "rotation": {"angle": 0, "axis": "y", "origin": [8, 8, 8]}, "faces": {"north": {"uv": [11, 14, 12, 16], "texture": "#particle"}, "east": {"uv": [8, 14, 12, 16], "texture": "#particle"}, "south": {"uv": [8, 14, 9, 16], "texture": "#particle"}, "up": {"uv": [8, 14, 11, 15], "rotation": 270, "texture": "#particle"}, "down": {"uv": [8, 15, 12, 16], "rotation": 90, "texture": "#particle"}}}, {"from": [12, 0, 9], "to": [12.5, 2, 12], "rotation": {"angle": 0, "axis": "y", "origin": [8, 8, 8]}, "faces": {"north": {"uv": [6, 14, 7, 16], "texture": "#particle"}, "east": {"uv": [4, 14, 7, 16], "texture": "#particle"}, "south": {"uv": [4, 14, 5, 16], "texture": "#particle"}, "up": {"uv": [4, 14, 7, 15], "rotation": 270, "texture": "#particle"}, "down": {"uv": [3, 15, 7, 16], "rotation": 90, "texture": "#particle"}}}, {"from": [12, 3, 4], "to": [12.5, 6, 11], "rotation": {"angle": 0, "axis": "y", "origin": [8, 8, 8]}, "faces": {"north": {"uv": [15, 10, 16, 13], "texture": "#particle"}, "east": {"uv": [5, 10, 12, 13], "texture": "#particle"}, "south": {"uv": [5, 10, 6, 13], "texture": "#particle"}, "up": {"uv": [5, 10, 12, 11], "rotation": 270, "texture": "#particle"}, "down": {"uv": [5, 12, 12, 13], "rotation": 90, "texture": "#particle"}}}, {"from": [12, 7, 4], "to": [12.5, 10, 7], "rotation": {"angle": 0, "axis": "y", "origin": [8, 8, 8]}, "faces": {"north": {"uv": [11, 6, 12, 9], "texture": "#particle"}, "east": {"uv": [9, 6, 12, 9], "texture": "#particle"}, "south": {"uv": [9, 6, 10, 9], "texture": "#particle"}, "up": {"uv": [9, 6, 12, 7], "rotation": 270, "texture": "#particle"}, "down": {"uv": [9, 8, 12, 9], "rotation": 90, "texture": "#particle"}}}, {"from": [12, 7, 8], "to": [12.5, 10, 12], "rotation": {"angle": 0, "axis": "y", "origin": [8, 8, 8]}, "faces": {"north": {"uv": [7, 6, 8, 9], "texture": "#particle"}, "east": {"uv": [4, 6, 8, 9], "texture": "#particle"}, "south": {"uv": [4, 6, 5, 9], "texture": "#particle"}, "up": {"uv": [4, 6, 8, 7], "rotation": 270, "texture": "#particle"}, "down": {"uv": [4, 8, 8, 9], "rotation": 90, "texture": "#particle"}}}, {"from": [12, 11, 4], "to": [12.5, 15, 12], "rotation": {"angle": 0, "axis": "y", "origin": [8, 8, 8]}, "faces": {"north": {"uv": [11, 1, 12, 5], "texture": "#particle"}, "east": {"uv": [4, 1, 12, 5], "texture": "#particle"}, "south": {"uv": [4, 1, 5, 5], "texture": "#particle"}, "up": {"uv": [4, 1, 12, 2], "rotation": 270, "texture": "#particle"}, "down": {"uv": [4, 4, 12, 5], "rotation": 90, "texture": "#particle"}}}, {"from": [8, 0, 12], "to": [12, 2, 12.5], "rotation": {"angle": 0, "axis": "y", "origin": [8, 8, 8]}, "faces": {"east": {"uv": [11, 14, 12, 16], "texture": "#particle"}, "south": {"uv": [8, 14, 12, 16], "texture": "#particle"}, "west": {"uv": [8, 14, 9, 16], "texture": "#particle"}, "up": {"uv": [8, 14, 11, 15], "texture": "#particle"}, "down": {"uv": [8, 15, 12, 16], "texture": "#particle"}}}, {"from": [4, 0, 12], "to": [7, 2, 12.5], "rotation": {"angle": 0, "axis": "y", "origin": [8, 8, 8]}, "faces": {"east": {"uv": [6, 14, 7, 16], "texture": "#particle"}, "south": {"uv": [4, 14, 7, 16], "texture": "#particle"}, "west": {"uv": [4, 14, 5, 16], "texture": "#particle"}, "up": {"uv": [4, 14, 7, 15], "texture": "#particle"}, "down": {"uv": [3, 15, 7, 16], "texture": "#particle"}}}, {"from": [5, 3, 12], "to": [12, 6, 12.5], "rotation": {"angle": 0, "axis": "y", "origin": [8, 8, 8]}, "faces": {"east": {"uv": [15, 10, 16, 13], "texture": "#particle"}, "south": {"uv": [5, 10, 12, 13], "texture": "#particle"}, "west": {"uv": [5, 10, 6, 13], "texture": "#particle"}, "up": {"uv": [5, 10, 12, 11], "texture": "#particle"}, "down": {"uv": [5, 12, 12, 13], "texture": "#particle"}}}, {"from": [9, 7, 12], "to": [12, 10, 12.5], "rotation": {"angle": 0, "axis": "y", "origin": [8, 8, 8]}, "faces": {"east": {"uv": [11, 6, 12, 9], "texture": "#particle"}, "south": {"uv": [9, 6, 12, 9], "texture": "#particle"}, "west": {"uv": [9, 6, 10, 9], "texture": "#particle"}, "up": {"uv": [9, 6, 12, 7], "texture": "#particle"}, "down": {"uv": [9, 8, 12, 9], "texture": "#particle"}}}, {"from": [4, 7, 12], "to": [8, 10, 12.5], "rotation": {"angle": 0, "axis": "y", "origin": [8, 8, 8]}, "faces": {"east": {"uv": [7, 6, 8, 9], "texture": "#particle"}, "south": {"uv": [4, 6, 8, 9], "texture": "#particle"}, "west": {"uv": [4, 6, 5, 9], "texture": "#particle"}, "up": {"uv": [4, 6, 8, 7], "texture": "#particle"}, "down": {"uv": [4, 8, 8, 9], "texture": "#particle"}}}, {"from": [4, 11, 12], "to": [12, 15, 12.5], "rotation": {"angle": 0, "axis": "y", "origin": [8, 8, 8]}, "faces": {"east": {"uv": [11, 1, 12, 5], "texture": "#particle"}, "south": {"uv": [4, 1, 12, 5], "texture": "#particle"}, "west": {"uv": [4, 1, 5, 5], "texture": "#particle"}, "up": {"uv": [4, 1, 12, 2], "texture": "#particle"}, "down": {"uv": [4, 4, 12, 5], "texture": "#particle"}}}, {"from": [3.5, 0, 8], "to": [4, 2, 12], "rotation": {"angle": 0, "axis": "y", "origin": [8, 8, 8]}, "faces": {"north": {"uv": [8, 14, 9, 16], "texture": "#particle"}, "south": {"uv": [11, 14, 12, 16], "texture": "#particle"}, "west": {"uv": [8, 14, 12, 16], "texture": "#particle"}, "up": {"uv": [8, 14, 11, 15], "rotation": 90, "texture": "#particle"}, "down": {"uv": [8, 15, 12, 16], "rotation": 270, "texture": "#particle"}}}, {"from": [3.5, 0, 4], "to": [4, 2, 7], "rotation": {"angle": 0, "axis": "y", "origin": [8, 8, 8]}, "faces": {"north": {"uv": [4, 14, 5, 16], "texture": "#particle"}, "south": {"uv": [6, 14, 7, 16], "texture": "#particle"}, "west": {"uv": [4, 14, 7, 16], "texture": "#particle"}, "up": {"uv": [4, 14, 7, 15], "rotation": 90, "texture": "#particle"}, "down": {"uv": [3, 15, 7, 16], "rotation": 270, "texture": "#particle"}}}, {"from": [3.5, 3, 5], "to": [4, 6, 12], "rotation": {"angle": 0, "axis": "y", "origin": [8, 8, 8]}, "faces": {"north": {"uv": [5, 10, 6, 13], "texture": "#particle"}, "south": {"uv": [15, 10, 16, 13], "texture": "#particle"}, "west": {"uv": [5, 10, 12, 13], "texture": "#particle"}, "up": {"uv": [5, 10, 12, 11], "rotation": 90, "texture": "#particle"}, "down": {"uv": [5, 12, 12, 13], "rotation": 270, "texture": "#particle"}}}, {"from": [3.5, 7, 9], "to": [4, 10, 12], "rotation": {"angle": 0, "axis": "y", "origin": [8, 8, 8]}, "faces": {"north": {"uv": [9, 6, 10, 9], "texture": "#particle"}, "south": {"uv": [11, 6, 12, 9], "texture": "#particle"}, "west": {"uv": [9, 6, 12, 9], "texture": "#particle"}, "up": {"uv": [9, 6, 12, 7], "rotation": 90, "texture": "#particle"}, "down": {"uv": [9, 8, 12, 9], "rotation": 270, "texture": "#particle"}}}, {"from": [3.5, 7, 4], "to": [4, 10, 8], "rotation": {"angle": 0, "axis": "y", "origin": [8, 8, 8]}, "faces": {"north": {"uv": [4, 6, 5, 9], "texture": "#particle"}, "south": {"uv": [7, 6, 8, 9], "texture": "#particle"}, "west": {"uv": [4, 6, 8, 9], "texture": "#particle"}, "up": {"uv": [4, 6, 8, 7], "rotation": 90, "texture": "#particle"}, "down": {"uv": [4, 8, 8, 9], "rotation": 270, "texture": "#particle"}}}, {"from": [3.5, 11, 4], "to": [4, 15, 12], "rotation": {"angle": 0, "axis": "y", "origin": [8, 8, 8]}, "faces": {"north": {"uv": [4, 1, 5, 5], "texture": "#particle"}, "south": {"uv": [11, 1, 12, 5], "texture": "#particle"}, "west": {"uv": [4, 1, 12, 5], "texture": "#particle"}, "up": {"uv": [4, 1, 12, 2], "rotation": 90, "texture": "#particle"}, "down": {"uv": [4, 4, 12, 5], "rotation": 270, "texture": "#particle"}}}, {"from": [5, 16, 10], "to": [12, 16.5, 12], "rotation": {"angle": 0, "axis": "x", "origin": [8, 8, 8]}, "faces": {"north": {"uv": [5, 10, 12, 11], "rotation": 180, "texture": "#particle", "cullface": "up"}, "east": {"uv": [11, 10, 12, 12], "rotation": 90, "texture": "#particle", "cullface": "up"}, "south": {"uv": [5, 11, 12, 12], "texture": "#particle", "cullface": "up"}, "west": {"uv": [5, 10, 6, 12], "rotation": 270, "texture": "#particle", "cullface": "up"}, "up": {"uv": [5, 10, 12, 12], "texture": "#particle", "cullface": "up"}}}, {"from": [9, 16, 6], "to": [12, 16.5, 9], "rotation": {"angle": 0, "axis": "x", "origin": [8, 8, 8]}, "faces": {"north": {"uv": [9, 6, 12, 7], "rotation": 180, "texture": "#particle", "cullface": "up"}, "east": {"uv": [11, 6, 12, 9], "rotation": 90, "texture": "#particle", "cullface": "up"}, "south": {"uv": [9, 8, 12, 9], "texture": "#particle", "cullface": "up"}, "west": {"uv": [9, 6, 10, 9], "rotation": 270, "texture": "#particle", "cullface": "up"}, "up": {"uv": [9, 6, 12, 9], "texture": "#particle", "cullface": "up"}}}, {"from": [4, 16, 6], "to": [8, 16.5, 9], "rotation": {"angle": 0, "axis": "x", "origin": [8, 8, 8]}, "faces": {"north": {"uv": [4, 6, 8, 7], "rotation": 180, "texture": "#particle", "cullface": "up"}, "east": {"uv": [7, 6, 8, 9], "rotation": 90, "texture": "#particle", "cullface": "up"}, "south": {"uv": [4, 8, 8, 9], "texture": "#particle", "cullface": "up"}, "west": {"uv": [0, 6, 1, 9], "rotation": 270, "texture": "#particle", "cullface": "up"}, "up": {"uv": [4, 6, 8, 9], "texture": "#particle", "cullface": "up"}}}, {"from": [4, 16, 4], "to": [12, 16.5, 5], "rotation": {"angle": 0, "axis": "x", "origin": [8, 8, 8]}, "faces": {"north": {"uv": [4, 4, 12, 5], "rotation": 180, "texture": "#particle", "cullface": "up"}, "east": {"uv": [11, 4, 12, 5], "rotation": 90, "texture": "#particle", "cullface": "up"}, "south": {"uv": [4, 4, 12, 5], "texture": "#particle", "cullface": "up"}, "west": {"uv": [4, 4, 5, 5], "rotation": 270, "texture": "#particle", "cullface": "up"}, "up": {"uv": [4, 4, 12, 5], "texture": "#particle", "cullface": "up"}}}, {"from": [5, -0.5, 4], "to": [12, 0, 6], "rotation": {"angle": 0, "axis": "x", "origin": [8, 8, 8]}, "faces": {"north": {"uv": [5, 11, 12, 12], "rotation": 180, "texture": "#particle", "cullface": "down"}, "east": {"uv": [11, 10, 12, 12], "rotation": 270, "texture": "#particle", "cullface": "down"}, "south": {"uv": [5, 10, 12, 11], "texture": "#particle", "cullface": "down"}, "west": {"uv": [5, 10, 6, 12], "rotation": 90, "texture": "#particle", "cullface": "down"}, "down": {"uv": [5, 10, 12, 12], "texture": "#particle", "cullface": "down"}}}, {"from": [9, -0.5, 7], "to": [12, 0, 10], "rotation": {"angle": 0, "axis": "x", "origin": [8, 8, 8]}, "faces": {"north": {"uv": [9, 8, 12, 9], "rotation": 180, "texture": "#particle", "cullface": "down"}, "east": {"uv": [11, 6, 12, 9], "rotation": 270, "texture": "#particle", "cullface": "down"}, "south": {"uv": [9, 6, 12, 7], "texture": "#particle", "cullface": "down"}, "west": {"uv": [9, 6, 10, 9], "rotation": 90, "texture": "#particle", "cullface": "down"}, "down": {"uv": [9, 6, 12, 9], "texture": "#particle", "cullface": "down"}}}, {"from": [4, -0.5, 7], "to": [8, 0, 10], "rotation": {"angle": 0, "axis": "x", "origin": [8, 8, 8]}, "faces": {"north": {"uv": [4, 8, 8, 9], "rotation": 180, "texture": "#particle", "cullface": "down"}, "east": {"uv": [7, 6, 8, 9], "rotation": 270, "texture": "#particle", "cullface": "down"}, "south": {"uv": [4, 6, 8, 7], "texture": "#particle", "cullface": "down"}, "west": {"uv": [0, 6, 1, 9], "rotation": 90, "texture": "#particle", "cullface": "down"}, "down": {"uv": [4, 6, 8, 9], "texture": "#particle", "cullface": "down"}}}, {"from": [4, -0.5, 11], "to": [12, 0, 12], "rotation": {"angle": 0, "axis": "x", "origin": [8, 8, 8]}, "faces": {"north": {"uv": [4, 4, 12, 5], "rotation": 180, "texture": "#particle", "cullface": "down"}, "east": {"uv": [11, 4, 12, 5], "rotation": 270, "texture": "#particle", "cullface": "down"}, "south": {"uv": [4, 4, 12, 5], "texture": "#particle", "cullface": "down"}, "west": {"uv": [4, 4, 5, 5], "rotation": 90, "texture": "#particle", "cullface": "down"}, "down": {"uv": [4, 4, 12, 5], "texture": "#particle", "cullface": "down"}}}], "groups": [0, {"name": "north", "origin": [8, 8, 8], "color": 0, "children": [1, 2, 3, 4, 5, 6]}, {"name": "east", "origin": [8, 8, 8], "color": 0, "children": [7, 8, 9, 10, 11, 12]}, {"name": "south", "origin": [8, 8, 8], "color": 0, "children": [13, 14, 15, 16, 17, 18]}, {"name": "west", "origin": [8, 8, 8], "color": 0, "children": [19, 20, 21, 22, 23, 24]}, {"name": "up", "origin": [8, 8, 8], "color": 0, "children": [25, 26, 27, 28]}, {"name": "down", "origin": [8, 8, 8], "color": 0, "children": [29, 30, 31, 32]}]}