{"parent": "block/cube_all", "ambientocclusion": false, "textures": {"particle": "block/deepslate_tiles", "all": "block/deepslate_tiles"}, "elements": [{"from": [5, 0, 0], "to": [11, 14, 4], "rotation": {"angle": 0, "axis": "y", "origin": [8, 8, 8]}, "faces": {"north": {"uv": [5, 2, 11, 16], "texture": "#all", "cullface": "north"}, "east": {"uv": [12, 2, 16, 16], "texture": "#all"}, "west": {"uv": [0, 2, 4, 16], "texture": "#all"}, "up": {"uv": [5, 0, 11, 4], "texture": "#all"}, "down": {"uv": [5, 12, 11, 16], "texture": "#all", "cullface": "down"}}}, {"from": [8, -0.5, 0], "to": [11, 0, 2], "rotation": {"angle": 0, "axis": "x", "origin": [8, 8, 8]}, "faces": {"north": {"uv": [8, 15, 11, 16], "rotation": 180, "texture": "#all", "cullface": "down"}, "east": {"uv": [10, 14, 11, 16], "rotation": 270, "texture": "#all", "cullface": "down"}, "south": {"uv": [8, 14, 11, 15], "texture": "#all", "cullface": "down"}, "west": {"uv": [8, 14, 9, 16], "rotation": 90, "texture": "#all", "cullface": "down"}, "down": {"uv": [8, 14, 11, 16], "texture": "#all", "cullface": "down"}}}, {"from": [5, -0.5, 0], "to": [7, 0, 2], "rotation": {"angle": 0, "axis": "x", "origin": [8, 8, 8]}, "faces": {"north": {"uv": [5, 15, 7, 16], "rotation": 180, "texture": "#all", "cullface": "down"}, "east": {"uv": [6, 14, 7, 16], "rotation": 270, "texture": "#all", "cullface": "down"}, "south": {"uv": [5, 14, 7, 15], "texture": "#all", "cullface": "down"}, "west": {"uv": [5, 14, 6, 16], "rotation": 90, "texture": "#all", "cullface": "down"}, "down": {"uv": [5, 14, 7, 16], "texture": "#all", "cullface": "down"}}}, {"from": [5, -0.5, 3], "to": [11, 0, 4], "rotation": {"angle": 0, "axis": "x", "origin": [8, 8, 8]}, "faces": {"north": {"uv": [5, 12, 11, 13], "rotation": 180, "texture": "#all", "cullface": "down"}, "east": {"uv": [10, 12, 11, 13], "rotation": 270, "texture": "#all", "cullface": "down"}, "south": {"uv": [5, 12, 11, 13], "texture": "#all", "cullface": "down"}, "west": {"uv": [5, 12, 6, 13], "rotation": 90, "texture": "#all", "cullface": "down"}, "down": {"uv": [5, 12, 11, 13], "texture": "#all", "cullface": "down"}}}, {"from": [5, 14, 1], "to": [11, 14.5, 4], "rotation": {"angle": 0, "axis": "x", "origin": [8, 8, 8]}, "faces": {"north": {"uv": [5, 1, 11, 2], "rotation": 180, "texture": "#all"}, "east": {"uv": [10, 1, 11, 4], "rotation": 90, "texture": "#all"}, "west": {"uv": [5, 1, 6, 4], "rotation": 270, "texture": "#all"}, "up": {"uv": [5, 1, 11, 4], "texture": "#all"}}}, {"from": [4.5, 0, 0], "to": [5, 2, 4], "rotation": {"angle": 0, "axis": "y", "origin": [8, 8, 8]}, "faces": {"north": {"uv": [0, 14, 1, 16], "texture": "#all"}, "west": {"uv": [0, 14, 4, 16], "texture": "#all"}, "up": {"uv": [0, 14, 4, 15], "rotation": 90, "texture": "#all"}, "down": {"uv": [0, 15, 4, 16], "rotation": 270, "texture": "#all"}}}, {"from": [4.5, 3, 0], "to": [5, 6, 4], "rotation": {"angle": 0, "axis": "y", "origin": [8, 8, 8]}, "faces": {"north": {"uv": [0, 10, 1, 13], "texture": "#all"}, "west": {"uv": [0, 10, 4, 13], "texture": "#all"}, "up": {"uv": [0, 10, 4, 11], "rotation": 90, "texture": "#all"}, "down": {"uv": [0, 12, 4, 13], "rotation": 270, "texture": "#all"}}}, {"from": [4.5, 7, 0], "to": [5, 10, 4], "rotation": {"angle": 0, "axis": "y", "origin": [8, 8, 8]}, "faces": {"north": {"uv": [0, 6, 1, 9], "texture": "#all"}, "west": {"uv": [0, 6, 4, 9], "texture": "#all"}, "up": {"uv": [0, 6, 4, 7], "rotation": 90, "texture": "#all"}, "down": {"uv": [0, 8, 4, 9], "rotation": 270, "texture": "#all"}}}, {"from": [4.5, 11, 0], "to": [5, 14, 3], "rotation": {"angle": 0, "axis": "y", "origin": [8, 8, 8]}, "faces": {"north": {"uv": [0, 2, 1, 5], "texture": "#all"}, "south": {"uv": [2, 2, 3, 5], "texture": "#all"}, "west": {"uv": [0, 2, 3, 5], "texture": "#all"}, "up": {"uv": [0, 2, 3, 3], "rotation": 90, "texture": "#all"}, "down": {"uv": [0, 4, 3, 5], "rotation": 270, "texture": "#all"}}}, {"from": [11, 0, 0], "to": [11.5, 2, 3], "rotation": {"angle": 0, "axis": "y", "origin": [8, 8, 8]}, "faces": {"north": {"uv": [15, 14, 16, 16], "texture": "#all"}, "east": {"uv": [13, 14, 16, 16], "texture": "#all"}, "south": {"uv": [13, 14, 14, 16], "texture": "#all"}, "up": {"uv": [13, 14, 16, 15], "rotation": 270, "texture": "#all"}, "down": {"uv": [13, 15, 16, 16], "rotation": 90, "texture": "#all"}}}, {"from": [11, 3, 0], "to": [11.5, 6, 4], "rotation": {"angle": 0, "axis": "y", "origin": [8, 8, 8]}, "faces": {"north": {"uv": [15, 10, 16, 13], "texture": "#all"}, "east": {"uv": [12, 10, 16, 13], "texture": "#all"}, "up": {"uv": [12, 10, 16, 11], "rotation": 270, "texture": "#all"}, "down": {"uv": [12, 12, 16, 13], "rotation": 90, "texture": "#all"}}}, {"from": [11, 7, 0], "to": [11.5, 10, 4], "rotation": {"angle": 0, "axis": "y", "origin": [8, 8, 8]}, "faces": {"north": {"uv": [15, 6, 16, 9], "texture": "#all"}, "east": {"uv": [12, 6, 16, 9], "texture": "#all"}, "up": {"uv": [12, 6, 16, 7], "rotation": 270, "texture": "#all"}, "down": {"uv": [12, 8, 16, 9], "rotation": 90, "texture": "#all"}}}, {"from": [11, 11, 1], "to": [11.5, 14, 4], "rotation": {"angle": 0, "axis": "y", "origin": [8, 8, 8]}, "faces": {"north": {"uv": [14, 2, 15, 5], "texture": "#all"}, "east": {"uv": [12, 2, 15, 5], "texture": "#all"}, "up": {"uv": [12, 2, 15, 3], "rotation": 270, "texture": "#all"}, "down": {"uv": [12, 4, 15, 5], "rotation": 90, "texture": "#all"}}}, {"from": [5, 0, -0.5], "to": [8, 2, 0], "rotation": {"angle": 0, "axis": "y", "origin": [8, 8, 8]}, "faces": {"north": {"uv": [8, 14, 11, 16], "texture": "#all", "cullface": "north"}, "east": {"uv": [8, 14, 9, 16], "texture": "#all", "cullface": "north"}, "west": {"uv": [10, 14, 11, 16], "texture": "#all", "cullface": "north"}, "up": {"uv": [8, 14, 11, 15], "rotation": 180, "texture": "#all", "cullface": "north"}, "down": {"uv": [8, 15, 11, 16], "rotation": 180, "texture": "#all", "cullface": "north"}}}, {"from": [9, 0, -0.5], "to": [11, 2, 0], "rotation": {"angle": 0, "axis": "y", "origin": [8, 8, 8]}, "faces": {"north": {"uv": [5, 14, 7, 16], "texture": "#all", "cullface": "north"}, "east": {"uv": [5, 14, 6, 16], "texture": "#all", "cullface": "north"}, "west": {"uv": [6, 14, 7, 16], "texture": "#all", "cullface": "north"}, "up": {"uv": [5, 14, 7, 15], "rotation": 180, "texture": "#all", "cullface": "north"}, "down": {"uv": [5, 15, 7, 16], "rotation": 180, "texture": "#all", "cullface": "north"}}}, {"from": [5, 3, -0.5], "to": [11, 6, 0], "rotation": {"angle": 0, "axis": "y", "origin": [8, 8, 8]}, "faces": {"north": {"uv": [5, 10, 11, 13], "texture": "#all", "cullface": "north"}, "east": {"uv": [5, 10, 6, 13], "texture": "#all", "cullface": "north"}, "west": {"uv": [10, 10, 11, 13], "texture": "#all", "cullface": "north"}, "up": {"uv": [5, 10, 11, 11], "rotation": 180, "texture": "#all", "cullface": "north"}, "down": {"uv": [5, 12, 11, 13], "rotation": 180, "texture": "#all", "cullface": "north"}}}, {"from": [5, 7, -0.5], "to": [7, 10, 0], "rotation": {"angle": 0, "axis": "y", "origin": [8, 8, 8]}, "faces": {"north": {"uv": [9, 6, 11, 9], "texture": "#all", "cullface": "north"}, "east": {"uv": [9, 6, 10, 9], "texture": "#all", "cullface": "north"}, "west": {"uv": [10, 6, 11, 9], "texture": "#all", "cullface": "north"}, "up": {"uv": [9, 6, 11, 7], "rotation": 180, "texture": "#all", "cullface": "north"}, "down": {"uv": [9, 8, 11, 9], "rotation": 180, "texture": "#all", "cullface": "north"}}}, {"from": [8, 7, -0.5], "to": [11, 10, 0], "rotation": {"angle": 0, "axis": "y", "origin": [8, 8, 8]}, "faces": {"north": {"uv": [5, 6, 8, 9], "texture": "#all", "cullface": "north"}, "east": {"uv": [5, 6, 6, 9], "texture": "#all", "cullface": "north"}, "west": {"uv": [7, 6, 8, 9], "texture": "#all", "cullface": "north"}, "up": {"uv": [5, 6, 8, 7], "rotation": 180, "texture": "#all", "cullface": "north"}, "down": {"uv": [5, 8, 8, 9], "rotation": 180, "texture": "#all", "cullface": "north"}}}, {"from": [5, 11, -0.5], "to": [11, 14, 0], "rotation": {"angle": 0, "axis": "y", "origin": [8, 8, 8]}, "faces": {"north": {"uv": [5, 2, 11, 5], "texture": "#all", "cullface": "north"}, "east": {"uv": [5, 2, 6, 5], "texture": "#all", "cullface": "north"}, "west": {"uv": [10, 2, 11, 5], "texture": "#all", "cullface": "north"}, "up": {"uv": [5, 2, 11, 3], "rotation": 180, "texture": "#all", "cullface": "north"}, "down": {"uv": [5, 4, 11, 5], "rotation": 180, "texture": "#all", "cullface": "north"}}}], "groups": [0, {"name": "down", "origin": [8, 8, 8], "color": 0, "children": [1, 2, 3]}, {"name": "up", "origin": [8, 8, 8], "color": 0, "children": [4]}, {"name": "right", "origin": [8, 8, 8], "color": 0, "children": [5, 6, 7, 8]}, {"name": "left", "origin": [8, 8, 8], "color": 0, "children": [9, 10, 11, 12]}, {"name": "front", "origin": [8, 8, 8], "color": 0, "children": [13, 14, 15, 16, 17, 18]}]}