{"parent": "block/cube_all", "ambientocclusion": false, "textures": {"particle": "block/deepslate_tiles", "all": "block/deepslate_tiles"}, "elements": [{"from": [0, 0, 5], "to": [4, 14, 11], "rotation": {"angle": 0, "axis": "y", "origin": [8, 8, 8]}, "faces": {"north": {"uv": [12, 2, 16, 16], "texture": "#all"}, "south": {"uv": [0, 2, 4, 16], "texture": "#all"}, "west": {"uv": [5, 2, 11, 16], "texture": "#all", "cullface": "west"}, "up": {"uv": [0, 5, 4, 11], "texture": "#all"}, "down": {"uv": [0, 5, 4, 11], "texture": "#all", "cullface": "down"}}}, {"from": [0, 0, 11], "to": [4, 2, 11.5], "rotation": {"angle": 0, "axis": "y", "origin": [8, 8, 8]}, "faces": {"south": {"uv": [0, 14, 4, 16], "texture": "#all"}, "west": {"uv": [0, 14, 1, 16], "texture": "#all"}, "up": {"uv": [0, 14, 4, 15], "texture": "#all"}, "down": {"uv": [0, 15, 4, 16], "texture": "#all"}}}, {"from": [0, 3, 11], "to": [4, 6, 11.5], "rotation": {"angle": 0, "axis": "y", "origin": [8, 8, 8]}, "faces": {"south": {"uv": [0, 10, 4, 13], "texture": "#all"}, "west": {"uv": [0, 10, 1, 13], "texture": "#all"}, "up": {"uv": [0, 10, 4, 11], "texture": "#all"}, "down": {"uv": [0, 12, 4, 13], "texture": "#all"}}}, {"from": [0, 7, 11], "to": [4, 10, 11.5], "rotation": {"angle": 0, "axis": "y", "origin": [8, 8, 8]}, "faces": {"south": {"uv": [0, 6, 4, 9], "texture": "#all"}, "west": {"uv": [0, 6, 1, 9], "texture": "#all"}, "up": {"uv": [0, 6, 4, 7], "texture": "#all"}, "down": {"uv": [0, 8, 4, 9], "texture": "#all"}}}, {"from": [0, 11, 11], "to": [3, 14, 11.5], "rotation": {"angle": 0, "axis": "y", "origin": [8, 8, 8]}, "faces": {"east": {"uv": [2, 2, 3, 5], "texture": "#all"}, "south": {"uv": [0, 2, 3, 5], "texture": "#all"}, "west": {"uv": [0, 2, 1, 5], "texture": "#all"}, "up": {"uv": [0, 2, 3, 3], "texture": "#all"}, "down": {"uv": [0, 4, 3, 5], "texture": "#all"}}}, {"from": [0, 0, 4.5], "to": [3, 2, 5], "rotation": {"angle": 0, "axis": "y", "origin": [8, 8, 8]}, "faces": {"north": {"uv": [13, 14, 16, 16], "texture": "#all"}, "east": {"uv": [13, 14, 14, 16], "texture": "#all"}, "west": {"uv": [15, 14, 16, 16], "texture": "#all"}, "up": {"uv": [13, 14, 16, 15], "rotation": 180, "texture": "#all"}, "down": {"uv": [13, 15, 16, 16], "rotation": 180, "texture": "#all"}}}, {"from": [0, 3, 4.5], "to": [4, 6, 5], "rotation": {"angle": 0, "axis": "y", "origin": [8, 8, 8]}, "faces": {"north": {"uv": [12, 10, 16, 13], "texture": "#all"}, "west": {"uv": [15, 10, 16, 13], "texture": "#all"}, "up": {"uv": [12, 10, 16, 11], "rotation": 180, "texture": "#all"}, "down": {"uv": [12, 12, 16, 13], "rotation": 180, "texture": "#all"}}}, {"from": [0, 7, 4.5], "to": [4, 10, 5], "rotation": {"angle": 0, "axis": "y", "origin": [8, 8, 8]}, "faces": {"north": {"uv": [12, 6, 16, 9], "texture": "#all"}, "west": {"uv": [15, 6, 16, 9], "texture": "#all"}, "up": {"uv": [12, 6, 16, 7], "rotation": 180, "texture": "#all"}, "down": {"uv": [12, 8, 16, 9], "rotation": 180, "texture": "#all"}}}, {"from": [1, 11, 4.5], "to": [4, 14, 5], "rotation": {"angle": 0, "axis": "y", "origin": [8, 8, 8]}, "faces": {"north": {"uv": [12, 2, 15, 5], "texture": "#all"}, "west": {"uv": [14, 2, 15, 5], "texture": "#all"}, "up": {"uv": [12, 2, 15, 3], "rotation": 180, "texture": "#all"}, "down": {"uv": [12, 4, 15, 5], "rotation": 180, "texture": "#all"}}}, {"from": [-0.5, 0, 8], "to": [0, 2, 11], "rotation": {"angle": 0, "axis": "y", "origin": [8, 8, 8]}, "faces": {"north": {"uv": [8, 14, 9, 16], "texture": "#all", "cullface": "west"}, "south": {"uv": [10, 14, 11, 16], "texture": "#all", "cullface": "west"}, "west": {"uv": [8, 14, 11, 16], "texture": "#all", "cullface": "west"}, "up": {"uv": [8, 14, 11, 15], "rotation": 90, "texture": "#all", "cullface": "west"}, "down": {"uv": [8, 15, 11, 16], "rotation": 270, "texture": "#all", "cullface": "west"}}}, {"from": [-0.5, 0, 5], "to": [0, 2, 7], "rotation": {"angle": 0, "axis": "y", "origin": [8, 8, 8]}, "faces": {"north": {"uv": [5, 14, 6, 16], "texture": "#all", "cullface": "west"}, "south": {"uv": [6, 14, 7, 16], "texture": "#all", "cullface": "west"}, "west": {"uv": [5, 14, 7, 16], "texture": "#all", "cullface": "west"}, "up": {"uv": [5, 14, 7, 15], "rotation": 90, "texture": "#all", "cullface": "west"}, "down": {"uv": [5, 15, 7, 16], "rotation": 270, "texture": "#all", "cullface": "west"}}}, {"from": [-0.5, 3, 5], "to": [0, 6, 11], "rotation": {"angle": 0, "axis": "y", "origin": [8, 8, 8]}, "faces": {"north": {"uv": [5, 10, 6, 13], "texture": "#all", "cullface": "west"}, "south": {"uv": [10, 10, 11, 13], "texture": "#all", "cullface": "west"}, "west": {"uv": [5, 10, 11, 13], "texture": "#all", "cullface": "west"}, "up": {"uv": [5, 10, 11, 11], "rotation": 90, "texture": "#all", "cullface": "west"}, "down": {"uv": [5, 12, 11, 13], "rotation": 270, "texture": "#all", "cullface": "west"}}}, {"from": [-0.5, 7, 9], "to": [0, 10, 11], "rotation": {"angle": 0, "axis": "y", "origin": [8, 8, 8]}, "faces": {"north": {"uv": [9, 6, 10, 9], "texture": "#all", "cullface": "west"}, "south": {"uv": [10, 6, 11, 9], "texture": "#all", "cullface": "west"}, "west": {"uv": [9, 6, 11, 9], "texture": "#all", "cullface": "west"}, "up": {"uv": [9, 6, 11, 7], "rotation": 90, "texture": "#all", "cullface": "west"}, "down": {"uv": [9, 8, 11, 9], "rotation": 270, "texture": "#all", "cullface": "west"}}}, {"from": [-0.5, 7, 5], "to": [0, 10, 8], "rotation": {"angle": 0, "axis": "y", "origin": [8, 8, 8]}, "faces": {"north": {"uv": [5, 6, 6, 9], "texture": "#all", "cullface": "west"}, "south": {"uv": [7, 6, 8, 9], "texture": "#all", "cullface": "west"}, "west": {"uv": [5, 6, 8, 9], "texture": "#all", "cullface": "west"}, "up": {"uv": [5, 6, 8, 7], "rotation": 90, "texture": "#all", "cullface": "west"}, "down": {"uv": [5, 8, 8, 9], "rotation": 270, "texture": "#all", "cullface": "west"}}}, {"from": [-0.5, 11, 5], "to": [0, 14, 11], "rotation": {"angle": 0, "axis": "y", "origin": [8, 8, 8]}, "faces": {"north": {"uv": [5, 2, 6, 5], "texture": "#all", "cullface": "west"}, "south": {"uv": [10, 2, 11, 5], "texture": "#all", "cullface": "west"}, "west": {"uv": [5, 2, 11, 5], "texture": "#all", "cullface": "west"}, "up": {"uv": [5, 2, 11, 3], "rotation": 90, "texture": "#all", "cullface": "west"}, "down": {"uv": [5, 4, 11, 5], "rotation": 270, "texture": "#all", "cullface": "west"}}}, {"from": [0, 14, 6], "to": [4, 14.5, 9], "rotation": {"angle": 0, "axis": "x", "origin": [8, 8, 8]}, "faces": {"north": {"uv": [0, 6, 4, 7], "rotation": 180, "texture": "#all"}, "south": {"uv": [0, 8, 4, 9], "texture": "#all"}, "west": {"uv": [0, 6, 1, 9], "rotation": 270, "texture": "#all"}, "up": {"uv": [0, 6, 4, 9], "texture": "#all"}}}, {"from": [1, 14, 10], "to": [4, 14.5, 11], "rotation": {"angle": 0, "axis": "x", "origin": [8, 8, 8]}, "faces": {"north": {"uv": [1, 10, 4, 11], "rotation": 180, "texture": "#all"}, "east": {"uv": [3, 10, 4, 11], "texture": "#all"}, "south": {"uv": [1, 10, 4, 11], "texture": "#all"}, "west": {"uv": [1, 10, 2, 11], "rotation": 180, "texture": "#all"}, "up": {"uv": [1, 10, 4, 11], "texture": "#all"}}}, {"from": [0, -0.5, 7], "to": [4, 0, 10], "rotation": {"angle": 0, "axis": "x", "origin": [8, 8, 8]}, "faces": {"north": {"uv": [0, 8, 4, 9], "rotation": 180, "texture": "#all", "cullface": "down"}, "south": {"uv": [0, 6, 4, 7], "texture": "#all", "cullface": "down"}, "west": {"uv": [0, 6, 1, 9], "rotation": 90, "texture": "#all", "cullface": "down"}, "down": {"uv": [0, 6, 4, 9], "texture": "#all", "cullface": "down"}}}, {"from": [1, -0.5, 5], "to": [4, 0, 6], "rotation": {"angle": 0, "axis": "x", "origin": [8, 8, 8]}, "faces": {"north": {"uv": [1, 10, 4, 11], "rotation": 180, "texture": "#all", "cullface": "down"}, "east": {"uv": [3, 10, 4, 11], "rotation": 180, "texture": "#all", "cullface": "down"}, "south": {"uv": [1, 10, 4, 11], "texture": "#all", "cullface": "down"}, "west": {"uv": [1, 10, 2, 11], "texture": "#all", "cullface": "down"}, "down": {"uv": [1, 10, 4, 11], "texture": "#all", "cullface": "down"}}}], "groups": [0, {"name": "right", "origin": [8, 8, 8], "color": 0, "children": [1, 2, 3, 4]}, {"name": "left", "origin": [8, 8, 8], "color": 0, "children": [5, 6, 7, 8]}, {"name": "front", "origin": [8, 8, 8], "color": 0, "children": [9, 10, 11, 12, 13, 14]}, {"name": "up", "origin": [8, 8, 8], "color": 0, "children": [15, 16]}, {"name": "down", "origin": [8, 8, 8], "color": 0, "children": [17, 18]}]}