{"parent": "block/template_rail_raised_ne", "textures": {"front": "block/detector_rail", "back": "3d/rails/rail"}, "elements": [{"name": "Cube", "from": [12, 8.5, 2], "to": [14, 9.5, 18], "rotation": {"angle": 45, "axis": "x", "origin": [8, 8, 8]}, "faces": {"north": {"uv": [0, 0, 0, 0], "texture": "#front"}, "east": {"uv": [3, 0, 2, 16], "rotation": 90, "texture": "#front"}, "south": {"uv": [4, 0, 2, 1], "texture": "#front"}, "west": {"uv": [4, 16, 3, 0], "rotation": 90, "texture": "#front"}, "up": {"uv": [2, 16, 4, 0], "rotation": 180, "texture": "#front"}, "down": {"uv": [4, 0, 2, 16], "texture": "#front"}}}, {"name": "Cube", "from": [2, 8.5, 2], "to": [4, 9.5, 18], "rotation": {"angle": 45, "axis": "x", "origin": [8, 8, 8]}, "faces": {"north": {"uv": [0, 0, 0, 0], "texture": "#front"}, "east": {"uv": [13, 0, 12, 16], "rotation": 90, "texture": "#front"}, "south": {"uv": [14, 15, 12, 16], "texture": "#front"}, "west": {"uv": [13, 0, 14, 16], "rotation": 270, "texture": "#front"}, "up": {"uv": [12, 16, 14, 0], "rotation": 180, "texture": "#front"}, "down": {"uv": [14, 0, 12, 16], "texture": "#front"}}}, {"name": "Cube", "from": [11.99, 8.5, -5], "to": [13.99, 9.5, 2], "rotation": {"angle": 45, "axis": "x", "origin": [8, 8, 8]}, "faces": {"north": {"uv": [2, 0, 4, 1], "texture": "#front"}, "east": {"uv": [3, 0, 2, 7], "rotation": 90, "texture": "#front"}, "south": {"uv": [0, 0, 0, 0], "texture": "#front"}, "west": {"uv": [4, 7, 3, 0], "rotation": 90, "texture": "#front"}, "up": {"uv": [2, 7, 4, 0], "rotation": 180, "texture": "#front"}, "down": {"uv": [4, 0, 2, 7], "texture": "#front"}}}, {"name": "Cube", "from": [2.01, 8.5, -5], "to": [4.01, 9.5, 2], "rotation": {"angle": 45, "axis": "x", "origin": [8, 8, 8]}, "faces": {"north": {"uv": [14, 0, 12, 1], "rotation": 180, "texture": "#front"}, "east": {"uv": [13, 0, 12, 7], "rotation": 90, "texture": "#front"}, "south": {"uv": [0, 0, 0, 0], "texture": "#front"}, "west": {"uv": [14, 7, 13, 0], "rotation": 90, "texture": "#front"}, "up": {"uv": [12, 7, 14, 0], "rotation": 180, "texture": "#front"}, "down": {"uv": [14, 0, 12, 7], "texture": "#front"}}}, {"name": "Cube", "from": [1, 7.5, -4], "to": [15, 8.5, -2], "rotation": {"angle": 45, "axis": "x", "origin": [8, 8, 8]}, "faces": {"north": {"uv": [15, 5, 1, 6], "rotation": 180, "texture": "#back"}, "east": {"uv": [1, 5, 2, 7], "rotation": 90, "texture": "#back"}, "south": {"uv": [1, 6, 15, 7], "rotation": 180, "texture": "#back"}, "west": {"uv": [14, 7, 15, 5], "rotation": 90, "texture": "#back"}, "up": {"uv": [1, 7, 15, 5], "rotation": 180, "texture": "#back"}, "down": {"uv": [15, 7, 1, 5], "texture": "#back"}}}, {"name": "Cube", "from": [1, 7.5, 0], "to": [15, 8.5, 2], "rotation": {"angle": 45, "axis": "x", "origin": [8, 8, 8]}, "faces": {"north": {"uv": [15, 9, 1, 10], "rotation": 180, "texture": "#back"}, "east": {"uv": [1, 9, 2, 11], "rotation": 90, "texture": "#back"}, "south": {"uv": [1, 10, 15, 11], "rotation": 180, "texture": "#back"}, "west": {"uv": [14, 11, 15, 9], "rotation": 90, "texture": "#back"}, "up": {"uv": [1, 11, 15, 9], "rotation": 180, "texture": "#back"}, "down": {"uv": [15, 11, 1, 9], "texture": "#back"}}}, {"name": "Cube", "from": [1, 7.5, 4], "to": [15, 8.5, 6], "rotation": {"angle": 45, "axis": "x", "origin": [8, 8, 8]}, "faces": {"north": {"uv": [15, 1, 1, 2], "rotation": 180, "texture": "#back"}, "east": {"uv": [1, 1, 2, 3], "rotation": 90, "texture": "#back"}, "south": {"uv": [1, 2, 15, 3], "rotation": 180, "texture": "#back"}, "west": {"uv": [14, 3, 15, 1], "rotation": 90, "texture": "#back"}, "up": {"uv": [1, 3, 15, 1], "rotation": 180, "texture": "#back"}, "down": {"uv": [15, 3, 1, 1], "texture": "#back"}}}, {"name": "Cube", "from": [1, 7.5, 8], "to": [15, 8.5, 10], "rotation": {"angle": 45, "axis": "x", "origin": [8, 8, 8]}, "faces": {"north": {"uv": [15, 5, 1, 6], "rotation": 180, "texture": "#back"}, "east": {"uv": [1, 5, 2, 7], "rotation": 90, "texture": "#back"}, "south": {"uv": [1, 6, 15, 7], "rotation": 180, "texture": "#back"}, "west": {"uv": [14, 7, 15, 5], "rotation": 90, "texture": "#back"}, "up": {"uv": [1, 7, 15, 5], "rotation": 180, "texture": "#back"}, "down": {"uv": [15, 7, 1, 5], "texture": "#back"}}}, {"name": "Cube", "from": [1, 7.5, 12], "to": [15, 8.5, 14], "rotation": {"angle": 45, "axis": "x", "origin": [8, 8, 8]}, "faces": {"north": {"uv": [15, 9, 1, 10], "rotation": 180, "texture": "#back"}, "east": {"uv": [1, 9, 2, 11], "rotation": 90, "texture": "#back"}, "south": {"uv": [1, 10, 15, 11], "rotation": 180, "texture": "#back"}, "west": {"uv": [14, 11, 15, 9], "rotation": 90, "texture": "#back"}, "up": {"uv": [1, 11, 15, 9], "rotation": 180, "texture": "#back"}, "down": {"uv": [15, 11, 1, 9], "texture": "#back"}}}, {"name": "Cube", "from": [1, 7.5, 16], "to": [15, 8.5, 18], "rotation": {"angle": 45, "axis": "x", "origin": [8, 8, 8]}, "faces": {"north": {"uv": [15, 13, 1, 14], "rotation": 180, "texture": "#back"}, "east": {"uv": [1, 13, 2, 15], "rotation": 90, "texture": "#back"}, "south": {"uv": [1, 14, 15, 15], "rotation": 180, "texture": "#back"}, "west": {"uv": [14, 15, 15, 13], "rotation": 90, "texture": "#back"}, "up": {"uv": [1, 15, 15, 13], "rotation": 180, "texture": "#back"}, "down": {"uv": [15, 15, 1, 13], "texture": "#back"}}}, {"name": "Cube", "from": [5, 8.5, 4], "to": [11, 9.5, 10], "rotation": {"angle": 45, "axis": "x", "origin": [8, 8, 8]}, "faces": {"north": {"uv": [11, 5, 5, 6], "rotation": 180, "texture": "#front"}, "east": {"uv": [5, 5, 6, 11], "rotation": 90, "texture": "#front"}, "south": {"uv": [5, 10, 11, 11], "rotation": 180, "texture": "#front"}, "west": {"uv": [10, 11, 11, 5], "rotation": 90, "texture": "#front"}, "up": {"uv": [5, 11, 11, 5], "rotation": 180, "texture": "#front"}, "down": {"uv": [11, 11, 5, 5], "texture": "#front"}}}]}