{"parent": "block/block", "textures": {"particle": "block/dirt", "bottom": "block/dirt", "top": "3d/dirt_path_top", "side": "3d/dirt_path_side"}, "elements": [{"from": [0, 0, 0], "to": [16, 15, 16], "faces": {"north": {"uv": [0, 1, 16, 16], "texture": "#side", "cullface": "north"}, "east": {"uv": [0, 1, 16, 16], "texture": "#side", "cullface": "east"}, "south": {"uv": [0, 1, 16, 16], "texture": "#side", "cullface": "south"}, "west": {"uv": [0, 1, 16, 16], "texture": "#side", "cullface": "west"}, "up": {"uv": [0, 0, 16, 16], "texture": "#top"}, "down": {"uv": [0, 0, 16, 16], "texture": "#bottom", "cullface": "down"}}}, {"from": [0, 13, -0.25], "to": [10, 15, 0], "rotation": {"angle": 0, "axis": "y", "origin": [8, 7, 8]}, "faces": {"north": {"uv": [6, 1, 16, 3], "texture": "#side", "cullface": "north"}, "east": {"uv": [8, 1, 9, 3], "texture": "#side", "cullface": "north"}, "west": {"uv": [15, 1, 16, 3], "texture": "#side", "cullface": "west"}, "up": {"uv": [6, 1, 16, 2], "rotation": 180, "texture": "#side", "cullface": "north"}, "down": {"uv": [6, 2, 16, 3], "rotation": 180, "texture": "#side", "cullface": "north"}}}, {"from": [10, 14, -0.25], "to": [11, 15, 0], "rotation": {"angle": 0, "axis": "y", "origin": [8, 7, 8]}, "faces": {"north": {"uv": [5, 1, 6, 2], "texture": "#side", "cullface": "north"}, "up": {"uv": [5, 1, 6, 2], "texture": "#side", "cullface": "north"}, "down": {"uv": [5, 1, 6, 2], "texture": "#side", "cullface": "north"}}}, {"from": [11, 13, -0.25], "to": [16, 15, 0], "rotation": {"angle": 0, "axis": "y", "origin": [8, 7, 8]}, "faces": {"north": {"uv": [0, 1, 5, 3], "texture": "#side", "cullface": "north"}, "east": {"uv": [0, 1, 1, 3], "texture": "#side", "cullface": "north"}, "west": {"uv": [4, 1, 5, 3], "texture": "#side", "cullface": "north"}, "up": {"uv": [0, 1, 5, 2], "rotation": 180, "texture": "#side", "cullface": "north"}, "down": {"uv": [0, 2, 5, 3], "rotation": 180, "texture": "#side", "cullface": "north"}}}, {"from": [11, 12, -0.25], "to": [14, 13, 0], "rotation": {"angle": 0, "axis": "y", "origin": [8, 7, 8]}, "faces": {"north": {"uv": [2, 3, 5, 4], "texture": "#side", "cullface": "north"}, "east": {"uv": [2, 3, 3, 4], "texture": "#side", "cullface": "north"}, "west": {"uv": [4, 3, 5, 4], "texture": "#side", "cullface": "north"}, "down": {"uv": [2, 3, 5, 4], "rotation": 180, "texture": "#side", "cullface": "north"}}}, {"from": [15, 12, -0.25], "to": [16, 13, 0], "rotation": {"angle": 0, "axis": "y", "origin": [8, 7, 8]}, "faces": {"north": {"uv": [0, 3, 1, 4], "texture": "#side", "cullface": "north"}, "east": {"uv": [0, 3, 1, 4], "texture": "#side", "cullface": "north"}, "west": {"uv": [0, 3, 1, 4], "texture": "#side", "cullface": "north"}, "down": {"uv": [0, 3, 1, 4], "texture": "#side", "cullface": "north"}}}, {"from": [11, 11, -0.25], "to": [12, 12, 0], "rotation": {"angle": 0, "axis": "y", "origin": [8, 7, 8]}, "faces": {"north": {"uv": [4, 4, 5, 5], "texture": "#side", "cullface": "north"}, "east": {"uv": [4, 4, 5, 5], "texture": "#side", "cullface": "north"}, "west": {"uv": [4, 4, 5, 5], "texture": "#side", "cullface": "north"}, "down": {"uv": [4, 4, 5, 5], "texture": "#side", "cullface": "north"}}}, {"from": [9, 12, -0.25], "to": [10, 13, 0], "rotation": {"angle": 0, "axis": "y", "origin": [8, 7, 8]}, "faces": {"north": {"uv": [6, 3, 7, 4], "texture": "#side", "cullface": "north"}, "east": {"uv": [6, 3, 7, 4], "texture": "#side", "cullface": "north"}, "west": {"uv": [6, 3, 7, 4], "texture": "#side", "cullface": "north"}, "down": {"uv": [6, 3, 7, 4], "texture": "#side", "cullface": "north"}}}, {"from": [4, 12, -0.25], "to": [8, 13, 0], "rotation": {"angle": 0, "axis": "y", "origin": [8, 7, 8]}, "faces": {"north": {"uv": [8, 3, 12, 4], "texture": "#side", "cullface": "north"}, "east": {"uv": [8, 3, 9, 4], "texture": "#side", "cullface": "north"}, "west": {"uv": [11, 3, 12, 4], "texture": "#side", "cullface": "north"}, "down": {"uv": [8, 3, 12, 4], "texture": "#side", "cullface": "north"}}}, {"from": [7, 11, -0.25], "to": [8, 12, 0], "rotation": {"angle": 0, "axis": "y", "origin": [8, 7, 8]}, "faces": {"north": {"uv": [8, 4, 9, 5], "texture": "#side", "cullface": "north"}, "east": {"uv": [8, 4, 9, 5], "texture": "#side", "cullface": "north"}, "west": {"uv": [8, 4, 9, 5], "texture": "#side", "cullface": "north"}, "down": {"uv": [8, 4, 9, 5], "texture": "#side", "cullface": "north"}}}, {"from": [5, 11, -0.25], "to": [6, 12, 0], "rotation": {"angle": 0, "axis": "y", "origin": [8, 7, 8]}, "faces": {"north": {"uv": [10, 4, 11, 5], "texture": "#side", "cullface": "north"}, "east": {"uv": [10, 4, 11, 5], "texture": "#side", "cullface": "north"}, "west": {"uv": [10, 4, 11, 5], "texture": "#side", "cullface": "north"}, "down": {"uv": [10, 4, 11, 5], "texture": "#side", "cullface": "north"}}}, {"from": [1, 12, -0.25], "to": [3, 13, 0], "rotation": {"angle": 0, "axis": "y", "origin": [8, 7, 8]}, "faces": {"north": {"uv": [13, 3, 15, 4], "texture": "#side", "cullface": "north"}, "east": {"uv": [13, 3, 14, 4], "texture": "#side", "cullface": "north"}, "west": {"uv": [14, 3, 15, 4], "texture": "#side", "cullface": "north"}, "down": {"uv": [13, 3, 15, 4], "texture": "#side", "cullface": "north"}}}, {"from": [16, 13, 0], "to": [16.25, 15, 10], "rotation": {"angle": 0, "axis": "y", "origin": [8, 7, 8]}, "faces": {"north": {"uv": [15, 1, 16, 3], "texture": "#side", "cullface": "north"}, "east": {"uv": [6, 1, 16, 3], "texture": "#side", "cullface": "east"}, "south": {"uv": [8, 1, 9, 3], "texture": "#side", "cullface": "east"}, "up": {"uv": [6, 1, 16, 2], "rotation": 270, "texture": "#side", "cullface": "east"}, "down": {"uv": [6, 2, 16, 3], "rotation": 90, "texture": "#side", "cullface": "east"}}}, {"from": [16, 14, 10], "to": [16.25, 15, 11], "rotation": {"angle": 0, "axis": "y", "origin": [8, 7, 8]}, "faces": {"east": {"uv": [5, 1, 6, 2], "texture": "#side", "cullface": "east"}, "up": {"uv": [5, 1, 6, 2], "rotation": 90, "texture": "#side", "cullface": "east"}, "down": {"uv": [5, 1, 6, 2], "rotation": 270, "texture": "#side", "cullface": "east"}}}, {"from": [16, 13, 11], "to": [16.25, 15, 16], "rotation": {"angle": 0, "axis": "y", "origin": [8, 7, 8]}, "faces": {"north": {"uv": [4, 1, 5, 3], "texture": "#side", "cullface": "east"}, "east": {"uv": [0, 1, 5, 3], "texture": "#side", "cullface": "east"}, "south": {"uv": [0, 1, 1, 3], "texture": "#side", "cullface": "east"}, "up": {"uv": [0, 1, 5, 2], "rotation": 270, "texture": "#side", "cullface": "east"}, "down": {"uv": [0, 2, 5, 3], "rotation": 90, "texture": "#side", "cullface": "east"}}}, {"from": [16, 12, 11], "to": [16.25, 13, 14], "rotation": {"angle": 0, "axis": "y", "origin": [8, 7, 8]}, "faces": {"north": {"uv": [4, 3, 5, 4], "texture": "#side", "cullface": "east"}, "east": {"uv": [2, 3, 5, 4], "texture": "#side", "cullface": "east"}, "south": {"uv": [2, 3, 3, 4], "texture": "#side", "cullface": "east"}, "down": {"uv": [2, 3, 5, 4], "rotation": 90, "texture": "#side", "cullface": "east"}}}, {"from": [16, 12, 15], "to": [16.25, 13, 16], "rotation": {"angle": 0, "axis": "y", "origin": [8, 7, 8]}, "faces": {"north": {"uv": [0, 3, 1, 4], "texture": "#side", "cullface": "east"}, "east": {"uv": [0, 3, 1, 4], "texture": "#side", "cullface": "east"}, "south": {"uv": [0, 3, 1, 4], "texture": "#side", "cullface": "east"}, "down": {"uv": [0, 3, 1, 4], "rotation": 270, "texture": "#side", "cullface": "east"}}}, {"from": [16, 11, 11], "to": [16.25, 12, 12], "rotation": {"angle": 0, "axis": "y", "origin": [8, 7, 8]}, "faces": {"north": {"uv": [4, 4, 5, 5], "texture": "#side", "cullface": "east"}, "east": {"uv": [4, 4, 5, 5], "texture": "#side", "cullface": "east"}, "south": {"uv": [4, 4, 5, 5], "texture": "#side", "cullface": "east"}, "down": {"uv": [4, 4, 5, 5], "rotation": 270, "texture": "#side", "cullface": "east"}}}, {"from": [16, 12, 9], "to": [16.25, 13, 10], "rotation": {"angle": 0, "axis": "y", "origin": [8, 7, 8]}, "faces": {"north": {"uv": [6, 3, 7, 4], "texture": "#side", "cullface": "east"}, "east": {"uv": [6, 3, 7, 4], "texture": "#side", "cullface": "east"}, "south": {"uv": [6, 3, 7, 4], "texture": "#side", "cullface": "east"}, "down": {"uv": [6, 3, 7, 4], "rotation": 270, "texture": "#side", "cullface": "east"}}}, {"from": [16, 12, 4], "to": [16.25, 13, 8], "rotation": {"angle": 0, "axis": "y", "origin": [8, 7, 8]}, "faces": {"north": {"uv": [11, 3, 12, 4], "texture": "#side", "cullface": "east"}, "east": {"uv": [8, 3, 12, 4], "texture": "#side", "cullface": "east"}, "south": {"uv": [8, 3, 9, 4], "texture": "#side", "cullface": "east"}, "down": {"uv": [8, 3, 12, 4], "rotation": 270, "texture": "#side", "cullface": "east"}}}, {"from": [16, 11, 7], "to": [16.25, 12, 8], "rotation": {"angle": 0, "axis": "y", "origin": [8, 7, 8]}, "faces": {"north": {"uv": [8, 4, 9, 5], "texture": "#side", "cullface": "east"}, "east": {"uv": [8, 4, 9, 5], "texture": "#side", "cullface": "east"}, "south": {"uv": [8, 4, 9, 5], "texture": "#side", "cullface": "east"}, "down": {"uv": [8, 4, 9, 5], "rotation": 270, "texture": "#side", "cullface": "east"}}}, {"from": [16, 11, 5], "to": [16.25, 12, 6], "rotation": {"angle": 0, "axis": "y", "origin": [8, 7, 8]}, "faces": {"north": {"uv": [10, 4, 11, 5], "texture": "#side", "cullface": "east"}, "east": {"uv": [10, 4, 11, 5], "texture": "#side", "cullface": "east"}, "south": {"uv": [10, 4, 11, 5], "texture": "#side", "cullface": "east"}, "down": {"uv": [10, 4, 11, 5], "rotation": 270, "texture": "#side", "cullface": "east"}}}, {"from": [16, 12, 1], "to": [16.25, 13, 3], "rotation": {"angle": 0, "axis": "y", "origin": [8, 7, 8]}, "faces": {"north": {"uv": [14, 3, 15, 4], "texture": "#side", "cullface": "east"}, "east": {"uv": [13, 3, 15, 4], "texture": "#side", "cullface": "east"}, "south": {"uv": [13, 3, 14, 4], "texture": "#side", "cullface": "east"}, "down": {"uv": [13, 3, 15, 4], "rotation": 270, "texture": "#side", "cullface": "east"}}}, {"from": [6, 13, 16], "to": [16, 15, 16.25], "rotation": {"angle": 0, "axis": "y", "origin": [8, 7, 8]}, "faces": {"east": {"uv": [15, 1, 16, 3], "texture": "#side", "cullface": "east"}, "south": {"uv": [6, 1, 16, 3], "texture": "#side", "cullface": "south"}, "west": {"uv": [8, 1, 9, 3], "texture": "#side", "cullface": "south"}, "up": {"uv": [6, 1, 16, 2], "texture": "#side", "cullface": "south"}, "down": {"uv": [6, 2, 16, 3], "texture": "#side", "cullface": "south"}}}, {"from": [5, 14, 16], "to": [6, 15, 16.25], "rotation": {"angle": 0, "axis": "y", "origin": [8, 7, 8]}, "faces": {"south": {"uv": [5, 1, 6, 2], "texture": "#side", "cullface": "south"}, "up": {"uv": [5, 1, 6, 2], "rotation": 180, "texture": "#side", "cullface": "south"}, "down": {"uv": [5, 1, 6, 2], "rotation": 180, "texture": "#side", "cullface": "south"}}}, {"from": [0, 13, 16], "to": [5, 15, 16.25], "rotation": {"angle": 0, "axis": "y", "origin": [8, 7, 8]}, "faces": {"east": {"uv": [4, 1, 5, 3], "texture": "#side", "cullface": "south"}, "south": {"uv": [0, 1, 5, 3], "texture": "#side", "cullface": "south"}, "west": {"uv": [0, 1, 1, 3], "texture": "#side", "cullface": "west"}, "up": {"uv": [0, 1, 5, 2], "texture": "#side", "cullface": "south"}, "down": {"uv": [0, 2, 5, 3], "texture": "#side", "cullface": "south"}}}, {"from": [2, 12, 16], "to": [5, 13, 16.25], "rotation": {"angle": 0, "axis": "y", "origin": [8, 7, 8]}, "faces": {"east": {"uv": [4, 3, 5, 4], "texture": "#side", "cullface": "south"}, "south": {"uv": [2, 3, 5, 4], "texture": "#side", "cullface": "south"}, "west": {"uv": [2, 3, 3, 4], "texture": "#side", "cullface": "south"}, "down": {"uv": [2, 3, 5, 4], "texture": "#side", "cullface": "south"}}}, {"from": [0, 12, 16], "to": [1, 13, 16.25], "rotation": {"angle": 0, "axis": "y", "origin": [8, 7, 8]}, "faces": {"east": {"uv": [0, 3, 1, 4], "texture": "#side", "cullface": "south"}, "south": {"uv": [0, 3, 1, 4], "texture": "#side", "cullface": "south"}, "west": {"uv": [0, 3, 1, 4], "texture": "#side", "cullface": "south"}, "down": {"uv": [0, 3, 1, 4], "rotation": 180, "texture": "#side", "cullface": "south"}}}, {"from": [4, 11, 16], "to": [5, 12, 16.25], "rotation": {"angle": 0, "axis": "y", "origin": [8, 7, 8]}, "faces": {"east": {"uv": [4, 4, 5, 5], "texture": "#side", "cullface": "south"}, "south": {"uv": [4, 4, 5, 5], "texture": "#side", "cullface": "south"}, "west": {"uv": [4, 4, 5, 5], "texture": "#side", "cullface": "south"}, "down": {"uv": [4, 4, 5, 5], "rotation": 180, "texture": "#side", "cullface": "south"}}}, {"from": [6, 12, 16], "to": [7, 13, 16.25], "rotation": {"angle": 0, "axis": "y", "origin": [8, 7, 8]}, "faces": {"east": {"uv": [6, 3, 7, 4], "texture": "#side", "cullface": "south"}, "south": {"uv": [6, 3, 7, 4], "texture": "#side", "cullface": "south"}, "west": {"uv": [6, 3, 7, 4], "texture": "#side", "cullface": "south"}, "down": {"uv": [6, 3, 7, 4], "rotation": 180, "texture": "#side", "cullface": "south"}}}, {"from": [8, 12, 16], "to": [12, 13, 16.25], "rotation": {"angle": 0, "axis": "y", "origin": [8, 7, 8]}, "faces": {"east": {"uv": [11, 3, 12, 4], "texture": "#side", "cullface": "south"}, "south": {"uv": [8, 3, 12, 4], "texture": "#side", "cullface": "south"}, "west": {"uv": [8, 3, 9, 4], "texture": "#side", "cullface": "south"}, "down": {"uv": [8, 3, 12, 4], "rotation": 180, "texture": "#side", "cullface": "south"}}}, {"from": [8, 11, 16], "to": [9, 12, 16.25], "rotation": {"angle": 0, "axis": "y", "origin": [8, 7, 8]}, "faces": {"east": {"uv": [8, 4, 9, 5], "texture": "#side", "cullface": "south"}, "south": {"uv": [8, 4, 9, 5], "texture": "#side", "cullface": "south"}, "west": {"uv": [8, 4, 9, 5], "texture": "#side", "cullface": "south"}, "down": {"uv": [8, 4, 9, 5], "rotation": 180, "texture": "#side", "cullface": "south"}}}, {"from": [10, 11, 16], "to": [11, 12, 16.25], "rotation": {"angle": 0, "axis": "y", "origin": [8, 7, 8]}, "faces": {"east": {"uv": [10, 4, 11, 5], "texture": "#side", "cullface": "south"}, "south": {"uv": [10, 4, 11, 5], "texture": "#side", "cullface": "south"}, "west": {"uv": [10, 4, 11, 5], "texture": "#side", "cullface": "south"}, "down": {"uv": [10, 4, 11, 5], "rotation": 180, "texture": "#side", "cullface": "south"}}}, {"from": [13, 12, 16], "to": [15, 13, 16.25], "rotation": {"angle": 0, "axis": "y", "origin": [8, 7, 8]}, "faces": {"east": {"uv": [14, 3, 15, 4], "texture": "#side", "cullface": "south"}, "south": {"uv": [13, 3, 15, 4], "texture": "#side", "cullface": "south"}, "west": {"uv": [13, 3, 14, 4], "texture": "#side", "cullface": "south"}, "down": {"uv": [13, 3, 15, 4], "rotation": 180, "texture": "#side", "cullface": "south"}}}, {"from": [-0.25, 13, 6], "to": [0, 15, 16], "rotation": {"angle": 0, "axis": "y", "origin": [8, 7, 8]}, "faces": {"north": {"uv": [8, 1, 9, 3], "texture": "#side", "cullface": "west"}, "south": {"uv": [15, 1, 16, 3], "texture": "#side", "cullface": "west"}, "west": {"uv": [6, 1, 16, 3], "texture": "#side", "cullface": "west"}, "up": {"uv": [6, 1, 16, 2], "rotation": 90, "texture": "#side", "cullface": "west"}, "down": {"uv": [6, 2, 16, 3], "rotation": 270, "texture": "#side", "cullface": "west"}}}, {"from": [-0.25, 14, 5], "to": [0, 15, 6], "rotation": {"angle": 0, "axis": "y", "origin": [8, 7, 8]}, "faces": {"west": {"uv": [5, 1, 6, 2], "texture": "#side", "cullface": "west"}, "up": {"uv": [5, 1, 6, 2], "rotation": 270, "texture": "#side", "cullface": "west"}, "down": {"uv": [5, 1, 6, 2], "rotation": 90, "texture": "#side", "cullface": "west"}}}, {"from": [-0.25, 13, 0], "to": [0, 15, 5], "rotation": {"angle": 0, "axis": "y", "origin": [8, 7, 8]}, "faces": {"north": {"uv": [0, 1, 1, 3], "texture": "#side", "cullface": "west"}, "south": {"uv": [4, 1, 5, 3], "texture": "#side", "cullface": "west"}, "west": {"uv": [0, 1, 5, 3], "texture": "#side", "cullface": "west"}, "up": {"uv": [0, 1, 5, 2], "rotation": 90, "texture": "#side", "cullface": "west"}, "down": {"uv": [0, 2, 5, 3], "rotation": 270, "texture": "#side", "cullface": "west"}}}, {"from": [-0.25, 12, 2], "to": [0, 13, 5], "rotation": {"angle": 0, "axis": "y", "origin": [8, 7, 8]}, "faces": {"north": {"uv": [2, 3, 3, 4], "texture": "#side", "cullface": "west"}, "south": {"uv": [4, 3, 5, 4], "texture": "#side", "cullface": "west"}, "west": {"uv": [2, 3, 5, 4], "texture": "#side", "cullface": "west"}, "down": {"uv": [2, 3, 5, 4], "rotation": 270, "texture": "#side", "cullface": "west"}}}, {"from": [-0.25, 12, 0], "to": [0, 13, 1], "rotation": {"angle": 0, "axis": "y", "origin": [8, 7, 8]}, "faces": {"north": {"uv": [0, 3, 1, 4], "texture": "#side", "cullface": "west"}, "south": {"uv": [0, 3, 1, 4], "texture": "#side", "cullface": "west"}, "west": {"uv": [0, 3, 1, 4], "texture": "#side", "cullface": "west"}, "down": {"uv": [0, 3, 1, 4], "rotation": 90, "texture": "#side", "cullface": "west"}}}, {"from": [-0.25, 11, 4], "to": [0, 12, 5], "rotation": {"angle": 0, "axis": "y", "origin": [8, 7, 8]}, "faces": {"north": {"uv": [4, 4, 5, 5], "texture": "#side", "cullface": "west"}, "south": {"uv": [4, 4, 5, 5], "texture": "#side", "cullface": "west"}, "west": {"uv": [4, 4, 5, 5], "texture": "#side", "cullface": "west"}, "down": {"uv": [4, 4, 5, 5], "rotation": 90, "texture": "#side", "cullface": "west"}}}, {"from": [-0.25, 12, 6], "to": [0, 13, 7], "rotation": {"angle": 0, "axis": "y", "origin": [8, 7, 8]}, "faces": {"north": {"uv": [6, 3, 7, 4], "texture": "#side", "cullface": "west"}, "south": {"uv": [6, 3, 7, 4], "texture": "#side", "cullface": "west"}, "west": {"uv": [6, 3, 7, 4], "texture": "#side", "cullface": "west"}, "down": {"uv": [6, 3, 7, 4], "rotation": 90, "texture": "#side", "cullface": "west"}}}, {"from": [-0.25, 12, 8], "to": [0, 13, 12], "rotation": {"angle": 0, "axis": "y", "origin": [8, 7, 8]}, "faces": {"north": {"uv": [8, 3, 9, 4], "texture": "#side", "cullface": "west"}, "south": {"uv": [11, 3, 12, 4], "texture": "#side", "cullface": "west"}, "west": {"uv": [8, 3, 12, 4], "texture": "#side", "cullface": "west"}, "down": {"uv": [8, 3, 12, 4], "rotation": 90, "texture": "#side", "cullface": "west"}}}, {"from": [-0.25, 11, 8], "to": [0, 12, 9], "rotation": {"angle": 0, "axis": "y", "origin": [8, 7, 8]}, "faces": {"north": {"uv": [8, 4, 9, 5], "texture": "#side", "cullface": "west"}, "south": {"uv": [8, 4, 9, 5], "texture": "#side", "cullface": "west"}, "west": {"uv": [8, 4, 9, 5], "texture": "#side", "cullface": "west"}, "down": {"uv": [8, 4, 9, 5], "rotation": 90, "texture": "#side", "cullface": "west"}}}, {"from": [-0.25, 11, 10], "to": [0, 12, 11], "rotation": {"angle": 0, "axis": "y", "origin": [8, 7, 8]}, "faces": {"north": {"uv": [10, 4, 11, 5], "texture": "#side", "cullface": "west"}, "south": {"uv": [10, 4, 11, 5], "texture": "#side", "cullface": "west"}, "west": {"uv": [10, 4, 11, 5], "texture": "#side", "cullface": "west"}, "down": {"uv": [10, 4, 11, 5], "rotation": 90, "texture": "#side", "cullface": "west"}}}, {"from": [-0.25, 12, 13], "to": [0, 13, 15], "rotation": {"angle": 0, "axis": "y", "origin": [8, 7, 8]}, "faces": {"north": {"uv": [13, 3, 14, 4], "texture": "#side", "cullface": "west"}, "south": {"uv": [14, 3, 15, 4], "texture": "#side", "cullface": "west"}, "west": {"uv": [13, 3, 15, 4], "texture": "#side", "cullface": "west"}, "down": {"uv": [13, 3, 15, 4], "rotation": 90, "texture": "#side", "cullface": "west"}}}], "groups": [0, {"name": "north", "origin": [8, 8, 8], "children": [1, 2, 3, 4, 5, 6, 7, 8, 9, 10, 11]}, {"name": "east", "origin": [8, 8, 8], "children": [12, 13, 14, 15, 16, 17, 18, 19, 20, 21, 22]}, {"name": "south", "origin": [8, 8, 8], "children": [23, 24, 25, 26, 27, 28, 29, 30, 31, 32, 33]}, {"name": "west", "origin": [8, 8, 8], "children": [34, 35, 36, 37, 38, 39, 40, 41, 42, 43, 44]}]}