{"parent": "block/orientable_vertical", "textures": {"front": "block/dispenser_front_vertical", "side": "block/furnace_top"}, "elements": [{"from": [0, 0, 0], "to": [16, 15, 16], "faces": {"north": {"uv": [0, 1, 16, 16], "texture": "#side", "cullface": "north"}, "east": {"uv": [0, 1, 16, 16], "texture": "#side", "cullface": "east"}, "south": {"uv": [0, 1, 16, 16], "texture": "#side", "cullface": "south"}, "west": {"uv": [0, 1, 16, 16], "texture": "#side", "cullface": "west"}, "up": {"uv": [0, 0, 16, 16], "texture": "#front", "cullface": "up"}, "down": {"uv": [0, 0, 16, 16], "texture": "#side", "cullface": "down"}}}, {"from": [0, 15, 0], "to": [16, 16, 5], "faces": {"north": {"uv": [0, 0, 16, 1], "texture": "#side", "cullface": "north"}, "east": {"uv": [11, 0, 16, 1], "texture": "#side", "cullface": "east"}, "south": {"uv": [0, 4, 16, 5], "texture": "#front", "cullface": "up"}, "west": {"uv": [0, 0, 5, 1], "texture": "#side", "cullface": "west"}, "up": {"uv": [0, 0, 16, 5], "texture": "#front", "cullface": "up"}}}, {"from": [0, 15, 11], "to": [16, 16, 16], "faces": {"north": {"uv": [0, 11, 16, 12], "texture": "#front", "cullface": "up"}, "east": {"uv": [0, 0, 5, 1], "texture": "#side", "cullface": "east"}, "south": {"uv": [0, 0, 16, 1], "texture": "#side", "cullface": "south"}, "west": {"uv": [11, 0, 16, 1], "texture": "#side", "cullface": "west"}, "up": {"uv": [0, 11, 16, 16], "texture": "#front", "cullface": "up"}}}, {"from": [11, 15, 5], "to": [16, 16, 11], "faces": {"east": {"uv": [5, 0, 11, 1], "texture": "#side", "cullface": "east"}, "west": {"uv": [11, 5, 12, 11], "rotation": 270, "texture": "#front", "cullface": "up"}, "up": {"uv": [11, 5, 16, 11], "texture": "#front", "cullface": "up"}}}, {"from": [0, 15, 5], "to": [5, 16, 11], "faces": {"east": {"uv": [4, 5, 5, 11], "rotation": 90, "texture": "#front", "cullface": "up"}, "west": {"uv": [5, 0, 11, 1], "texture": "#side", "cullface": "west"}, "up": {"uv": [0, 5, 5, 11], "texture": "#front", "cullface": "up"}}}, {"from": [10, 15, 5], "to": [11, 16, 7], "faces": {"south": {"uv": [10, 6, 11, 7], "texture": "#front", "cullface": "up"}, "west": {"uv": [5, 5, 7, 6], "texture": "#front", "cullface": "up"}, "up": {"uv": [10, 5, 11, 7], "texture": "#front", "cullface": "up"}}}, {"from": [10, 15, 9], "to": [11, 16, 11], "faces": {"north": {"uv": [10, 9, 11, 10], "texture": "#front", "cullface": "up"}, "west": {"uv": [10, 9, 11, 11], "rotation": 90, "texture": "#front", "cullface": "up"}, "up": {"uv": [10, 9, 11, 11], "texture": "#front", "cullface": "up"}}}, {"from": [5, 15, 9], "to": [6, 16, 11], "faces": {"north": {"uv": [5, 9, 6, 10], "texture": "#front", "cullface": "up"}, "east": {"uv": [5, 9, 6, 11], "rotation": 90, "texture": "#front", "cullface": "up"}, "up": {"uv": [5, 9, 6, 11], "texture": "#front", "cullface": "up"}}}, {"from": [5, 15, 5], "to": [6, 16, 7], "faces": {"east": {"uv": [5, 5, 6, 7], "rotation": 90, "texture": "#front", "cullface": "up"}, "south": {"uv": [5, 6, 6, 7], "texture": "#front", "cullface": "up"}, "up": {"uv": [5, 5, 6, 7], "texture": "#front", "cullface": "up"}}}, {"from": [6, 15, 5], "to": [7, 16, 6], "faces": {"east": {"uv": [6, 5, 7, 6], "texture": "#front", "cullface": "up"}, "south": {"uv": [6, 5, 7, 6], "texture": "#front", "cullface": "up"}, "up": {"uv": [6, 5, 7, 6], "texture": "#front", "cullface": "up"}}}, {"from": [6, 15, 10], "to": [7, 16, 11], "faces": {"north": {"uv": [6, 10, 7, 11], "texture": "#front", "cullface": "up"}, "east": {"uv": [6, 10, 7, 11], "texture": "#front", "cullface": "up"}, "up": {"uv": [6, 10, 7, 11], "texture": "#front", "cullface": "up"}}}, {"from": [9, 15, 10], "to": [10, 16, 11], "faces": {"north": {"uv": [9, 10, 10, 11], "texture": "#front", "cullface": "up"}, "west": {"uv": [9, 10, 10, 11], "texture": "#front", "cullface": "up"}, "up": {"uv": [9, 10, 10, 11], "texture": "#front", "cullface": "up"}}}, {"from": [9, 15, 5], "to": [10, 16, 6], "faces": {"south": {"uv": [9, 5, 10, 6], "texture": "#front", "cullface": "up"}, "west": {"uv": [9, 5, 10, 6], "texture": "#front", "cullface": "up"}, "up": {"uv": [9, 5, 10, 6], "texture": "#front", "cullface": "up"}}}]}