{"ambientocclusion": false, "elements": [{"from": [-0.25, 0, 15], "to": [0, 1, 16], "color": 6, "faces": {"north": {"uv": [1, 15, 0, 16], "texture": "#missing", "cullface": "west"}, "south": {"uv": [1, 15, 0, 16], "texture": "#missing", "cullface": "west"}, "west": {"uv": [1, 15, 0, 16], "texture": "#missing", "cullface": "west"}, "up": {"uv": [0, 16, 1, 15], "texture": "#missing", "cullface": "west"}, "down": {"uv": [0, 16, 1, 15], "texture": "#missing", "cullface": "west"}}}, {"from": [-0.25, 10, 15], "to": [0, 12, 16], "rotation": {"angle": 0, "axis": "y", "origin": [8, 18, 8]}, "color": 1, "faces": {"north": {"uv": [1, 4, 0, 6], "texture": "#missing", "cullface": "west"}, "south": {"uv": [1, 4, 0, 6], "texture": "#missing", "cullface": "west"}, "west": {"uv": [1, 4, 0, 6], "texture": "#missing", "cullface": "west"}, "up": {"uv": [0, 5, 1, 4], "texture": "#missing", "cullface": "west"}, "down": {"uv": [0, 6, 1, 5], "texture": "#missing", "cullface": "west"}}}, {"from": [0, 0, 16], "to": [1, 1, 16.25], "color": 1, "faces": {"east": {"uv": [0, 15, 1, 16], "texture": "#missing", "cullface": "south"}, "south": {"uv": [0, 15, 1, 16], "texture": "#missing", "cullface": "south"}, "west": {"uv": [0, 15, 1, 16], "texture": "#missing", "cullface": "south"}, "up": {"uv": [1, 16, 0, 15], "rotation": 90, "texture": "#missing", "cullface": "south"}, "down": {"uv": [1, 16, 0, 15], "rotation": 270, "texture": "#missing", "cullface": "south"}}}, {"from": [0, 10, 16], "to": [1, 12, 16.25], "rotation": {"angle": 0, "axis": "y", "origin": [8, 18, 8]}, "color": 2, "faces": {"east": {"uv": [0, 4, 1, 6], "texture": "#missing", "cullface": "south"}, "south": {"uv": [0, 4, 1, 6], "texture": "#missing", "cullface": "south"}, "west": {"uv": [0, 4, 1, 6], "texture": "#missing", "cullface": "south"}, "up": {"uv": [1, 5, 0, 4], "rotation": 90, "texture": "#missing", "cullface": "south"}, "down": {"uv": [1, 6, 0, 5], "rotation": 270, "texture": "#missing", "cullface": "south"}}}, {"from": [0, 0, -0.25], "to": [1, 1, 0], "color": 5, "faces": {"north": {"uv": [1, 15, 0, 16], "texture": "#missing", "cullface": "south"}, "east": {"uv": [1, 15, 0, 16], "texture": "#missing", "cullface": "north"}, "west": {"uv": [1, 15, 0, 16], "texture": "#missing", "cullface": "north"}, "up": {"uv": [0, 16, 1, 15], "rotation": 90, "texture": "#missing", "cullface": "north"}, "down": {"uv": [0, 16, 1, 15], "rotation": 270, "texture": "#missing", "cullface": "north"}}}, {"from": [0, 10, -0.25], "to": [1, 12, 0], "rotation": {"angle": 0, "axis": "y", "origin": [8, 18, 8]}, "color": 4, "faces": {"north": {"uv": [1, 4, 0, 6], "texture": "#missing", "cullface": "south"}, "east": {"uv": [1, 4, 0, 6], "texture": "#missing", "cullface": "north"}, "west": {"uv": [1, 4, 0, 6], "texture": "#missing", "cullface": "north"}, "up": {"uv": [0, 5, 1, 4], "rotation": 90, "texture": "#missing", "cullface": "north"}, "down": {"uv": [0, 6, 1, 5], "rotation": 270, "texture": "#missing", "cullface": "north"}}}, {"from": [3, 0, 15], "to": [3.25, 1, 16], "rotation": {"angle": 0, "axis": "y", "origin": [-5, 8, 8]}, "color": 6, "faces": {"north": {"uv": [0, 15, 1, 16], "texture": "#missing", "cullface": "east"}, "east": {"uv": [0, 15, 1, 16], "texture": "#missing", "cullface": "east"}, "south": {"uv": [0, 15, 1, 16], "texture": "#missing", "cullface": "east"}, "up": {"uv": [1, 16, 0, 15], "texture": "#missing", "cullface": "east"}, "down": {"uv": [1, 16, 0, 15], "texture": "#missing", "cullface": "east"}}}, {"from": [3, 10, 15], "to": [3.25, 12, 16], "rotation": {"angle": 0, "axis": "y", "origin": [-5, 18, 8]}, "color": 0, "faces": {"north": {"uv": [0, 4, 1, 6], "texture": "#missing", "cullface": "east"}, "east": {"uv": [0, 4, 1, 6], "texture": "#missing", "cullface": "east"}, "south": {"uv": [0, 4, 1, 6], "texture": "#missing", "cullface": "east"}, "up": {"uv": [1, 5, 0, 4], "texture": "#missing", "cullface": "east"}, "down": {"uv": [1, 6, 0, 5], "texture": "#missing", "cullface": "east"}}}], "display": {"thirdperson_righthand": {"rotation": [75, 315, 0], "translation": [0, 2.5, 0], "scale": [0.375, 0.375, 0.375]}, "firstperson_righthand": {"rotation": [0, 315, 0], "translation": [0, 2.5, 0], "scale": [0.4, 0.4, 0.4]}, "ground": {"translation": [0, 3, 0], "scale": [0.25, 0.25, 0.25]}, "gui": {"rotation": [30, 45, 0], "scale": [0.625, 0.625, 0.625]}, "head": {"rotation": [0, 180, 0]}, "fixed": {"rotation": [0, 180, 0]}}, "groups": [{"name": "west", "origin": [8, 8, 8], "children": [0, 1, {"name": "west handle", "origin": [8.75, 8, 8], "children": []}]}, {"name": "south", "origin": [8, 8, 8], "children": [2, 3]}, {"name": "north", "origin": [8, 8, 8], "children": [4, 5]}, {"name": "east", "origin": [8, 8, 8], "children": [6, 7, {"name": "east handle", "origin": [-5.75, 8, 8], "children": []}]}]}