{"display": {"thirdperson_righthand": {"rotation": [75, -50, 0], "translation": [1, -0.25, 0], "scale": [0.175, 0.175, 0.175]}, "thirdperson_lefthand": {"rotation": [75, -50, 0], "translation": [0, 1.5, 0], "scale": [0.175, 0.175, 0.175]}, "firstperson_righthand": {"rotation": [0, 45, 0], "scale": [0.4, 0.4, 0.4]}, "firstperson_lefthand": {"rotation": [0, 225, 0], "scale": [0.4, 0.4, 0.4]}, "ground": {"translation": [1.75, 3, 0], "scale": [0.25, 0.25, 0.25]}, "gui": {"rotation": [30, 135, 0], "translation": [-1.25, -2, 0], "scale": [0.425, 0.425, 0.425]}, "head": {"rotation": [0, 180, 0]}, "fixed": {"rotation": [0, -90, 0], "translation": [0, -3.25, 2.5], "scale": [0.5, 0.5, 0.5]}}}