{"parent": "block/orientable", "textures": {"particle": "block/dropper_front", "front": "block/dropper_front", "top": "block/furnace_top", "side": "block/furnace_side"}, "elements": [{"from": [0, 0, 1], "to": [16, 16, 16], "faces": {"north": {"uv": [0, 0, 16, 16], "texture": "#front", "cullface": "north"}, "east": {"uv": [0, 0, 15, 16], "texture": "#side", "cullface": "east"}, "south": {"uv": [0, 0, 16, 16], "texture": "#side", "cullface": "south"}, "west": {"uv": [1, 0, 16, 16], "texture": "#side", "cullface": "west"}, "up": {"uv": [0, 1, 16, 16], "texture": "#top", "cullface": "up"}, "down": {"uv": [0, 0, 16, 15], "texture": "#top", "cullface": "down"}}}, {"from": [-0.25, 1, 1], "to": [0.75, 7, 15], "faces": {"north": {"uv": [1, 9, 2, 15], "texture": "#side", "cullface": "west"}, "south": {"uv": [14, 10, 15, 16], "texture": "#side", "cullface": "west"}, "west": {"uv": [1, 9, 15, 15], "texture": "#side", "cullface": "west"}, "up": {"uv": [1, 9, 15, 10], "rotation": 270, "texture": "#side", "cullface": "west"}, "down": {"uv": [1, 14, 15, 15], "rotation": 270, "texture": "#side", "cullface": "west"}}}, {"from": [1, 1, 15.25], "to": [15, 7, 16.25], "faces": {"east": {"uv": [14, 9, 15, 15], "texture": "#side", "cullface": "south"}, "south": {"uv": [1, 9, 15, 15], "texture": "#side", "cullface": "south"}, "west": {"uv": [1, 9, 2, 15], "texture": "#side", "cullface": "south"}, "up": {"uv": [1, 9, 15, 10], "texture": "#side", "cullface": "south"}, "down": {"uv": [1, 14, 15, 15], "texture": "#side", "cullface": "south"}}}, {"from": [15.25, 1, 1], "to": [16.25, 7, 15], "faces": {"north": {"uv": [14, 9, 15, 15], "texture": "#side", "cullface": "east"}, "east": {"uv": [1, 9, 15, 15], "texture": "#side", "cullface": "east"}, "south": {"uv": [1, 9, 2, 15], "texture": "#side", "cullface": "east"}, "up": {"uv": [1, 9, 15, 10], "rotation": 90, "texture": "#side", "cullface": "east"}, "down": {"uv": [1, 14, 15, 15], "rotation": 90, "texture": "#side", "cullface": "east"}}}, {"from": [0, 0, 0], "to": [5, 16, 1], "faces": {"north": {"uv": [11, 0, 16, 16], "texture": "#front", "cullface": "north"}, "east": {"uv": [11, 0, 12, 16], "texture": "#front", "cullface": "north"}, "west": {"uv": [0, 0, 1, 16], "texture": "#side", "cullface": "west"}, "up": {"uv": [0, 0, 5, 1], "texture": "#top", "cullface": "up"}, "down": {"uv": [0, 15, 5, 16], "texture": "#top", "cullface": "down"}}}, {"from": [11, 0, 0], "to": [16, 16, 1], "faces": {"north": {"uv": [0, 0, 5, 16], "texture": "#front", "cullface": "north"}, "east": {"uv": [0, 0, 1, 16], "texture": "#side", "cullface": "east"}, "west": {"uv": [4, 0, 5, 16], "texture": "#front", "cullface": "north"}, "up": {"uv": [11, 0, 16, 1], "texture": "#top", "cullface": "up"}, "down": {"uv": [11, 15, 16, 16], "texture": "#top", "cullface": "down"}}}, {"from": [5, 0, 0], "to": [11, 4, 1], "faces": {"north": {"uv": [5, 12, 11, 16], "texture": "#front", "cullface": "north"}, "up": {"uv": [5, 12, 11, 13], "texture": "#front", "cullface": "north"}, "down": {"uv": [5, 15, 11, 16], "texture": "#top", "cullface": "down"}}}, {"from": [5, 7, 0], "to": [11, 16, 1], "faces": {"north": {"uv": [5, 0, 11, 9], "texture": "#front", "cullface": "north"}, "up": {"uv": [5, 0, 11, 1], "texture": "#top", "cullface": "up"}, "down": {"uv": [5, 8, 11, 9], "rotation": 180, "texture": "#front", "cullface": "north"}}}, {"from": [5, 4, 0], "to": [7, 5, 1], "faces": {"north": {"uv": [9, 11, 11, 12], "texture": "#front", "cullface": "north"}, "east": {"uv": [9, 11, 10, 12], "texture": "#front", "cullface": "north"}, "up": {"uv": [9, 11, 11, 12], "rotation": 180, "texture": "#front", "cullface": "north"}}}, {"from": [9, 4, 0], "to": [11, 5, 1], "faces": {"north": {"uv": [5, 11, 7, 12], "texture": "#front", "cullface": "north"}, "west": {"uv": [6, 11, 7, 12], "texture": "#front", "cullface": "north"}, "up": {"uv": [5, 11, 7, 12], "rotation": 180, "texture": "#front", "cullface": "north"}}}, {"from": [10, 5, 0], "to": [11, 6, 1], "faces": {"north": {"uv": [5, 10, 6, 11], "texture": "#front", "cullface": "north"}, "west": {"uv": [5, 10, 6, 11], "texture": "#front", "cullface": "north"}, "up": {"uv": [5, 10, 6, 11], "texture": "#front", "cullface": "north"}}}, {"from": [5, 5, 0], "to": [6, 6, 1], "faces": {"north": {"uv": [10, 10, 11, 11], "texture": "#front", "cullface": "north"}, "east": {"uv": [10, 10, 11, 11], "texture": "#front", "cullface": "north"}, "up": {"uv": [10, 10, 11, 11], "texture": "#front", "cullface": "north"}}}]}