{"parent": "block/orientable_vertical", "textures": {"1": "block/dropper_front_vertical", "particle": "block/dropper_front_vertical", "side": "block/furnace_top"}, "elements": [{"from": [0, 0, 0], "to": [16, 15, 16], "faces": {"north": {"uv": [0, 1, 16, 16], "texture": "#side", "cullface": "north"}, "east": {"uv": [0, 1, 16, 16], "texture": "#side", "cullface": "east"}, "south": {"uv": [0, 1, 16, 16], "texture": "#side", "cullface": "south"}, "west": {"uv": [0, 1, 16, 16], "texture": "#side", "cullface": "west"}, "up": {"uv": [0, 0, 16, 16], "texture": "#1", "cullface": "up"}, "down": {"uv": [0, 0, 16, 16], "texture": "#side", "cullface": "down"}}}, {"from": [0, 15, 0], "to": [16, 16, 6], "faces": {"north": {"uv": [0, 0, 16, 1], "texture": "#side", "cullface": "north"}, "east": {"uv": [11, 0, 16, 1], "texture": "#side", "cullface": "east"}, "south": {"uv": [0, 5, 16, 6], "texture": "#1", "cullface": "up"}, "west": {"uv": [0, 0, 5, 1], "texture": "#side", "cullface": "west"}, "up": {"uv": [0, 0, 16, 6], "texture": "#1", "cullface": "up"}}}, {"from": [0, 15, 10], "to": [16, 16, 16], "faces": {"north": {"uv": [0, 10, 16, 11], "texture": "#1", "cullface": "up"}, "east": {"uv": [0, 0, 5, 1], "texture": "#side", "cullface": "east"}, "south": {"uv": [0, 0, 16, 1], "texture": "#side", "cullface": "south"}, "west": {"uv": [11, 0, 16, 1], "texture": "#side", "cullface": "west"}, "up": {"uv": [0, 10, 16, 16], "texture": "#1", "cullface": "up"}}}, {"from": [11, 15, 6], "to": [16, 16, 10], "faces": {"east": {"uv": [5, 0, 11, 1], "texture": "#side", "cullface": "east"}, "west": {"uv": [11, 6, 12, 10], "rotation": 270, "texture": "#1", "cullface": "up"}, "up": {"uv": [11, 6, 16, 10], "texture": "#1", "cullface": "up"}}}, {"from": [0, 15, 6], "to": [5, 16, 10], "faces": {"east": {"uv": [4, 6, 5, 10], "rotation": 90, "texture": "#1", "cullface": "up"}, "west": {"uv": [5, 0, 11, 1], "texture": "#side", "cullface": "west"}, "up": {"uv": [0, 6, 5, 10], "texture": "#1", "cullface": "up"}}}]}