{"ambientocclusion": false, "textures": {"0": "block/glow_lichen", "particle": "block/glow_lichen"}, "elements": [{"from": [2, 0, 0], "to": [3, 1, 1], "rotation": {"angle": 0, "axis": "y", "origin": [8, 8, 8]}, "faces": {"north": {"uv": [3, 15, 2, 16], "texture": "#0", "cullface": "north"}, "east": {"uv": [2, 15, 3, 16], "texture": "#0"}, "south": {"uv": [2, 15, 3, 16], "texture": "#0"}, "west": {"uv": [2, 15, 3, 16], "texture": "#0"}, "up": {"uv": [2, 15, 3, 16], "texture": "#0"}, "down": {"uv": [2, 15, 3, 16], "texture": "#0", "cullface": "down"}}}, {"from": [5, 0, 0], "to": [6, 1, 1], "rotation": {"angle": 0, "axis": "y", "origin": [8, 8, 8]}, "faces": {"north": {"uv": [6, 15, 5, 16], "texture": "#0", "cullface": "north"}, "east": {"uv": [5, 15, 6, 16], "texture": "#0"}, "south": {"uv": [5, 15, 6, 16], "texture": "#0"}, "west": {"uv": [5, 15, 6, 16], "texture": "#0"}, "up": {"uv": [5, 15, 6, 16], "texture": "#0"}, "down": {"uv": [5, 15, 6, 16], "texture": "#0", "cullface": "down"}}}, {"from": [7, 0, 0], "to": [9, 1, 1], "rotation": {"angle": 0, "axis": "y", "origin": [8, 8, 8]}, "faces": {"north": {"uv": [9, 15, 7, 16], "texture": "#0", "cullface": "north"}, "east": {"uv": [8, 15, 9, 16], "texture": "#0"}, "south": {"uv": [7, 15, 9, 16], "texture": "#0"}, "west": {"uv": [7, 15, 8, 16], "texture": "#0"}, "down": {"uv": [7, 15, 9, 16], "texture": "#0", "cullface": "down"}}}, {"from": [13, 0, 0], "to": [15, 1, 1], "rotation": {"angle": 0, "axis": "y", "origin": [8, 8, 8]}, "faces": {"north": {"uv": [15, 15, 13, 16], "texture": "#0", "cullface": "north"}, "east": {"uv": [14, 15, 15, 16], "texture": "#0"}, "south": {"uv": [13, 15, 15, 16], "texture": "#0"}, "west": {"uv": [13, 15, 14, 16], "texture": "#0"}, "up": {"uv": [13, 15, 15, 16], "texture": "#0"}, "down": {"uv": [13, 15, 15, 16], "texture": "#0", "cullface": "down"}}}, {"from": [15, 1, 0], "to": [16, 3, 1], "rotation": {"angle": 0, "axis": "y", "origin": [8, 8, 8]}, "faces": {"north": {"uv": [16, 13, 15, 15], "texture": "#0", "cullface": "north"}, "east": {"uv": [15, 13, 16, 15], "texture": "#0", "cullface": "east"}, "south": {"uv": [15, 13, 16, 15], "texture": "#0"}, "west": {"uv": [15, 13, 16, 15], "texture": "#0"}, "up": {"uv": [15, 13, 16, 14], "texture": "#0"}, "down": {"uv": [15, 14, 16, 15], "texture": "#0"}}}, {"from": [12, 1, 0], "to": [14, 2, 1], "rotation": {"angle": 0, "axis": "y", "origin": [8, 8, 8]}, "faces": {"north": {"uv": [14, 14, 12, 15], "texture": "#0", "cullface": "north"}, "east": {"uv": [13, 14, 14, 15], "texture": "#0"}, "south": {"uv": [12, 14, 14, 15], "texture": "#0"}, "west": {"uv": [12, 14, 13, 15], "texture": "#0"}, "up": {"uv": [12, 14, 14, 15], "texture": "#0"}, "down": {"uv": [12, 14, 14, 15], "texture": "#0"}}}, {"from": [6, 1, 0], "to": [9, 2, 1], "rotation": {"angle": 0, "axis": "y", "origin": [8, 8, 8]}, "faces": {"north": {"uv": [9, 14, 6, 15], "texture": "#0", "cullface": "north"}, "east": {"uv": [8, 14, 9, 15], "texture": "#0"}, "south": {"uv": [6, 14, 9, 15], "texture": "#0"}, "west": {"uv": [6, 14, 7, 15], "texture": "#0"}, "up": {"uv": [6, 14, 9, 15], "texture": "#0"}, "down": {"uv": [6, 14, 9, 15], "texture": "#0"}}}, {"from": [4, 2, 0], "to": [5, 3, 1], "rotation": {"angle": 0, "axis": "y", "origin": [8, 8, 8]}, "faces": {"north": {"uv": [5, 13, 4, 14], "texture": "#0", "cullface": "north"}, "east": {"uv": [7, 12, 8, 13], "texture": "#0"}, "south": {"uv": [4, 13, 5, 14], "texture": "#0"}, "up": {"uv": [4, 13, 5, 14], "texture": "#0"}, "down": {"uv": [4, 13, 5, 14], "texture": "#0"}}}, {"from": [0, 2, 0], "to": [1, 3, 1], "rotation": {"angle": 0, "axis": "y", "origin": [8, 8, 8]}, "faces": {"north": {"uv": [1, 13, 0, 14], "texture": "#0", "cullface": "north"}, "east": {"uv": [0, 13, 1, 14], "texture": "#0"}, "south": {"uv": [0, 13, 1, 14], "texture": "#0"}, "west": {"uv": [0, 13, 1, 14], "texture": "#0", "cullface": "west"}, "up": {"uv": [0, 13, 1, 14], "texture": "#0"}, "down": {"uv": [0, 13, 1, 14], "texture": "#0"}}}, {"from": [9, 2, 0], "to": [10, 3, 1], "rotation": {"angle": 0, "axis": "y", "origin": [8, 8, 8]}, "faces": {"north": {"uv": [10, 13, 9, 14], "texture": "#0", "cullface": "north"}, "east": {"uv": [9, 13, 10, 14], "texture": "#0"}, "south": {"uv": [9, 13, 10, 14], "texture": "#0"}, "west": {"uv": [9, 13, 10, 14], "texture": "#0"}, "up": {"uv": [9, 13, 10, 14], "texture": "#0"}, "down": {"uv": [9, 13, 10, 14], "texture": "#0"}}}, {"from": [10, 3, 0], "to": [13, 4, 1], "rotation": {"angle": 0, "axis": "y", "origin": [8, 8, 8]}, "faces": {"north": {"uv": [13, 12, 10, 13], "texture": "#0", "cullface": "north"}, "east": {"uv": [12, 12, 13, 13], "texture": "#0"}, "south": {"uv": [10, 12, 13, 13], "texture": "#0"}, "west": {"uv": [10, 12, 11, 13], "texture": "#0"}, "down": {"uv": [10, 12, 13, 13], "texture": "#0"}}}, {"from": [7, 3, 0], "to": [8, 4, 1], "rotation": {"angle": 0, "axis": "y", "origin": [8, 8, 8]}, "faces": {"north": {"uv": [8, 12, 7, 13], "texture": "#0", "cullface": "north"}, "east": {"uv": [7, 12, 8, 13], "texture": "#0"}, "south": {"uv": [7, 12, 8, 13], "texture": "#0"}, "west": {"uv": [7, 12, 8, 13], "texture": "#0"}, "up": {"uv": [7, 12, 8, 13], "texture": "#0"}, "down": {"uv": [7, 12, 8, 13], "texture": "#0"}}}, {"from": [3, 1, 0], "to": [4, 5, 1], "rotation": {"angle": 0, "axis": "y", "origin": [8, 8, 8]}, "faces": {"north": {"uv": [4, 11, 3, 15], "texture": "#0", "cullface": "north"}, "east": {"uv": [3, 11, 4, 15], "texture": "#0"}, "south": {"uv": [3, 11, 4, 15], "texture": "#0"}, "west": {"uv": [3, 11, 4, 15], "texture": "#0"}, "up": {"uv": [3, 11, 4, 12], "texture": "#0"}, "down": {"uv": [3, 14, 4, 15], "texture": "#0"}}}, {"from": [2, 4, 0], "to": [3, 7, 1], "rotation": {"angle": 0, "axis": "y", "origin": [8, 8, 8]}, "faces": {"north": {"uv": [3, 9, 2, 12], "texture": "#0", "cullface": "north"}, "east": {"uv": [2, 9, 3, 12], "texture": "#0"}, "south": {"uv": [2, 9, 3, 12], "texture": "#0"}, "west": {"uv": [2, 9, 3, 12], "texture": "#0"}, "up": {"uv": [2, 9, 3, 10], "texture": "#0"}, "down": {"uv": [2, 11, 3, 12], "texture": "#0"}}}, {"from": [1, 6, 0], "to": [2, 8, 1], "rotation": {"angle": 0, "axis": "y", "origin": [8, 8, 8]}, "faces": {"north": {"uv": [2, 8, 1, 10], "texture": "#0", "cullface": "north"}, "east": {"uv": [1, 8, 2, 10], "texture": "#0"}, "south": {"uv": [1, 8, 2, 10], "texture": "#0"}, "west": {"uv": [1, 8, 2, 10], "texture": "#0"}, "up": {"uv": [1, 8, 2, 9], "texture": "#0"}, "down": {"uv": [1, 9, 2, 10], "texture": "#0"}}}, {"from": [2, 8, 0], "to": [4, 9, 1], "rotation": {"angle": 0, "axis": "y", "origin": [8, 8, 8]}, "faces": {"north": {"uv": [4, 7, 2, 8], "texture": "#0", "cullface": "north"}, "east": {"uv": [3, 7, 4, 8], "texture": "#0"}, "south": {"uv": [2, 7, 4, 8], "texture": "#0"}, "west": {"uv": [2, 7, 3, 8], "texture": "#0"}, "up": {"uv": [2, 7, 4, 8], "texture": "#0"}, "down": {"uv": [2, 7, 4, 8], "texture": "#0"}}}, {"from": [4, 5, 0], "to": [5, 6, 1], "rotation": {"angle": 0, "axis": "y", "origin": [8, 8, 8]}, "faces": {"north": {"uv": [5, 10, 4, 11], "texture": "#0", "cullface": "north"}, "east": {"uv": [4, 10, 5, 11], "texture": "#0"}, "south": {"uv": [4, 10, 5, 11], "texture": "#0"}, "west": {"uv": [4, 10, 5, 11], "texture": "#0"}, "up": {"uv": [4, 10, 5, 11], "texture": "#0"}, "down": {"uv": [4, 10, 5, 11], "texture": "#0"}}}, {"from": [5, 4, 0], "to": [7, 5, 1], "rotation": {"angle": 0, "axis": "y", "origin": [8, 8, 8]}, "faces": {"north": {"uv": [7, 11, 5, 12], "texture": "#0", "cullface": "north"}, "east": {"uv": [6, 11, 7, 12], "texture": "#0"}, "south": {"uv": [5, 11, 7, 12], "texture": "#0"}, "west": {"uv": [5, 11, 6, 12], "texture": "#0"}, "up": {"uv": [5, 11, 7, 12], "texture": "#0"}, "down": {"uv": [5, 11, 7, 12], "texture": "#0"}}}, {"from": [9, 4, 0], "to": [14, 5, 1], "rotation": {"angle": 0, "axis": "y", "origin": [8, 8, 8]}, "faces": {"north": {"uv": [14, 11, 9, 12], "texture": "#0", "cullface": "north"}, "east": {"uv": [13, 11, 14, 12], "texture": "#0"}, "south": {"uv": [9, 11, 14, 12], "texture": "#0"}, "west": {"uv": [9, 11, 10, 12], "texture": "#0"}, "up": {"uv": [9, 11, 14, 12], "texture": "#0"}, "down": {"uv": [9, 11, 14, 12], "texture": "#0"}}}, {"from": [11, 5, 0], "to": [14, 6, 1], "rotation": {"angle": 0, "axis": "y", "origin": [8, 8, 8]}, "faces": {"north": {"uv": [14, 10, 11, 11], "texture": "#0", "cullface": "north"}, "east": {"uv": [13, 10, 14, 11], "texture": "#0"}, "south": {"uv": [11, 10, 14, 11], "texture": "#0"}, "west": {"uv": [11, 10, 12, 11], "texture": "#0"}, "up": {"uv": [11, 10, 14, 11], "texture": "#0"}}}, {"from": [11, 6, 0], "to": [13, 7, 1], "rotation": {"angle": 0, "axis": "y", "origin": [8, 8, 8]}, "faces": {"north": {"uv": [13, 9, 11, 10], "texture": "#0", "cullface": "north"}, "east": {"uv": [12, 9, 13, 10], "texture": "#0"}, "south": {"uv": [11, 9, 13, 10], "texture": "#0"}, "west": {"uv": [11, 9, 12, 10], "texture": "#0"}, "up": {"uv": [11, 9, 13, 10], "texture": "#0"}}}, {"from": [9, 5, 0], "to": [10, 6, 1], "rotation": {"angle": 0, "axis": "y", "origin": [8, 8, 8]}, "faces": {"north": {"uv": [10, 10, 9, 11], "texture": "#0", "cullface": "north"}, "east": {"uv": [9, 10, 10, 11], "texture": "#0"}, "south": {"uv": [9, 10, 10, 11], "texture": "#0"}, "up": {"uv": [9, 10, 10, 11], "texture": "#0"}}}, {"from": [8, 5, 0], "to": [9, 9, 1], "rotation": {"angle": 0, "axis": "y", "origin": [8, 8, 8]}, "faces": {"north": {"uv": [9, 7, 8, 11], "texture": "#0", "cullface": "north"}, "east": {"uv": [8, 7, 9, 11], "texture": "#0"}, "south": {"uv": [8, 7, 9, 11], "texture": "#0"}, "west": {"uv": [8, 7, 9, 11], "texture": "#0"}, "down": {"uv": [8, 10, 9, 11], "texture": "#0"}}}, {"from": [6, 7, 0], "to": [8, 8, 1], "rotation": {"angle": 0, "axis": "y", "origin": [8, 8, 8]}, "faces": {"north": {"uv": [8, 8, 6, 9], "texture": "#0", "cullface": "north"}, "south": {"uv": [6, 8, 8, 9], "texture": "#0"}, "west": {"uv": [6, 8, 7, 9], "texture": "#0"}, "up": {"uv": [6, 8, 8, 9], "texture": "#0"}, "down": {"uv": [6, 8, 8, 9], "texture": "#0"}}}, {"from": [8, 9, 0], "to": [11, 10, 1], "rotation": {"angle": 0, "axis": "y", "origin": [8, 8, 8]}, "faces": {"north": {"uv": [11, 6, 8, 7], "texture": "#0", "cullface": "north"}, "east": {"uv": [10, 6, 11, 7], "texture": "#0"}, "south": {"uv": [8, 6, 11, 7], "texture": "#0"}, "west": {"uv": [8, 6, 9, 7], "texture": "#0"}, "up": {"uv": [8, 6, 11, 7], "texture": "#0"}, "down": {"uv": [8, 6, 11, 7], "texture": "#0"}}}, {"from": [5, 8, 0], "to": [6, 13, 1], "rotation": {"angle": 0, "axis": "y", "origin": [8, 8, 8]}, "faces": {"north": {"uv": [6, 3, 5, 8], "texture": "#0", "cullface": "north"}, "east": {"uv": [5, 3, 6, 8], "texture": "#0"}, "south": {"uv": [5, 3, 6, 8], "texture": "#0"}, "west": {"uv": [5, 3, 6, 8], "texture": "#0"}, "down": {"uv": [5, 7, 6, 8], "texture": "#0"}}}, {"from": [6, 10, 0], "to": [7, 12, 1], "rotation": {"angle": 0, "axis": "y", "origin": [8, 8, 8]}, "faces": {"north": {"uv": [7, 4, 6, 6], "texture": "#0", "cullface": "north"}, "east": {"uv": [6, 4, 7, 6], "texture": "#0"}, "south": {"uv": [6, 4, 7, 6], "texture": "#0"}, "up": {"uv": [6, 4, 7, 5], "texture": "#0"}, "down": {"uv": [6, 5, 7, 6], "texture": "#0"}}}, {"from": [7, 10, 0], "to": [9, 11, 1], "rotation": {"angle": 0, "axis": "y", "origin": [8, 8, 8]}, "faces": {"north": {"uv": [9, 5, 7, 6], "texture": "#0", "cullface": "north"}, "east": {"uv": [8, 5, 9, 6], "texture": "#0"}, "south": {"uv": [7, 5, 9, 6], "texture": "#0"}, "up": {"uv": [7, 5, 9, 6], "texture": "#0"}, "down": {"uv": [7, 5, 9, 6], "texture": "#0"}}}, {"from": [3, 11, 0], "to": [4, 13, 1], "rotation": {"angle": 0, "axis": "y", "origin": [8, 8, 8]}, "faces": {"north": {"uv": [4, 3, 3, 5], "texture": "#0", "cullface": "north"}, "east": {"uv": [3, 3, 4, 5], "texture": "#0"}, "south": {"uv": [3, 3, 4, 5], "texture": "#0"}, "west": {"uv": [3, 3, 4, 5], "texture": "#0"}, "down": {"uv": [3, 4, 4, 5], "texture": "#0"}}}, {"from": [3, 13, 0], "to": [6, 14, 1], "rotation": {"angle": 0, "axis": "y", "origin": [8, 8, 8]}, "faces": {"north": {"uv": [6, 2, 3, 3], "texture": "#0", "cullface": "north"}, "east": {"uv": [5, 2, 6, 3], "texture": "#0"}, "south": {"uv": [3, 2, 6, 3], "texture": "#0"}, "west": {"uv": [3, 2, 4, 3], "texture": "#0"}, "up": {"uv": [3, 2, 6, 3], "texture": "#0"}, "down": {"uv": [3, 2, 6, 3], "texture": "#0"}}}, {"from": [0, 13, 0], "to": [2, 14, 1], "rotation": {"angle": 0, "axis": "y", "origin": [8, 8, 8]}, "faces": {"north": {"uv": [2, 2, 0, 3], "texture": "#0", "cullface": "north"}, "east": {"uv": [1, 2, 2, 3], "texture": "#0"}, "south": {"uv": [0, 2, 2, 3], "texture": "#0"}, "west": {"uv": [0, 2, 1, 3], "texture": "#0", "cullface": "west"}, "up": {"uv": [0, 2, 2, 3], "texture": "#0"}, "down": {"uv": [0, 2, 2, 3], "texture": "#0"}}}, {"from": [1, 14, 0], "to": [4, 16, 1], "rotation": {"angle": 0, "axis": "y", "origin": [8, 8, 8]}, "faces": {"north": {"uv": [4, 0, 1, 2], "texture": "#0", "cullface": "north"}, "east": {"uv": [3, 0, 4, 2], "texture": "#0"}, "south": {"uv": [1, 0, 4, 2], "texture": "#0"}, "west": {"uv": [1, 0, 2, 2], "texture": "#0"}, "up": {"uv": [1, 0, 4, 1], "texture": "#0", "cullface": "up"}, "down": {"uv": [1, 1, 4, 2], "texture": "#0"}}}, {"from": [9, 13, 0], "to": [12, 15, 1], "rotation": {"angle": 0, "axis": "y", "origin": [8, 8, 8]}, "faces": {"north": {"uv": [12, 1, 9, 3], "texture": "#0", "cullface": "north"}, "east": {"uv": [11, 1, 12, 3], "texture": "#0"}, "south": {"uv": [9, 1, 12, 3], "texture": "#0"}, "west": {"uv": [9, 1, 10, 3], "texture": "#0"}, "up": {"uv": [9, 1, 12, 2], "texture": "#0"}, "down": {"uv": [9, 2, 12, 3], "texture": "#0"}}}, {"from": [10, 15, 0], "to": [11, 16, 1], "rotation": {"angle": 0, "axis": "y", "origin": [8, 8, 8]}, "faces": {"north": {"uv": [11, 0, 10, 1], "texture": "#0", "cullface": "north"}, "east": {"uv": [10, 0, 11, 1], "texture": "#0"}, "south": {"uv": [10, 0, 11, 1], "texture": "#0"}, "west": {"uv": [10, 0, 11, 1], "texture": "#0"}, "up": {"uv": [10, 0, 11, 1], "texture": "#0", "cullface": "up"}}}, {"from": [8, 15, 0], "to": [9, 16, 1], "rotation": {"angle": 0, "axis": "y", "origin": [8, 8, 8]}, "faces": {"north": {"uv": [9, 0, 8, 1], "texture": "#0", "cullface": "north"}, "east": {"uv": [8, 0, 9, 1], "texture": "#0"}, "south": {"uv": [8, 0, 9, 1], "texture": "#0"}, "west": {"uv": [8, 0, 9, 1], "texture": "#0"}, "up": {"uv": [8, 0, 9, 1], "texture": "#0", "cullface": "up"}, "down": {"uv": [8, 0, 9, 1], "texture": "#0"}}}, {"from": [12, 15, 0], "to": [14, 16, 1], "rotation": {"angle": 0, "axis": "y", "origin": [8, 8, 8]}, "faces": {"north": {"uv": [14, 0, 12, 1], "texture": "#0", "cullface": "north"}, "east": {"uv": [13, 0, 14, 1], "texture": "#0"}, "south": {"uv": [12, 0, 14, 1], "texture": "#0"}, "west": {"uv": [12, 0, 13, 1], "texture": "#0"}, "up": {"uv": [12, 0, 14, 1], "texture": "#0", "cullface": "up"}, "down": {"uv": [12, 0, 14, 1], "texture": "#0"}}}, {"from": [13, 14, 0], "to": [15, 15, 1], "rotation": {"angle": 0, "axis": "y", "origin": [8, 8, 8]}, "faces": {"north": {"uv": [15, 1, 13, 2], "texture": "#0", "cullface": "north"}, "east": {"uv": [14, 1, 15, 2], "texture": "#0"}, "south": {"uv": [13, 1, 15, 2], "texture": "#0"}, "west": {"uv": [13, 1, 14, 2], "texture": "#0"}, "up": {"uv": [13, 1, 15, 2], "texture": "#0"}}}, {"from": [13, 13, 0], "to": [16, 14, 1], "rotation": {"angle": 0, "axis": "y", "origin": [8, 8, 8]}, "faces": {"north": {"uv": [16, 2, 13, 3], "texture": "#0", "cullface": "north"}, "east": {"uv": [15, 2, 16, 3], "texture": "#0", "cullface": "east"}, "south": {"uv": [13, 2, 16, 3], "texture": "#0"}, "west": {"uv": [13, 2, 14, 3], "texture": "#0"}, "up": {"uv": [13, 2, 16, 3], "texture": "#0"}, "down": {"uv": [13, 2, 16, 3], "texture": "#0"}}}, {"from": [14, 12, 0], "to": [15, 13, 1], "rotation": {"angle": 0, "axis": "y", "origin": [8, 8, 8]}, "faces": {"north": {"uv": [15, 3, 14, 4], "texture": "#0", "cullface": "north"}, "east": {"uv": [14, 3, 15, 4], "texture": "#0"}, "south": {"uv": [14, 3, 15, 4], "texture": "#0"}, "west": {"uv": [14, 3, 15, 4], "texture": "#0"}, "down": {"uv": [14, 3, 15, 4], "texture": "#0"}}}, {"from": [15, 7, 0], "to": [16, 8, 1], "rotation": {"angle": 0, "axis": "y", "origin": [8, 8, 8]}, "faces": {"north": {"uv": [16, 8, 15, 9], "texture": "#0", "cullface": "north"}, "east": {"uv": [15, 8, 16, 9], "texture": "#0", "cullface": "east"}, "south": {"uv": [15, 8, 16, 9], "texture": "#0"}, "west": {"uv": [15, 8, 16, 9], "texture": "#0"}, "down": {"uv": [15, 8, 16, 9], "texture": "#0"}}}, {"from": [14, 8, 0], "to": [16, 9, 1], "rotation": {"angle": 0, "axis": "y", "origin": [8, 8, 8]}, "faces": {"north": {"uv": [16, 7, 14, 8], "texture": "#0", "cullface": "north"}, "east": {"uv": [15, 7, 16, 8], "texture": "#0", "cullface": "east"}, "south": {"uv": [14, 7, 16, 8], "texture": "#0"}, "west": {"uv": [14, 7, 15, 8], "texture": "#0"}, "up": {"uv": [14, 7, 16, 8], "texture": "#0"}, "down": {"uv": [14, 7, 16, 8], "texture": "#0"}}}, {"from": [13, 9, 0], "to": [15, 10, 1], "rotation": {"angle": 0, "axis": "y", "origin": [8, 8, 8]}, "faces": {"north": {"uv": [15, 6, 13, 7], "texture": "#0", "cullface": "north"}, "east": {"uv": [14, 6, 15, 7], "texture": "#0"}, "south": {"uv": [13, 6, 15, 7], "texture": "#0"}, "west": {"uv": [13, 6, 14, 7], "texture": "#0"}, "up": {"uv": [13, 6, 15, 7], "texture": "#0"}, "down": {"uv": [13, 6, 15, 7], "texture": "#0"}}}, {"from": [11, 10, 0], "to": [13, 12, 1], "rotation": {"angle": 0, "axis": "y", "origin": [8, 8, 8]}, "faces": {"north": {"uv": [13, 4, 11, 6], "texture": "#0", "cullface": "north"}, "east": {"uv": [12, 4, 13, 6], "texture": "#0"}, "south": {"uv": [11, 4, 13, 6], "texture": "#0"}, "west": {"uv": [11, 4, 12, 6], "texture": "#0"}, "up": {"uv": [11, 4, 13, 5], "texture": "#0"}, "down": {"uv": [11, 5, 13, 6], "texture": "#0"}}}, {"from": [11, 12, 0], "to": [12, 13, 1], "rotation": {"angle": 0, "axis": "y", "origin": [8, 8, 8]}, "faces": {"north": {"uv": [12, 3, 11, 4], "texture": "#0", "cullface": "north"}, "east": {"uv": [11, 3, 12, 4], "texture": "#0"}, "south": {"uv": [11, 3, 12, 4], "texture": "#0"}, "west": {"uv": [11, 3, 12, 4], "texture": "#0"}}}, {"from": [0, 11, 0], "to": [2, 12, 1], "rotation": {"angle": 0, "axis": "y", "origin": [8, 8, 8]}, "faces": {"north": {"uv": [2, 4, 0, 5], "texture": "#0", "cullface": "north"}, "east": {"uv": [1, 4, 2, 5], "texture": "#0"}, "south": {"uv": [0, 4, 2, 5], "texture": "#0"}, "west": {"uv": [0, 4, 1, 5], "texture": "#0", "cullface": "west"}, "up": {"uv": [0, 4, 2, 5], "texture": "#0"}, "down": {"uv": [0, 4, 2, 5], "texture": "#0"}}}, {"from": [2, 12, 0], "to": [3, 13, 1], "rotation": {"angle": 0, "axis": "y", "origin": [8, 8, 8]}, "faces": {"north": {"uv": [3, 3, 2, 4], "texture": "#0", "cullface": "north"}, "south": {"uv": [2, 3, 3, 4], "texture": "#0"}, "west": {"uv": [2, 3, 3, 4], "texture": "#0"}, "up": {"uv": [2, 3, 3, 4], "texture": "#0"}, "down": {"uv": [2, 3, 3, 4], "texture": "#0"}}}]}