{"ambientocclusion": false, "textures": {"bars": "block/iron_bars"}, "elements": [{"from": [7, 0, 2], "to": [9, 16, 4], "faces": {"north": {"uv": [2, 0, 4, 16], "texture": "#bars"}, "east": {"uv": [2, 0, 4, 16], "texture": "#bars"}, "south": {"uv": [2, 0, 4, 16], "texture": "#bars"}, "west": {"uv": [4, 0, 2, 16], "texture": "#bars"}, "up": {"uv": [2, 0, 4, 2], "texture": "#bars", "cullface": "up"}, "down": {"uv": [2, 14, 4, 16], "rotation": 180, "texture": "#bars", "cullface": "down"}}}, {"from": [7, 0, 7], "to": [9, 16, 8], "faces": {"north": {"uv": [7, 0, 9, 16], "texture": "#bars"}, "east": {"uv": [8, 0, 9, 16], "texture": "#bars"}, "south": {"uv": [7, 0, 9, 16], "texture": "#bars"}, "west": {"uv": [8, 0, 9, 16], "texture": "#bars"}, "up": {"uv": [7, 0, 9, 1], "texture": "#bars", "cullface": "up"}, "down": {"uv": [7, 15, 9, 16], "rotation": 180, "texture": "#bars", "cullface": "down"}}}, {"from": [7, 2, 4], "to": [9, 4, 7], "faces": {"east": {"uv": [9, 12, 12, 14], "texture": "#bars"}, "west": {"uv": [12, 12, 9, 14], "texture": "#bars"}, "up": {"uv": [9, 12, 12, 14], "rotation": 270, "texture": "#bars"}, "down": {"uv": [9, 12, 12, 14], "rotation": 90, "texture": "#bars"}}}, {"from": [7, 7, 0], "to": [9, 9, 2], "faces": {"east": {"uv": [14, 7, 16, 9], "texture": "#bars"}, "west": {"uv": [16, 7, 14, 9], "texture": "#bars"}, "up": {"uv": [14, 7, 16, 9], "rotation": 270, "texture": "#bars"}, "down": {"uv": [14, 7, 16, 9], "rotation": 90, "texture": "#bars"}}}]}