{"parent": "block/cube_top", "textures": {"top": "block/jukebox_top", "side": "block/jukebox_side"}, "elements": [{"from": [0, 0, 0], "to": [16, 15, 16], "faces": {"north": {"uv": [0, 1, 16, 16], "texture": "#side", "cullface": "north"}, "east": {"uv": [0, 1, 16, 16], "texture": "#side", "cullface": "east"}, "south": {"uv": [0, 1, 16, 16], "texture": "#side", "cullface": "south"}, "west": {"uv": [0, 1, 16, 16], "texture": "#side", "cullface": "west"}, "up": {"uv": [0, 0, 16, 16], "texture": "#top", "cullface": "up"}, "down": {"uv": [0, 0, 16, 16], "texture": "#side", "cullface": "down"}}}, {"from": [9, 15, 0], "to": [16, 16, 16], "faces": {"north": {"uv": [0, 0, 7, 1], "texture": "#side", "cullface": "north"}, "east": {"uv": [0, 0, 16, 1], "texture": "#side", "cullface": "east"}, "south": {"uv": [9, 0, 16, 1], "texture": "#side", "cullface": "south"}, "west": {"uv": [6, 0, 7, 16], "rotation": 90, "texture": "#top", "cullface": "up"}, "up": {"uv": [9, 0, 16, 16], "texture": "#top", "cullface": "up"}}}, {"from": [0, 15, 0], "to": [7, 16, 16], "faces": {"north": {"uv": [9, 0, 16, 1], "texture": "#side", "cullface": "north"}, "east": {"uv": [9, 0, 10, 16], "rotation": 90, "texture": "#top", "cullface": "up"}, "south": {"uv": [0, 0, 7, 1], "texture": "#side", "cullface": "south"}, "west": {"uv": [0, 0, 16, 1], "texture": "#side", "cullface": "west"}, "up": {"uv": [0, 0, 7, 16], "texture": "#top", "cullface": "up"}}}, {"from": [7, 15, 0], "to": [9, 16, 3], "faces": {"north": {"uv": [9, 0, 16, 1], "texture": "#side", "cullface": "north"}, "south": {"uv": [7, 2, 9, 3], "texture": "#top", "cullface": "up"}, "up": {"uv": [7, 0, 9, 3], "texture": "#top", "cullface": "up"}}}, {"from": [7, 15, 13], "to": [9, 16, 16], "faces": {"north": {"uv": [7, 13, 9, 14], "texture": "#top", "cullface": "up"}, "south": {"uv": [7, 0, 9, 1], "texture": "#side", "cullface": "south"}, "up": {"uv": [7, 13, 9, 16], "texture": "#top", "cullface": "up"}}}]}