{"parent": "block/block", "textures": {"all": "block/lantern", "particle": "block/chain", "1_all": "block/chain"}, "elements": [{"from": [10, 2, 10], "to": [11, 7, 11], "rotation": {"angle": 0, "axis": "y", "origin": [8, 8, 8]}, "faces": {"north": {"uv": [0, 3, 1, 8], "texture": "#all"}, "east": {"uv": [0, 3, 1, 8], "texture": "#all"}, "south": {"uv": [5, 3, 6, 8], "texture": "#all"}, "west": {"uv": [5, 3, 6, 8], "texture": "#all"}}}, {"from": [10, 2, 5], "to": [11, 7, 6], "rotation": {"angle": 0, "axis": "y", "origin": [8, 8, 8]}, "faces": {"north": {"uv": [0, 3, 1, 8], "texture": "#all"}, "east": {"uv": [5, 3, 6, 8], "texture": "#all"}, "south": {"uv": [5, 3, 6, 8], "texture": "#all"}, "west": {"uv": [0, 3, 1, 8], "texture": "#all"}}}, {"from": [5, 2, 5], "to": [6, 7, 6], "rotation": {"angle": 0, "axis": "y", "origin": [8, 8, 8]}, "faces": {"north": {"uv": [5, 3, 6, 8], "texture": "#all"}, "east": {"uv": [5, 3, 6, 8], "texture": "#all"}, "south": {"uv": [0, 3, 1, 8], "texture": "#all"}, "west": {"uv": [0, 3, 1, 8], "texture": "#all"}}}, {"from": [5, 2, 10], "to": [6, 7, 11], "rotation": {"angle": 0, "axis": "y", "origin": [8, 8, 8]}, "faces": {"north": {"uv": [5, 3, 6, 8], "texture": "#all"}, "east": {"uv": [0, 3, 1, 8], "texture": "#all"}, "south": {"uv": [0, 3, 1, 8], "texture": "#all"}, "west": {"uv": [5, 3, 6, 8], "texture": "#all"}}}, {"from": [5, 7, 5], "to": [11, 8, 11], "rotation": {"angle": 0, "axis": "y", "origin": [8, 8, 8]}, "faces": {"north": {"uv": [0, 2, 6, 3], "texture": "#all"}, "east": {"uv": [0, 2, 6, 3], "texture": "#all"}, "south": {"uv": [0, 2, 6, 3], "texture": "#all"}, "west": {"uv": [0, 2, 6, 3], "texture": "#all"}, "up": {"uv": [0, 9, 6, 15], "texture": "#all"}, "down": {"uv": [0, 9, 6, 15], "texture": "#all"}}}, {"from": [5, 1, 5], "to": [11, 2, 11], "rotation": {"angle": 0, "axis": "y", "origin": [8, 8, 8]}, "faces": {"north": {"uv": [0, 8, 6, 9], "texture": "#all"}, "east": {"uv": [0, 8, 6, 9], "texture": "#all"}, "south": {"uv": [0, 8, 6, 9], "texture": "#all"}, "west": {"uv": [0, 8, 6, 9], "texture": "#all"}, "up": {"uv": [0, 9, 6, 15], "texture": "#all"}, "down": {"uv": [0, 9, 6, 15], "texture": "#all"}}}, {"from": [6, 8, 6], "to": [10, 10, 10], "rotation": {"angle": 0, "axis": "y", "origin": [8, 8, 8]}, "faces": {"north": {"uv": [1, 0, 5, 2], "texture": "#all"}, "east": {"uv": [1, 0, 5, 2], "texture": "#all"}, "south": {"uv": [1, 0, 5, 2], "texture": "#all"}, "west": {"uv": [1, 0, 5, 2], "texture": "#all"}, "up": {"uv": [1, 10, 5, 14], "texture": "#all"}}}, {"from": [8.5, 12, 7.75], "to": [9.5, 14, 8.25], "rotation": {"angle": 45, "axis": "y", "origin": [8, 8, 8]}, "faces": {"north": {"uv": [0, 7, 1, 9], "texture": "#1_all"}, "east": {"uv": [0, 7, 0.5, 9], "texture": "#1_all"}, "south": {"uv": [0, 7, 1, 9], "texture": "#1_all"}, "west": {"uv": [0, 7, 0.5, 9], "texture": "#1_all"}}}, {"from": [6.5, 12, 7.75], "to": [7.5, 14, 8.25], "rotation": {"angle": 45, "axis": "y", "origin": [8, 8, 8]}, "faces": {"north": {"uv": [2, 7, 3, 9], "texture": "#1_all"}, "east": {"uv": [2, 7, 2.5, 9], "texture": "#1_all"}, "south": {"uv": [2, 7, 3, 9], "texture": "#1_all"}, "west": {"uv": [2, 7, 2.5, 9], "texture": "#1_all"}}}, {"from": [6.5, 11.025, 7.75], "to": [9.5, 12, 8.25], "rotation": {"angle": 45, "axis": "y", "origin": [8, 8, 8]}, "faces": {"north": {"uv": [0, 9, 3, 10], "texture": "#1_all"}, "east": {"uv": [0, 9, 1, 10], "texture": "#1_all"}, "south": {"uv": [3, 9, 0, 10], "texture": "#1_all"}, "west": {"uv": [2, 9, 3, 10], "texture": "#1_all"}, "up": {"uv": [0, 9, 3, 10], "rotation": 180, "texture": "#1_all"}, "down": {"uv": [0, 9, 3, 10], "rotation": 180, "texture": "#1_all"}}}, {"from": [6.5, 14, 7.75], "to": [9.5, 14.975, 8.25], "rotation": {"angle": 45, "axis": "y", "origin": [8, 8, 8]}, "faces": {"north": {"uv": [0, 6, 3, 7], "texture": "#1_all"}, "east": {"uv": [0, 6, 1, 7], "texture": "#1_all"}, "south": {"uv": [3, 6, 0, 7], "texture": "#1_all"}, "west": {"uv": [2, 6, 3, 7], "texture": "#1_all"}, "up": {"uv": [0, 6, 3, 7], "rotation": 180, "texture": "#1_all"}, "down": {"uv": [0, 6, 3, 7], "rotation": 180, "texture": "#1_all"}}}, {"from": [7.75, 9, 6.5], "to": [8.25, 11, 7.5], "rotation": {"angle": 45, "axis": "y", "origin": [8, 8, 8]}, "faces": {"north": {"uv": [3, 10, 3.5, 12], "texture": "#1_all"}, "east": {"uv": [3, 10, 4, 12], "texture": "#1_all"}, "south": {"uv": [3, 10, 3.5, 12], "texture": "#1_all"}, "west": {"uv": [3, 10, 4, 12], "texture": "#1_all"}}}, {"from": [7.75, 9, 8.5], "to": [8.25, 11, 9.5], "rotation": {"angle": 45, "axis": "y", "origin": [8, 8, 8]}, "faces": {"north": {"uv": [5, 10, 5.5, 12], "texture": "#1_all"}, "east": {"uv": [5, 10, 6, 12], "texture": "#1_all"}, "south": {"uv": [5, 10, 5.5, 12], "texture": "#1_all"}, "west": {"uv": [5, 10, 6, 12], "texture": "#1_all"}}}, {"from": [7.75, 11, 6.5], "to": [8.25, 11.975, 9.5], "rotation": {"angle": 45, "axis": "y", "origin": [8, 8, 8]}, "faces": {"north": {"uv": [3, 9, 4, 10], "texture": "#1_all"}, "east": {"uv": [6, 9, 3, 10], "texture": "#1_all"}, "south": {"uv": [5, 9, 6, 10], "texture": "#1_all"}, "west": {"uv": [3, 9, 6, 10], "texture": "#1_all"}, "up": {"uv": [3, 9, 6, 10], "rotation": 90, "texture": "#1_all"}, "down": {"uv": [3, 9, 6, 10], "rotation": 270, "texture": "#1_all"}}}, {"from": [7.75, 15, 6.5], "to": [8.25, 16, 7.5], "rotation": {"angle": 45, "axis": "y", "origin": [8, 8, 8]}, "faces": {"north": {"uv": [3, 0, 4, 1], "texture": "#1_all"}, "east": {"uv": [3, 0, 4, 1], "texture": "#1_all"}, "south": {"uv": [3, 0, 4, 1], "texture": "#1_all"}, "west": {"uv": [3, 0, 4, 1], "texture": "#1_all"}, "up": {"uv": [3, 0, 4, 1], "texture": "#1_all", "cullface": "up"}}}, {"from": [7.75, 15, 8.5], "to": [8.25, 16, 9.5], "rotation": {"angle": 45, "axis": "y", "origin": [8, 8, 8]}, "faces": {"north": {"uv": [5, 0, 6, 1], "texture": "#1_all"}, "east": {"uv": [5, 0, 6, 1], "texture": "#1_all"}, "south": {"uv": [5, 0, 6, 1], "texture": "#1_all"}, "west": {"uv": [5, 0, 6, 1], "texture": "#1_all"}, "up": {"uv": [5, 0, 6, 1], "texture": "#1_all", "cullface": "up"}}}, {"from": [7.75, 14.025, 6.5], "to": [8.25, 15, 9.5], "rotation": {"angle": 45, "axis": "y", "origin": [8, 8, 8]}, "faces": {"north": {"uv": [3, 1, 4, 2], "texture": "#1_all"}, "east": {"uv": [6, 1, 3, 2], "texture": "#1_all"}, "south": {"uv": [5, 1, 6, 2], "texture": "#1_all"}, "west": {"uv": [3, 1, 6, 2], "texture": "#1_all"}, "up": {"uv": [3, 1, 6, 2], "rotation": 90, "texture": "#1_all"}, "down": {"uv": [3, 1, 6, 2], "rotation": 270, "texture": "#1_all"}}}, {"from": [6, 2, 5.5], "to": [10, 7, 10.5], "rotation": {"angle": 0, "axis": "y", "origin": [8, 8, 8]}, "faces": {"north": {"uv": [1, 3, 5, 8], "texture": "#all"}, "south": {"uv": [1, 3, 5, 8], "texture": "#all"}}}, {"from": [5.5, 2, 6], "to": [10.5, 7, 10], "rotation": {"angle": 0, "axis": "y", "origin": [8, 8, 8]}, "faces": {"east": {"uv": [1, 3, 5, 8], "texture": "#all"}, "west": {"uv": [1, 3, 5, 8], "texture": "#all"}}}], "display": {"thirdperson_righthand": {"translation": [0, 4.25, 1.75], "scale": [0.55, 0.55, 0.55]}, "thirdperson_lefthand": {"translation": [0, 4.25, 1.75], "scale": [0.55, 0.55, 0.55]}, "firstperson_righthand": {"rotation": [0, -90, 25], "translation": [0.13, 5.7, 1.13], "scale": [0.68, 0.68, 0.68]}, "firstperson_lefthand": {"rotation": [0, -90, 25], "translation": [0.13, 5.7, 1.13], "scale": [0.68, 0.68, 0.68]}, "ground": {"translation": [0, 2, 0], "scale": [0.5, 0.5, 0.5]}, "gui": {"rotation": [30, 225, 0], "translation": [0, 3, 0]}, "head": {"rotation": [0, 180, 0], "translation": [0, 13, 7]}, "fixed": {"rotation": [0, 180, 0], "translation": [0, 3, -2.5]}}, "groups": [0, 1, 2, 3, 4, 5, 6, {"name": "chain", "origin": [8, 8, 8], "children": [{"name": "chain", "origin": [8, 8, 8], "children": [7, 8, 9, 10]}, {"name": "chain", "origin": [8, 8, 8], "children": [11, 12, 13]}, {"name": "chain", "origin": [8, 8, 8], "children": [14, 15, 16]}]}, 17, 18]}