{"parent": "block/block", "textures": {"bottom": "block/oak_planks", "base": "block/lectern_base", "front": "block/lectern_front", "particle": "block/lectern_sides", "sides": "block/lectern_sides", "top": "block/lectern_top"}, "elements": [{"from": [0, 0, 0], "to": [16, 2, 16], "faces": {"north": {"uv": [0, 14, 16, 16], "texture": "#base", "cullface": "north"}, "east": {"uv": [0, 6, 16, 8], "texture": "#base", "cullface": "east"}, "south": {"uv": [0, 6, 16, 8], "texture": "#base", "cullface": "south"}, "west": {"uv": [0, 6, 16, 8], "texture": "#base", "cullface": "west"}, "up": {"uv": [0, 0, 16, 16], "rotation": 180, "texture": "#base"}, "down": {"uv": [0, 0, 16, 16], "texture": "#bottom", "cullface": "down"}}}, {"from": [11, 2, 4], "to": [12, 15, 12], "faces": {"north": {"uv": [0, 0, 1, 13], "texture": "#front"}, "east": {"uv": [2, 8, 15, 16], "rotation": 90, "texture": "#sides"}, "south": {"uv": [15, 3, 16, 16], "texture": "#front"}, "west": {"uv": [2, 8, 15, 16], "rotation": 90, "texture": "#sides"}}}, {"from": [4, 2, 4], "to": [5, 15, 12], "faces": {"north": {"uv": [7, 0, 8, 13], "texture": "#front"}, "east": {"uv": [2, 16, 15, 8], "rotation": 90, "texture": "#sides"}, "south": {"uv": [8, 3, 9, 16], "texture": "#front"}, "west": {"uv": [2, 8, 15, 16], "rotation": 90, "texture": "#sides"}}}, {"from": [5, 2, 5], "to": [11, 15, 12], "faces": {"north": {"uv": [1, 0, 7, 13], "texture": "#front"}, "south": {"uv": [9, 3, 15, 16], "texture": "#front"}}}, {"from": [0, 12, 3], "to": [16, 16, 16], "rotation": {"angle": -22.5, "axis": "x", "origin": [8, 8, 8]}, "faces": {"north": {"uv": [0, 0, 16, 4], "texture": "#sides"}, "east": {"uv": [0, 4, 13, 8], "texture": "#sides"}, "south": {"uv": [0, 4, 16, 8], "texture": "#sides"}, "west": {"uv": [0, 4, 13, 8], "texture": "#sides"}, "up": {"uv": [0, 1, 16, 14], "rotation": 180, "texture": "#top"}, "down": {"uv": [0, 0, 16, 13], "texture": "#bottom"}}}, {"from": [5, 2, 4], "to": [11, 3, 5], "faces": {"north": {"uv": [1, 12, 7, 13], "texture": "#front"}, "up": {"uv": [1, 12, 7, 13], "rotation": 180, "texture": "#front"}}}, {"from": [5, 8, 4], "to": [11, 12, 5], "faces": {"north": {"uv": [1, 3, 7, 7], "texture": "#front"}, "down": {"uv": [1, 6, 7, 7], "texture": "#front"}}}, {"from": [5, 0, -0.25], "to": [11, 2.25, 0], "faces": {"north": {"uv": [5, 13.75, 11, 16], "texture": "#base", "cullface": "north"}, "east": {"uv": [5, 13.75, 6, 16], "texture": "#base", "cullface": "north"}, "west": {"uv": [10, 13.75, 11, 16], "texture": "#base", "cullface": "north"}, "up": {"uv": [5, 13.75, 11, 14.75], "texture": "#base", "cullface": "north"}, "down": {"uv": [5, 15, 11, 16], "texture": "#base", "cullface": "north"}}}, {"from": [5, 2, 0], "to": [11, 2.25, 4], "faces": {"east": {"uv": [5, 12, 6, 16], "rotation": 270, "texture": "#base"}, "west": {"uv": [10, 12, 11, 16], "rotation": 90, "texture": "#base"}, "up": {"uv": [5, 12, 11, 16], "rotation": 180, "texture": "#base"}}}, {"from": [0, -0.5, 13], "to": [15, 0, 16], "faces": {"north": {"uv": [0, 2, 15, 3], "rotation": 180, "texture": "#bottom", "cullface": "down"}, "east": {"uv": [14, 0, 15, 3], "rotation": 270, "texture": "#bottom", "cullface": "down"}, "south": {"uv": [0, 0, 15, 1], "texture": "#bottom", "cullface": "down"}, "west": {"uv": [0, 0, 1, 3], "rotation": 90, "texture": "#bottom", "cullface": "down"}, "down": {"uv": [0, 0, 15, 3], "texture": "#bottom", "cullface": "down"}}}, {"from": [8, -0.5, 1], "to": [16, 0, 4], "faces": {"north": {"uv": [8, 14, 16, 15], "rotation": 180, "texture": "#bottom", "cullface": "down"}, "east": {"uv": [15, 12, 16, 15], "rotation": 270, "texture": "#bottom", "cullface": "down"}, "south": {"uv": [8, 12, 16, 13], "texture": "#bottom", "cullface": "down"}, "west": {"uv": [8, 12, 9, 15], "rotation": 90, "texture": "#bottom", "cullface": "down"}, "down": {"uv": [8, 12, 16, 15], "texture": "#bottom", "cullface": "down"}}}, {"from": [8, -0.5, 9], "to": [16, 0, 12], "faces": {"north": {"uv": [8, 6, 16, 7], "rotation": 180, "texture": "#bottom", "cullface": "down"}, "east": {"uv": [15, 4, 16, 7], "rotation": 270, "texture": "#bottom", "cullface": "down"}, "south": {"uv": [8, 4, 16, 5], "texture": "#bottom", "cullface": "down"}, "west": {"uv": [8, 4, 9, 7], "rotation": 90, "texture": "#bottom", "cullface": "down"}, "down": {"uv": [8, 4, 16, 7], "texture": "#bottom", "cullface": "down"}}}, {"from": [0, -0.5, 9], "to": [7, 0, 12], "faces": {"north": {"uv": [0, 6, 7, 7], "rotation": 180, "texture": "#bottom", "cullface": "down"}, "east": {"uv": [6, 4, 7, 7], "rotation": 270, "texture": "#bottom", "cullface": "down"}, "south": {"uv": [0, 4, 7, 5], "texture": "#bottom", "cullface": "down"}, "west": {"uv": [0, 4, 1, 7], "rotation": 90, "texture": "#bottom", "cullface": "down"}, "down": {"uv": [0, 4, 7, 7], "texture": "#bottom", "cullface": "down"}}}, {"from": [0, -0.5, 1], "to": [7, 0, 4], "faces": {"north": {"uv": [0, 14, 7, 15], "rotation": 180, "texture": "#bottom", "cullface": "down"}, "east": {"uv": [6, 12, 7, 15], "rotation": 270, "texture": "#bottom", "cullface": "down"}, "south": {"uv": [0, 12, 7, 13], "texture": "#bottom", "cullface": "down"}, "west": {"uv": [0, 12, 1, 15], "rotation": 90, "texture": "#bottom", "cullface": "down"}, "down": {"uv": [0, 12, 7, 15], "texture": "#bottom", "cullface": "down"}}}, {"from": [0, -0.5, 5], "to": [15, 0, 8], "faces": {"north": {"uv": [0, 10, 15, 11], "rotation": 180, "texture": "#bottom", "cullface": "down"}, "east": {"uv": [14, 8, 15, 11], "rotation": 270, "texture": "#bottom", "cullface": "down"}, "south": {"uv": [0, 8, 15, 9], "texture": "#bottom", "cullface": "down"}, "west": {"uv": [0, 8, 1, 11], "rotation": 90, "texture": "#bottom", "cullface": "down"}, "down": {"uv": [0, 8, 15, 11], "texture": "#bottom", "cullface": "down"}}}], "groups": [0, 1, 2, 3, 4, 5, 6, 7, 8, {"name": "down", "origin": [8, 8, 8], "color": 0, "children": [9, 10, 11, 12, 13, 14]}]}