{"ambientocclusion": false, "textures": {"particle": "block/lily_pad", "texture": "block/lily_pad"}, "elements": [{"from": [1, -2, 4], "to": [2, -1, 11], "rotation": {"angle": 0, "axis": "y", "origin": [8, 6.75, 8]}, "faces": {"north": {"uv": [2, 10, 3, 11], "texture": "#texture", "tintindex": 0}, "south": {"uv": [2, 4, 3, 11], "texture": "#texture", "tintindex": 0}, "west": {"uv": [2, 4, 3, 11], "texture": "#texture", "tintindex": 0}, "up": {"uv": [2, 4, 3, 11], "texture": "#texture", "tintindex": 0}, "down": {"uv": [2, 4, 3, 11], "rotation": 180, "texture": "#texture", "tintindex": 0}}}, {"from": [13, -2, 4], "to": [14, -1, 11], "rotation": {"angle": 0, "axis": "y", "origin": [8, 6.75, 8]}, "faces": {"north": {"uv": [2, 10, 3, 11], "texture": "#texture", "tintindex": 0}, "east": {"uv": [2, 4, 3, 11], "texture": "#texture", "tintindex": 0}, "south": {"uv": [2, 4, 3, 11], "texture": "#texture", "tintindex": 0}, "up": {"uv": [14, 4, 15, 11], "texture": "#texture", "tintindex": 0}, "down": {"uv": [14, 4, 15, 11], "rotation": 180, "texture": "#texture", "tintindex": 0}}}, {"from": [2, -2, 2], "to": [3, -1, 13], "rotation": {"angle": 0, "axis": "y", "origin": [8, 6.75, 8]}, "faces": {"north": {"uv": [2, 10, 3, 11], "texture": "#texture", "tintindex": 0}, "south": {"uv": [2, 4, 3, 11], "texture": "#texture", "tintindex": 0}, "west": {"uv": [2, 4, 3, 11], "texture": "#texture", "tintindex": 0}, "up": {"uv": [3, 2, 4, 13], "texture": "#texture", "tintindex": 0}, "down": {"uv": [3, 2, 4, 13], "rotation": 180, "texture": "#texture", "tintindex": 0}}}, {"from": [12, -2, 2], "to": [13, -1, 13], "rotation": {"angle": 0, "axis": "y", "origin": [8, 6.75, 8]}, "faces": {"north": {"uv": [2, 10, 3, 11], "texture": "#texture", "tintindex": 0}, "east": {"uv": [2, 4, 3, 11], "texture": "#texture", "tintindex": 0}, "south": {"uv": [2, 4, 3, 11], "texture": "#texture", "tintindex": 0}, "up": {"uv": [13, 2, 14, 13], "texture": "#texture", "tintindex": 0}, "down": {"uv": [13, 2, 14, 13], "rotation": 180, "texture": "#texture", "tintindex": 0}}}, {"from": [5, -2, 1], "to": [6, -1, 15], "rotation": {"angle": 0, "axis": "y", "origin": [8, 6.75, 8]}, "faces": {"north": {"uv": [2, 10, 3, 11], "texture": "#texture", "tintindex": 0}, "east": {"uv": [2, 4, 3, 11], "texture": "#texture", "tintindex": 0}, "south": {"uv": [2, 4, 3, 11], "texture": "#texture", "tintindex": 0}, "west": {"uv": [2, 4, 3, 11], "texture": "#texture", "tintindex": 0}, "up": {"uv": [6, 1, 7, 15], "texture": "#texture", "tintindex": 0}, "down": {"uv": [6, 1, 7, 15], "rotation": 180, "texture": "#texture", "tintindex": 0}}}, {"from": [9, -2, 1], "to": [10, -1, 15], "rotation": {"angle": 0, "axis": "y", "origin": [8, 6.75, 8]}, "faces": {"north": {"uv": [2, 10, 3, 11], "texture": "#texture", "tintindex": 0}, "east": {"uv": [2, 4, 3, 11], "texture": "#texture", "tintindex": 0}, "south": {"uv": [2, 4, 3, 11], "texture": "#texture", "tintindex": 0}, "west": {"uv": [2, 4, 3, 11], "texture": "#texture", "tintindex": 0}, "up": {"uv": [10, 1, 11, 15], "texture": "#texture", "tintindex": 0}, "down": {"uv": [10, 1, 11, 15], "rotation": 180, "texture": "#texture", "tintindex": 0}}}, {"from": [6, -2, 3], "to": [7, -1, 15], "rotation": {"angle": 0, "axis": "y", "origin": [8, 6.75, 8]}, "faces": {"north": {"uv": [2, 10, 3, 11], "texture": "#texture", "tintindex": 0}, "east": {"uv": [2, 4, 3, 11], "texture": "#texture", "tintindex": 0}, "south": {"uv": [2, 4, 3, 11], "texture": "#texture", "tintindex": 0}, "up": {"uv": [7, 3, 8, 15], "texture": "#texture", "tintindex": 0}, "down": {"uv": [7, 3, 8, 15], "rotation": 180, "texture": "#texture", "tintindex": 0}}}, {"from": [8, -2, 3], "to": [9, -1, 15], "rotation": {"angle": 0, "axis": "y", "origin": [8, 6.75, 8]}, "faces": {"north": {"uv": [2, 10, 3, 11], "texture": "#texture", "tintindex": 0}, "south": {"uv": [2, 4, 3, 11], "texture": "#texture", "tintindex": 0}, "west": {"uv": [2, 4, 3, 11], "texture": "#texture", "tintindex": 0}, "up": {"uv": [9, 3, 10, 15], "texture": "#texture", "tintindex": 0}, "down": {"uv": [9, 3, 10, 15], "rotation": 180, "texture": "#texture", "tintindex": 0}}}, {"from": [7, -2, 5], "to": [8, -1, 15], "rotation": {"angle": 0, "axis": "y", "origin": [8, 6.75, 8]}, "faces": {"north": {"uv": [2, 10, 3, 11], "texture": "#texture", "tintindex": 0}, "south": {"uv": [2, 4, 3, 11], "texture": "#texture", "tintindex": 0}, "up": {"uv": [8, 5, 9, 15], "texture": "#texture", "tintindex": 0}, "down": {"uv": [8, 5, 9, 15], "rotation": 180, "texture": "#texture", "tintindex": 0}}}, {"from": [10, -2, 1], "to": [12, -1, 14], "faces": {"north": {"uv": [11, 1, 13, 2], "texture": "#texture", "tintindex": 0}, "east": {"uv": [12, 1, 13, 14], "rotation": 90, "texture": "#texture", "tintindex": 0}, "south": {"uv": [11, 13, 13, 14], "texture": "#texture", "tintindex": 0}, "up": {"uv": [11, 1, 13, 14], "texture": "#texture", "tintindex": 0}, "down": {"uv": [11, 1, 13, 14], "rotation": 180, "texture": "#texture", "tintindex": 0}}}, {"from": [3, -2, 1], "to": [5, -1, 14], "faces": {"north": {"uv": [4, 1, 6, 2], "texture": "#texture", "tintindex": 0}, "south": {"uv": [4, 13, 6, 14], "texture": "#texture", "tintindex": 0}, "west": {"uv": [4, 1, 5, 14], "rotation": 90, "texture": "#texture", "tintindex": 0}, "up": {"uv": [4, 1, 6, 14], "texture": "#texture", "tintindex": 0}, "down": {"uv": [4, 1, 6, 14], "rotation": 180, "texture": "#texture", "tintindex": 0}}}], "display": {"thirdperson_righthand": {"rotation": [75, 315, 0], "translation": [0, 2.5, 0], "scale": [0.375, 0.375, 0.375]}, "firstperson_righthand": {"rotation": [0, 315, 0], "translation": [0, 2.5, 0], "scale": [0.4, 0.4, 0.4]}, "ground": {"translation": [0, 3, 0], "scale": [0.25, 0.25, 0.25]}, "gui": {"rotation": [30, 45, 0], "scale": [0.625, 0.625, 0.625]}, "head": {"rotation": [0, 180, 0]}, "fixed": {"rotation": [0, 180, 0]}}}