{"parent": "minecraft:block/cube_column", "textures": {"1": "block/lodestone_side", "particle": "block/lodestone_side", "end": "block/lodestone_top"}, "elements": [{"from": [0, 1, 0], "to": [16, 15, 16], "faces": {"north": {"uv": [0, 1, 16, 15], "texture": "#1", "cullface": "north"}, "east": {"uv": [0, 1, 16, 15], "texture": "#1", "cullface": "east"}, "south": {"uv": [0, 1, 16, 15], "texture": "#1", "cullface": "south"}, "west": {"uv": [0, 1, 16, 15], "texture": "#1", "cullface": "west"}}}, {"from": [0, 0, -0.5], "to": [16, 1, 0], "faces": {"north": {"uv": [0, 15, 16, 16], "texture": "#1", "cullface": "north"}, "east": {"uv": [0, 15, 1, 16], "texture": "#1", "cullface": "north"}, "west": {"uv": [15, 15, 16, 16], "texture": "#1", "cullface": "north"}, "up": {"uv": [0, 15, 16, 16], "rotation": 180, "texture": "#1", "cullface": "north"}, "down": {"uv": [0, 15, 16, 16], "rotation": 180, "texture": "#1", "cullface": "north"}}}, {"from": [0, 15, -0.5], "to": [16, 16, 0], "faces": {"north": {"uv": [0, 0, 16, 1], "texture": "#1", "cullface": "north"}, "east": {"uv": [0, 0, 1, 1], "texture": "#1", "cullface": "north"}, "west": {"uv": [15, 0, 16, 1], "texture": "#1", "cullface": "north"}, "up": {"uv": [0, 0, 16, 1], "rotation": 180, "texture": "#1", "cullface": "north"}, "down": {"uv": [0, 0, 16, 1], "rotation": 180, "texture": "#1", "cullface": "north"}}}, {"from": [15, 1, -0.5], "to": [16, 15, 0], "faces": {"north": {"uv": [0, 1, 1, 15], "texture": "#1", "cullface": "north"}, "east": {"uv": [0, 1, 1, 15], "texture": "#1", "cullface": "north"}, "west": {"uv": [0, 1, 1, 15], "texture": "#1", "cullface": "north"}}}, {"from": [0, 1, -0.5], "to": [1, 15, 0], "faces": {"north": {"uv": [15, 1, 16, 15], "texture": "#1", "cullface": "north"}, "east": {"uv": [15, 1, 16, 15], "texture": "#1", "cullface": "north"}, "west": {"uv": [15, 1, 16, 15], "texture": "#1", "cullface": "north"}}}, {"from": [1, 13, -0.5], "to": [3, 15, 0], "faces": {"north": {"uv": [13, 1, 15, 3], "texture": "#1", "cullface": "north"}, "east": {"uv": [13, 1, 14, 3], "texture": "#1", "cullface": "north"}, "down": {"uv": [13, 2, 15, 3], "rotation": 180, "texture": "#1", "cullface": "north"}}}, {"from": [13, 13, -0.5], "to": [15, 15, 0], "faces": {"north": {"uv": [1, 1, 3, 3], "texture": "#1", "cullface": "north"}, "west": {"uv": [5, 3, 6, 5], "texture": "#1", "cullface": "north"}, "down": {"uv": [1, 2, 3, 3], "rotation": 180, "texture": "#1", "cullface": "north"}}}, {"from": [13, 1, -0.5], "to": [15, 3, 0], "faces": {"north": {"uv": [1, 13, 3, 15], "texture": "#1", "cullface": "north"}, "west": {"uv": [2, 13, 3, 15], "texture": "#1", "cullface": "north"}, "up": {"uv": [1, 13, 3, 14], "rotation": 180, "texture": "#1", "cullface": "north"}}}, {"from": [1, 1, -0.5], "to": [3, 3, 0], "faces": {"north": {"uv": [13, 13, 15, 15], "texture": "#1", "cullface": "north"}, "east": {"uv": [13, 13, 14, 15], "texture": "#1", "cullface": "north"}, "up": {"uv": [13, 13, 15, 14], "rotation": 180, "texture": "#1", "cullface": "north"}}}, {"from": [4, 2, -0.25], "to": [12, 3, 0], "faces": {"north": {"uv": [4, 13, 12, 14], "texture": "#1", "cullface": "north"}, "east": {"uv": [4, 13, 5, 14], "texture": "#1", "cullface": "north"}, "west": {"uv": [10, 13, 11, 14], "texture": "#1", "cullface": "north"}, "up": {"uv": [4, 13, 12, 14], "rotation": 180, "texture": "#1", "cullface": "north"}, "down": {"uv": [4, 13, 12, 14], "rotation": 180, "texture": "#1", "cullface": "north"}}}, {"from": [4, 13, -0.25], "to": [12, 14, 0], "faces": {"north": {"uv": [4, 2, 12, 3], "texture": "#1", "cullface": "north"}, "east": {"uv": [4, 2, 5, 3], "texture": "#1", "cullface": "north"}, "west": {"uv": [11, 2, 12, 3], "texture": "#1", "cullface": "north"}, "up": {"uv": [4, 2, 12, 3], "rotation": 180, "texture": "#1", "cullface": "north"}, "down": {"uv": [4, 2, 12, 3], "rotation": 180, "texture": "#1", "cullface": "north"}}}, {"from": [4, 12, -0.25], "to": [6, 13, 0], "faces": {"north": {"uv": [12, 3, 10, 4], "texture": "#1", "cullface": "north"}, "east": {"uv": [11, 3, 10, 4], "texture": "#1", "cullface": "north"}, "west": {"uv": [12, 3, 11, 4], "texture": "#1", "cullface": "north"}}}, {"from": [10, 12, -0.25], "to": [12, 13, 0], "faces": {"north": {"uv": [4, 3, 6, 4], "texture": "#1", "cullface": "north"}, "east": {"uv": [4, 3, 5, 4], "texture": "#1", "cullface": "north"}, "west": {"uv": [5, 3, 6, 4], "texture": "#1", "cullface": "north"}}}, {"from": [2, 11, -0.25], "to": [6, 12, 0], "faces": {"north": {"uv": [14, 4, 10, 5], "texture": "#1", "cullface": "north"}, "east": {"uv": [11, 4, 10, 5], "texture": "#1", "cullface": "north"}, "west": {"uv": [14, 4, 13, 5], "texture": "#1", "cullface": "north"}, "up": {"uv": [14, 4, 10, 5], "rotation": 180, "texture": "#1", "cullface": "north"}, "down": {"uv": [14, 4, 10, 5], "rotation": 180, "texture": "#1", "cullface": "north"}}}, {"from": [10, 11, -0.25], "to": [14, 12, 0], "faces": {"north": {"uv": [2, 4, 6, 5], "texture": "#1", "cullface": "north"}, "east": {"uv": [2, 4, 3, 5], "texture": "#1", "cullface": "north"}, "west": {"uv": [5, 4, 6, 5], "texture": "#1", "cullface": "north"}, "up": {"uv": [2, 4, 6, 5], "rotation": 180, "texture": "#1", "cullface": "north"}, "down": {"uv": [2, 4, 6, 5], "rotation": 180, "texture": "#1", "cullface": "north"}}}, {"from": [2, 10, -0.25], "to": [5, 11, 0], "faces": {"north": {"uv": [14, 5, 11, 6], "texture": "#1", "cullface": "north"}, "east": {"uv": [12, 5, 11, 6], "texture": "#1", "cullface": "north"}, "west": {"uv": [14, 5, 13, 6], "texture": "#1", "cullface": "north"}, "down": {"uv": [14, 5, 11, 6], "rotation": 180, "texture": "#1", "cullface": "north"}}}, {"from": [11, 10, -0.25], "to": [14, 11, 0], "faces": {"north": {"uv": [2, 5, 5, 6], "texture": "#1", "cullface": "north"}, "east": {"uv": [2, 5, 3, 6], "texture": "#1", "cullface": "north"}, "west": {"uv": [4, 5, 5, 6], "texture": "#1", "cullface": "north"}, "down": {"uv": [2, 5, 5, 6], "rotation": 180, "texture": "#1", "cullface": "north"}}}, {"from": [2, 6, -0.25], "to": [3, 10, 0], "faces": {"north": {"uv": [14, 6, 13, 10], "texture": "#1", "cullface": "north"}, "east": {"uv": [14, 6, 13, 10], "texture": "#1", "cullface": "north"}, "west": {"uv": [14, 6, 13, 10], "texture": "#1", "cullface": "north"}}}, {"from": [13, 6, -0.25], "to": [14, 10, 0], "faces": {"north": {"uv": [2, 6, 3, 10], "texture": "#1", "cullface": "north"}, "east": {"uv": [2, 6, 3, 10], "texture": "#1", "cullface": "north"}, "west": {"uv": [2, 6, 3, 10], "texture": "#1", "cullface": "north"}}}, {"from": [2, 5, -0.25], "to": [5, 6, 0], "faces": {"north": {"uv": [14, 10, 11, 11], "texture": "#1", "cullface": "north"}, "east": {"uv": [12, 10, 11, 11], "texture": "#1", "cullface": "north"}, "west": {"uv": [14, 10, 13, 11], "texture": "#1", "cullface": "north"}, "up": {"uv": [14, 10, 11, 11], "rotation": 180, "texture": "#1", "cullface": "north"}}}, {"from": [11, 5, -0.25], "to": [14, 6, 0], "faces": {"north": {"uv": [2, 10, 5, 11], "texture": "#1", "cullface": "north"}, "east": {"uv": [2, 10, 3, 11], "texture": "#1", "cullface": "north"}, "west": {"uv": [4, 10, 5, 11], "texture": "#1", "cullface": "north"}, "up": {"uv": [2, 10, 5, 11], "rotation": 180, "texture": "#1", "cullface": "north"}}}, {"from": [2, 4, -0.25], "to": [6, 5, 0], "faces": {"north": {"uv": [14, 11, 10, 12], "texture": "#1", "cullface": "north"}, "east": {"uv": [11, 11, 10, 12], "texture": "#1", "cullface": "north"}, "west": {"uv": [14, 11, 13, 12], "texture": "#1", "cullface": "north"}, "up": {"uv": [14, 11, 10, 12], "rotation": 180, "texture": "#1", "cullface": "north"}, "down": {"uv": [14, 11, 10, 12], "rotation": 180, "texture": "#1", "cullface": "north"}}}, {"from": [10, 4, -0.25], "to": [14, 5, 0], "faces": {"north": {"uv": [2, 11, 6, 12], "texture": "#1", "cullface": "north"}, "east": {"uv": [2, 11, 3, 12], "texture": "#1", "cullface": "north"}, "west": {"uv": [5, 11, 6, 12], "texture": "#1", "cullface": "north"}, "up": {"uv": [2, 11, 6, 12], "rotation": 180, "texture": "#1", "cullface": "north"}, "down": {"uv": [2, 11, 6, 12], "rotation": 180, "texture": "#1", "cullface": "north"}}}, {"from": [10, 3, -0.25], "to": [12, 4, 0], "faces": {"north": {"uv": [4, 12, 6, 13], "texture": "#1", "cullface": "north"}, "east": {"uv": [4, 12, 5, 13], "texture": "#1", "cullface": "north"}, "west": {"uv": [5, 12, 6, 13], "texture": "#1", "cullface": "north"}}}, {"from": [4, 3, -0.25], "to": [6, 4, 0], "faces": {"north": {"uv": [9, 9, 11, 10], "texture": "#1", "cullface": "north"}, "east": {"uv": [10, 12, 11, 13], "texture": "#1", "cullface": "north"}, "west": {"uv": [11, 12, 12, 13], "texture": "#1", "cullface": "north"}}}, {"from": [7, 4, -0.25], "to": [9, 5, 0], "faces": {"north": {"uv": [7, 11, 9, 12], "texture": "#1", "cullface": "north"}, "east": {"uv": [7, 11, 8, 12], "texture": "#1", "cullface": "north"}, "west": {"uv": [8, 11, 9, 12], "texture": "#1", "cullface": "north"}, "down": {"uv": [7, 11, 9, 12], "rotation": 180, "texture": "#1", "cullface": "north"}}}, {"from": [6, 5, -0.25], "to": [10, 6, 0], "faces": {"north": {"uv": [6, 10, 10, 11], "texture": "#1", "cullface": "north"}, "east": {"uv": [6, 10, 7, 11], "texture": "#1", "cullface": "north"}, "west": {"uv": [9, 10, 10, 11], "texture": "#1", "cullface": "north"}, "up": {"uv": [6, 10, 10, 11], "rotation": 180, "texture": "#1", "cullface": "north"}, "down": {"uv": [6, 10, 10, 11], "rotation": 180, "texture": "#1", "cullface": "north"}}}, {"from": [5, 6, -0.25], "to": [7, 7, 0], "faces": {"north": {"uv": [11, 9, 9, 10], "texture": "#1", "cullface": "north"}, "east": {"uv": [10, 9, 9, 10], "texture": "#1", "cullface": "north"}, "west": {"uv": [11, 9, 10, 10], "texture": "#1", "cullface": "north"}, "up": {"uv": [11, 9, 9, 10], "rotation": 180, "texture": "#1", "cullface": "north"}, "down": {"uv": [11, 9, 9, 10], "rotation": 180, "texture": "#1", "cullface": "north"}}}, {"from": [9, 6, -0.25], "to": [11, 7, 0], "faces": {"north": {"uv": [5, 9, 7, 10], "texture": "#1", "cullface": "north"}, "east": {"uv": [5, 9, 6, 10], "texture": "#1", "cullface": "north"}, "west": {"uv": [6, 9, 7, 10], "texture": "#1", "cullface": "north"}, "up": {"uv": [5, 9, 7, 10], "rotation": 180, "texture": "#1", "cullface": "north"}, "down": {"uv": [5, 9, 7, 10], "rotation": 180, "texture": "#1", "cullface": "north"}}}, {"from": [4, 7, -0.25], "to": [6, 9, 0], "faces": {"north": {"uv": [12, 7, 10, 9], "texture": "#1", "cullface": "north"}, "east": {"uv": [11, 7, 10, 9], "texture": "#1", "cullface": "north"}, "west": {"uv": [12, 7, 11, 9], "texture": "#1", "cullface": "north"}, "up": {"uv": [12, 7, 10, 8], "rotation": 180, "texture": "#1", "cullface": "north"}, "down": {"uv": [12, 8, 10, 9], "rotation": 180, "texture": "#1", "cullface": "north"}}}, {"from": [10, 7, -0.25], "to": [12, 9, 0], "faces": {"north": {"uv": [4, 7, 6, 9], "texture": "#1", "cullface": "north"}, "east": {"uv": [4, 7, 5, 9], "texture": "#1", "cullface": "north"}, "west": {"uv": [5, 7, 6, 9], "texture": "#1", "cullface": "north"}, "up": {"uv": [4, 7, 6, 8], "rotation": 180, "texture": "#1", "cullface": "north"}, "down": {"uv": [4, 8, 6, 9], "rotation": 180, "texture": "#1", "cullface": "north"}}}, {"from": [5, 9, -0.25], "to": [7, 10, 0], "faces": {"north": {"uv": [11, 6, 9, 7], "texture": "#1", "cullface": "north"}, "east": {"uv": [10, 6, 9, 7], "texture": "#1", "cullface": "north"}, "west": {"uv": [11, 6, 10, 7], "texture": "#1", "cullface": "north"}, "up": {"uv": [11, 6, 9, 7], "rotation": 180, "texture": "#1", "cullface": "north"}, "down": {"uv": [11, 6, 9, 7], "rotation": 180, "texture": "#1", "cullface": "north"}}}, {"from": [9, 9, -0.25], "to": [11, 10, 0], "faces": {"north": {"uv": [5, 6, 7, 7], "texture": "#1", "cullface": "north"}, "east": {"uv": [5, 6, 6, 7], "texture": "#1", "cullface": "north"}, "west": {"uv": [6, 6, 7, 7], "texture": "#1", "cullface": "north"}, "up": {"uv": [5, 6, 7, 7], "rotation": 180, "texture": "#1", "cullface": "north"}, "down": {"uv": [5, 6, 7, 7], "rotation": 180, "texture": "#1", "cullface": "north"}}}, {"from": [6, 10, -0.25], "to": [10, 11, 0], "faces": {"north": {"uv": [6, 5, 10, 6], "texture": "#1", "cullface": "north"}, "east": {"uv": [6, 5, 7, 6], "texture": "#1", "cullface": "north"}, "west": {"uv": [9, 5, 10, 6], "texture": "#1", "cullface": "north"}, "up": {"uv": [6, 5, 10, 6], "rotation": 180, "texture": "#1", "cullface": "north"}, "down": {"uv": [6, 5, 10, 6], "rotation": 180, "texture": "#1", "cullface": "north"}}}, {"from": [7, 11, -0.25], "to": [9, 12, 0], "faces": {"north": {"uv": [7, 4, 9, 5], "texture": "#1", "cullface": "north"}, "east": {"uv": [7, 4, 8, 5], "texture": "#1", "cullface": "north"}, "west": {"uv": [8, 4, 9, 5], "texture": "#1", "cullface": "north"}, "up": {"uv": [7, 4, 9, 5], "rotation": 180, "texture": "#1", "cullface": "north"}}}, {"from": [16, 0, 0], "to": [16.5, 1, 16], "faces": {"north": {"uv": [15, 15, 16, 16], "texture": "#1", "cullface": "east"}, "east": {"uv": [0, 15, 16, 16], "texture": "#1", "cullface": "east"}, "south": {"uv": [0, 15, 1, 16], "texture": "#1", "cullface": "east"}, "up": {"uv": [0, 15, 16, 16], "rotation": 270, "texture": "#1", "cullface": "east"}, "down": {"uv": [0, 15, 16, 16], "rotation": 90, "texture": "#1", "cullface": "east"}}}, {"from": [16, 15, 0], "to": [16.5, 16, 16], "faces": {"north": {"uv": [15, 0, 16, 1], "texture": "#1", "cullface": "east"}, "east": {"uv": [0, 0, 16, 1], "texture": "#1", "cullface": "east"}, "south": {"uv": [0, 0, 1, 1], "texture": "#1", "cullface": "east"}, "up": {"uv": [0, 0, 16, 1], "rotation": 270, "texture": "#1", "cullface": "east"}, "down": {"uv": [0, 0, 16, 1], "rotation": 90, "texture": "#1", "cullface": "east"}}}, {"from": [16, 1, 15], "to": [16.5, 15, 16], "faces": {"north": {"uv": [0, 1, 1, 15], "texture": "#1", "cullface": "east"}, "east": {"uv": [0, 1, 1, 15], "texture": "#1", "cullface": "east"}, "south": {"uv": [0, 1, 1, 15], "texture": "#1", "cullface": "east"}}}, {"from": [16, 1, 0], "to": [16.5, 15, 1], "faces": {"north": {"uv": [15, 1, 16, 15], "texture": "#1", "cullface": "east"}, "east": {"uv": [15, 1, 16, 15], "texture": "#1", "cullface": "east"}, "south": {"uv": [15, 1, 16, 15], "texture": "#1", "cullface": "east"}}}, {"from": [16, 13, 1], "to": [16.5, 15, 3], "faces": {"east": {"uv": [13, 1, 15, 3], "texture": "#1", "cullface": "east"}, "south": {"uv": [13, 1, 14, 3], "texture": "#1", "cullface": "east"}, "down": {"uv": [13, 2, 15, 3], "rotation": 90, "texture": "#1", "cullface": "east"}}}, {"from": [16, 13, 13], "to": [16.5, 15, 15], "faces": {"north": {"uv": [5, 3, 6, 5], "texture": "#1", "cullface": "east"}, "east": {"uv": [1, 1, 3, 3], "texture": "#1", "cullface": "east"}, "down": {"uv": [1, 2, 3, 3], "rotation": 90, "texture": "#1", "cullface": "east"}}}, {"from": [16, 1, 13], "to": [16.5, 3, 15], "faces": {"north": {"uv": [2, 13, 3, 15], "texture": "#1", "cullface": "east"}, "east": {"uv": [1, 13, 3, 15], "texture": "#1", "cullface": "east"}, "up": {"uv": [1, 13, 3, 14], "rotation": 270, "texture": "#1", "cullface": "east"}}}, {"from": [16, 1, 1], "to": [16.5, 3, 3], "faces": {"east": {"uv": [13, 13, 15, 15], "texture": "#1", "cullface": "east"}, "south": {"uv": [13, 13, 14, 15], "texture": "#1", "cullface": "east"}, "up": {"uv": [13, 13, 15, 14], "rotation": 270, "texture": "#1", "cullface": "east"}}}, {"from": [16, 2, 4], "to": [16.25, 3, 12], "faces": {"north": {"uv": [10, 13, 11, 14], "texture": "#1", "cullface": "east"}, "east": {"uv": [4, 13, 12, 14], "texture": "#1", "cullface": "east"}, "south": {"uv": [4, 13, 5, 14], "texture": "#1", "cullface": "east"}, "up": {"uv": [4, 13, 12, 14], "rotation": 270, "texture": "#1", "cullface": "east"}, "down": {"uv": [4, 13, 12, 14], "rotation": 90, "texture": "#1", "cullface": "east"}}}, {"from": [16, 13, 4], "to": [16.25, 14, 12], "faces": {"north": {"uv": [11, 2, 12, 3], "texture": "#1", "cullface": "east"}, "east": {"uv": [4, 2, 12, 3], "texture": "#1", "cullface": "east"}, "south": {"uv": [4, 2, 5, 3], "texture": "#1", "cullface": "east"}, "up": {"uv": [4, 2, 12, 3], "rotation": 270, "texture": "#1", "cullface": "east"}, "down": {"uv": [4, 2, 12, 3], "rotation": 90, "texture": "#1", "cullface": "east"}}}, {"from": [16, 12, 4], "to": [16.25, 13, 6], "faces": {"north": {"uv": [12, 3, 11, 4], "texture": "#1", "cullface": "east"}, "east": {"uv": [12, 3, 10, 4], "texture": "#1", "cullface": "east"}, "south": {"uv": [11, 3, 10, 4], "texture": "#1", "cullface": "east"}}}, {"from": [16, 12, 10], "to": [16.25, 13, 12], "faces": {"north": {"uv": [5, 3, 6, 4], "texture": "#1", "cullface": "east"}, "east": {"uv": [4, 3, 6, 4], "texture": "#1", "cullface": "east"}, "south": {"uv": [4, 3, 5, 4], "texture": "#1", "cullface": "east"}}}, {"from": [16, 11, 2], "to": [16.25, 12, 6], "faces": {"north": {"uv": [14, 4, 13, 5], "texture": "#1", "cullface": "east"}, "east": {"uv": [14, 4, 10, 5], "texture": "#1", "cullface": "east"}, "south": {"uv": [11, 4, 10, 5], "texture": "#1", "cullface": "east"}, "up": {"uv": [14, 4, 10, 5], "rotation": 270, "texture": "#1", "cullface": "east"}, "down": {"uv": [14, 4, 10, 5], "rotation": 90, "texture": "#1", "cullface": "east"}}}, {"from": [16, 11, 10], "to": [16.25, 12, 14], "faces": {"north": {"uv": [5, 4, 6, 5], "texture": "#1", "cullface": "east"}, "east": {"uv": [2, 4, 6, 5], "texture": "#1", "cullface": "east"}, "south": {"uv": [2, 4, 3, 5], "texture": "#1", "cullface": "east"}, "up": {"uv": [2, 4, 6, 5], "rotation": 270, "texture": "#1", "cullface": "east"}, "down": {"uv": [2, 4, 6, 5], "rotation": 90, "texture": "#1", "cullface": "east"}}}, {"from": [16, 10, 2], "to": [16.25, 11, 5], "faces": {"north": {"uv": [14, 5, 13, 6], "texture": "#1", "cullface": "east"}, "east": {"uv": [14, 5, 11, 6], "texture": "#1", "cullface": "east"}, "south": {"uv": [12, 5, 11, 6], "texture": "#1", "cullface": "east"}, "down": {"uv": [14, 5, 11, 6], "rotation": 90, "texture": "#1", "cullface": "east"}}}, {"from": [16, 10, 11], "to": [16.25, 11, 14], "faces": {"north": {"uv": [4, 5, 5, 6], "texture": "#1", "cullface": "east"}, "east": {"uv": [2, 5, 5, 6], "texture": "#1", "cullface": "east"}, "south": {"uv": [2, 5, 3, 6], "texture": "#1", "cullface": "east"}, "down": {"uv": [2, 5, 5, 6], "rotation": 90, "texture": "#1", "cullface": "east"}}}, {"from": [16, 6, 2], "to": [16.25, 10, 3], "faces": {"north": {"uv": [14, 6, 13, 10], "texture": "#1", "cullface": "east"}, "east": {"uv": [14, 6, 13, 10], "texture": "#1", "cullface": "east"}, "south": {"uv": [14, 6, 13, 10], "texture": "#1", "cullface": "east"}}}, {"from": [16, 6, 13], "to": [16.25, 10, 14], "faces": {"north": {"uv": [2, 6, 3, 10], "texture": "#1", "cullface": "east"}, "east": {"uv": [2, 6, 3, 10], "texture": "#1", "cullface": "east"}, "south": {"uv": [2, 6, 3, 10], "texture": "#1", "cullface": "east"}}}, {"from": [16, 5, 2], "to": [16.25, 6, 5], "faces": {"north": {"uv": [14, 10, 13, 11], "texture": "#1", "cullface": "east"}, "east": {"uv": [14, 10, 11, 11], "texture": "#1", "cullface": "east"}, "south": {"uv": [12, 10, 11, 11], "texture": "#1", "cullface": "east"}, "up": {"uv": [14, 10, 11, 11], "rotation": 270, "texture": "#1", "cullface": "east"}}}, {"from": [16, 5, 11], "to": [16.25, 6, 14], "faces": {"north": {"uv": [4, 10, 5, 11], "texture": "#1", "cullface": "east"}, "east": {"uv": [2, 10, 5, 11], "texture": "#1", "cullface": "east"}, "south": {"uv": [2, 10, 3, 11], "texture": "#1", "cullface": "east"}, "up": {"uv": [2, 10, 5, 11], "rotation": 270, "texture": "#1", "cullface": "east"}}}, {"from": [16, 4, 2], "to": [16.25, 5, 6], "faces": {"north": {"uv": [14, 11, 13, 12], "texture": "#1", "cullface": "east"}, "east": {"uv": [14, 11, 10, 12], "texture": "#1", "cullface": "east"}, "south": {"uv": [11, 11, 10, 12], "texture": "#1", "cullface": "east"}, "up": {"uv": [14, 11, 10, 12], "rotation": 270, "texture": "#1", "cullface": "east"}, "down": {"uv": [14, 11, 10, 12], "rotation": 90, "texture": "#1", "cullface": "east"}}}, {"from": [16, 4, 10], "to": [16.25, 5, 14], "faces": {"north": {"uv": [5, 11, 6, 12], "texture": "#1", "cullface": "east"}, "east": {"uv": [2, 11, 6, 12], "texture": "#1", "cullface": "east"}, "south": {"uv": [2, 11, 3, 12], "texture": "#1", "cullface": "east"}, "up": {"uv": [2, 11, 6, 12], "rotation": 270, "texture": "#1", "cullface": "east"}, "down": {"uv": [2, 11, 6, 12], "rotation": 90, "texture": "#1", "cullface": "east"}}}, {"from": [16, 3, 10], "to": [16.25, 4, 12], "faces": {"north": {"uv": [5, 12, 6, 13], "texture": "#1", "cullface": "east"}, "east": {"uv": [4, 12, 6, 13], "texture": "#1", "cullface": "east"}, "south": {"uv": [4, 12, 5, 13], "texture": "#1", "cullface": "east"}}}, {"from": [16, 3, 4], "to": [16.25, 4, 6], "faces": {"north": {"uv": [11, 12, 12, 13], "texture": "#1", "cullface": "east"}, "east": {"uv": [9, 9, 11, 10], "texture": "#1", "cullface": "east"}, "south": {"uv": [10, 12, 11, 13], "texture": "#1", "cullface": "east"}}}, {"from": [16, 4, 7], "to": [16.25, 5, 9], "faces": {"north": {"uv": [8, 11, 9, 12], "texture": "#1", "cullface": "east"}, "east": {"uv": [7, 11, 9, 12], "texture": "#1", "cullface": "east"}, "south": {"uv": [7, 11, 8, 12], "texture": "#1", "cullface": "east"}, "down": {"uv": [7, 11, 9, 12], "rotation": 90, "texture": "#1", "cullface": "east"}}}, {"from": [16, 5, 6], "to": [16.25, 6, 10], "faces": {"north": {"uv": [9, 10, 10, 11], "texture": "#1", "cullface": "east"}, "east": {"uv": [6, 10, 10, 11], "texture": "#1", "cullface": "east"}, "south": {"uv": [6, 10, 7, 11], "texture": "#1", "cullface": "east"}, "up": {"uv": [6, 10, 10, 11], "rotation": 270, "texture": "#1", "cullface": "east"}, "down": {"uv": [6, 10, 10, 11], "rotation": 90, "texture": "#1", "cullface": "east"}}}, {"from": [16, 6, 5], "to": [16.25, 7, 7], "faces": {"north": {"uv": [11, 9, 10, 10], "texture": "#1", "cullface": "east"}, "east": {"uv": [11, 9, 9, 10], "texture": "#1", "cullface": "east"}, "south": {"uv": [10, 9, 9, 10], "texture": "#1", "cullface": "east"}, "up": {"uv": [11, 9, 9, 10], "rotation": 270, "texture": "#1", "cullface": "east"}, "down": {"uv": [11, 9, 9, 10], "rotation": 90, "texture": "#1", "cullface": "east"}}}, {"from": [16, 6, 9], "to": [16.25, 7, 11], "faces": {"north": {"uv": [6, 9, 7, 10], "texture": "#1", "cullface": "east"}, "east": {"uv": [5, 9, 7, 10], "texture": "#1", "cullface": "east"}, "south": {"uv": [5, 9, 6, 10], "texture": "#1", "cullface": "east"}, "up": {"uv": [5, 9, 7, 10], "rotation": 270, "texture": "#1", "cullface": "east"}, "down": {"uv": [5, 9, 7, 10], "rotation": 90, "texture": "#1", "cullface": "east"}}}, {"from": [16, 7, 4], "to": [16.25, 9, 6], "faces": {"north": {"uv": [12, 7, 11, 9], "texture": "#1", "cullface": "east"}, "east": {"uv": [12, 7, 10, 9], "texture": "#1", "cullface": "east"}, "south": {"uv": [11, 7, 10, 9], "texture": "#1", "cullface": "east"}, "up": {"uv": [12, 7, 10, 8], "rotation": 270, "texture": "#1", "cullface": "east"}, "down": {"uv": [12, 8, 10, 9], "rotation": 90, "texture": "#1", "cullface": "east"}}}, {"from": [16, 7, 10], "to": [16.25, 9, 12], "faces": {"north": {"uv": [5, 7, 6, 9], "texture": "#1", "cullface": "east"}, "east": {"uv": [4, 7, 6, 9], "texture": "#1", "cullface": "east"}, "south": {"uv": [4, 7, 5, 9], "texture": "#1", "cullface": "east"}, "up": {"uv": [4, 7, 6, 8], "rotation": 270, "texture": "#1", "cullface": "east"}, "down": {"uv": [4, 8, 6, 9], "rotation": 90, "texture": "#1", "cullface": "east"}}}, {"from": [16, 9, 5], "to": [16.25, 10, 7], "faces": {"north": {"uv": [11, 6, 10, 7], "texture": "#1", "cullface": "east"}, "east": {"uv": [11, 6, 9, 7], "texture": "#1", "cullface": "east"}, "south": {"uv": [10, 6, 9, 7], "texture": "#1", "cullface": "east"}, "up": {"uv": [11, 6, 9, 7], "rotation": 270, "texture": "#1", "cullface": "east"}, "down": {"uv": [11, 6, 9, 7], "rotation": 90, "texture": "#1", "cullface": "east"}}}, {"from": [16, 9, 9], "to": [16.25, 10, 11], "faces": {"north": {"uv": [6, 6, 7, 7], "texture": "#1", "cullface": "east"}, "east": {"uv": [5, 6, 7, 7], "texture": "#1", "cullface": "east"}, "south": {"uv": [5, 6, 6, 7], "texture": "#1", "cullface": "east"}, "up": {"uv": [5, 6, 7, 7], "rotation": 270, "texture": "#1", "cullface": "east"}, "down": {"uv": [5, 6, 7, 7], "rotation": 90, "texture": "#1", "cullface": "east"}}}, {"from": [16, 10, 6], "to": [16.25, 11, 10], "faces": {"north": {"uv": [9, 5, 10, 6], "texture": "#1", "cullface": "east"}, "east": {"uv": [6, 5, 10, 6], "texture": "#1", "cullface": "east"}, "south": {"uv": [6, 5, 7, 6], "texture": "#1", "cullface": "east"}, "up": {"uv": [6, 5, 10, 6], "rotation": 270, "texture": "#1", "cullface": "east"}, "down": {"uv": [6, 5, 10, 6], "rotation": 90, "texture": "#1", "cullface": "east"}}}, {"from": [16, 11, 7], "to": [16.25, 12, 9], "faces": {"north": {"uv": [8, 4, 9, 5], "texture": "#1", "cullface": "east"}, "east": {"uv": [7, 4, 9, 5], "texture": "#1", "cullface": "east"}, "south": {"uv": [7, 4, 8, 5], "texture": "#1", "cullface": "east"}, "up": {"uv": [7, 4, 9, 5], "rotation": 270, "texture": "#1", "cullface": "east"}}}, {"from": [0, 0, 16], "to": [16, 1, 16.5], "faces": {"east": {"uv": [15, 15, 16, 16], "texture": "#1", "cullface": "south"}, "south": {"uv": [0, 15, 16, 16], "texture": "#1", "cullface": "south"}, "west": {"uv": [0, 15, 1, 16], "texture": "#1", "cullface": "south"}, "up": {"uv": [0, 15, 16, 16], "texture": "#1", "cullface": "south"}, "down": {"uv": [0, 15, 16, 16], "texture": "#1", "cullface": "south"}}}, {"from": [0, 15, 16], "to": [16, 16, 16.5], "faces": {"east": {"uv": [15, 0, 16, 1], "texture": "#1", "cullface": "south"}, "south": {"uv": [0, 0, 16, 1], "texture": "#1", "cullface": "south"}, "west": {"uv": [0, 0, 1, 1], "texture": "#1", "cullface": "south"}, "up": {"uv": [0, 0, 16, 1], "texture": "#1", "cullface": "south"}, "down": {"uv": [0, 0, 16, 1], "texture": "#1", "cullface": "south"}}}, {"from": [0, 1, 16], "to": [1, 15, 16.5], "faces": {"east": {"uv": [0, 1, 1, 15], "texture": "#1", "cullface": "south"}, "south": {"uv": [0, 1, 1, 15], "texture": "#1", "cullface": "south"}, "west": {"uv": [0, 1, 1, 15], "texture": "#1", "cullface": "south"}}}, {"from": [15, 1, 16], "to": [16, 15, 16.5], "faces": {"east": {"uv": [15, 1, 16, 15], "texture": "#1", "cullface": "south"}, "south": {"uv": [15, 1, 16, 15], "texture": "#1", "cullface": "south"}, "west": {"uv": [15, 1, 16, 15], "texture": "#1", "cullface": "south"}}}, {"from": [13, 13, 16], "to": [15, 15, 16.5], "faces": {"south": {"uv": [13, 1, 15, 3], "texture": "#1", "cullface": "south"}, "west": {"uv": [13, 1, 14, 3], "texture": "#1", "cullface": "south"}, "down": {"uv": [13, 2, 15, 3], "texture": "#1", "cullface": "south"}}}, {"from": [1, 13, 16], "to": [3, 15, 16.5], "faces": {"east": {"uv": [5, 3, 6, 5], "texture": "#1", "cullface": "south"}, "south": {"uv": [1, 1, 3, 3], "texture": "#1", "cullface": "south"}, "down": {"uv": [1, 2, 3, 3], "texture": "#1", "cullface": "south"}}}, {"from": [1, 1, 16], "to": [3, 3, 16.5], "faces": {"east": {"uv": [2, 13, 3, 15], "texture": "#1", "cullface": "south"}, "south": {"uv": [1, 13, 3, 15], "texture": "#1", "cullface": "south"}, "up": {"uv": [1, 13, 3, 14], "texture": "#1", "cullface": "south"}}}, {"from": [13, 1, 16], "to": [15, 3, 16.5], "faces": {"south": {"uv": [13, 13, 15, 15], "texture": "#1", "cullface": "south"}, "west": {"uv": [13, 13, 14, 15], "texture": "#1", "cullface": "south"}, "up": {"uv": [13, 13, 15, 14], "texture": "#1", "cullface": "south"}}}, {"from": [4, 2, 16], "to": [12, 3, 16.25], "faces": {"east": {"uv": [10, 13, 11, 14], "texture": "#1", "cullface": "south"}, "south": {"uv": [4, 13, 12, 14], "texture": "#1", "cullface": "south"}, "west": {"uv": [4, 13, 5, 14], "texture": "#1", "cullface": "south"}, "up": {"uv": [4, 13, 12, 14], "texture": "#1", "cullface": "south"}, "down": {"uv": [4, 13, 12, 14], "texture": "#1", "cullface": "south"}}}, {"from": [4, 13, 16], "to": [12, 14, 16.25], "faces": {"east": {"uv": [11, 2, 12, 3], "texture": "#1", "cullface": "south"}, "south": {"uv": [4, 2, 12, 3], "texture": "#1", "cullface": "south"}, "west": {"uv": [4, 2, 5, 3], "texture": "#1", "cullface": "south"}, "up": {"uv": [4, 2, 12, 3], "texture": "#1", "cullface": "south"}, "down": {"uv": [4, 2, 12, 3], "texture": "#1", "cullface": "south"}}}, {"from": [10, 12, 16], "to": [12, 13, 16.25], "faces": {"east": {"uv": [12, 3, 11, 4], "texture": "#1", "cullface": "south"}, "south": {"uv": [12, 3, 10, 4], "texture": "#1", "cullface": "south"}, "west": {"uv": [11, 3, 10, 4], "texture": "#1", "cullface": "south"}}}, {"from": [4, 12, 16], "to": [6, 13, 16.25], "faces": {"east": {"uv": [5, 3, 6, 4], "texture": "#1", "cullface": "south"}, "south": {"uv": [4, 3, 6, 4], "texture": "#1", "cullface": "south"}, "west": {"uv": [4, 3, 5, 4], "texture": "#1", "cullface": "south"}}}, {"from": [10, 11, 16], "to": [14, 12, 16.25], "faces": {"east": {"uv": [14, 4, 13, 5], "texture": "#1", "cullface": "south"}, "south": {"uv": [14, 4, 10, 5], "texture": "#1", "cullface": "south"}, "west": {"uv": [11, 4, 10, 5], "texture": "#1", "cullface": "south"}, "up": {"uv": [14, 4, 10, 5], "texture": "#1", "cullface": "south"}, "down": {"uv": [14, 4, 10, 5], "texture": "#1", "cullface": "south"}}}, {"from": [2, 11, 16], "to": [6, 12, 16.25], "faces": {"east": {"uv": [5, 4, 6, 5], "texture": "#1", "cullface": "south"}, "south": {"uv": [2, 4, 6, 5], "texture": "#1", "cullface": "south"}, "west": {"uv": [2, 4, 3, 5], "texture": "#1", "cullface": "south"}, "up": {"uv": [2, 4, 6, 5], "texture": "#1", "cullface": "south"}, "down": {"uv": [2, 4, 6, 5], "texture": "#1", "cullface": "south"}}}, {"from": [11, 10, 16], "to": [14, 11, 16.25], "faces": {"east": {"uv": [14, 5, 13, 6], "texture": "#1", "cullface": "south"}, "south": {"uv": [14, 5, 11, 6], "texture": "#1", "cullface": "south"}, "west": {"uv": [12, 5, 11, 6], "texture": "#1", "cullface": "south"}, "down": {"uv": [14, 5, 11, 6], "texture": "#1", "cullface": "south"}}}, {"from": [2, 10, 16], "to": [5, 11, 16.25], "faces": {"east": {"uv": [4, 5, 5, 6], "texture": "#1", "cullface": "south"}, "south": {"uv": [2, 5, 5, 6], "texture": "#1", "cullface": "south"}, "west": {"uv": [2, 5, 3, 6], "texture": "#1", "cullface": "south"}, "down": {"uv": [2, 5, 5, 6], "texture": "#1", "cullface": "south"}}}, {"from": [13, 6, 16], "to": [14, 10, 16.25], "faces": {"east": {"uv": [14, 6, 13, 10], "texture": "#1", "cullface": "south"}, "south": {"uv": [14, 6, 13, 10], "texture": "#1", "cullface": "south"}, "west": {"uv": [14, 6, 13, 10], "texture": "#1", "cullface": "south"}}}, {"from": [2, 6, 16], "to": [3, 10, 16.25], "faces": {"east": {"uv": [2, 6, 3, 10], "texture": "#1", "cullface": "south"}, "south": {"uv": [2, 6, 3, 10], "texture": "#1", "cullface": "south"}, "west": {"uv": [2, 6, 3, 10], "texture": "#1", "cullface": "south"}}}, {"from": [11, 5, 16], "to": [14, 6, 16.25], "faces": {"east": {"uv": [14, 10, 13, 11], "texture": "#1", "cullface": "south"}, "south": {"uv": [14, 10, 11, 11], "texture": "#1", "cullface": "south"}, "west": {"uv": [12, 10, 11, 11], "texture": "#1", "cullface": "south"}, "up": {"uv": [14, 10, 11, 11], "texture": "#1", "cullface": "south"}}}, {"from": [2, 5, 16], "to": [5, 6, 16.25], "faces": {"east": {"uv": [4, 10, 5, 11], "texture": "#1", "cullface": "south"}, "south": {"uv": [2, 10, 5, 11], "texture": "#1", "cullface": "south"}, "west": {"uv": [2, 10, 3, 11], "texture": "#1", "cullface": "south"}, "up": {"uv": [2, 10, 5, 11], "texture": "#1", "cullface": "south"}}}, {"from": [10, 4, 16], "to": [14, 5, 16.25], "faces": {"east": {"uv": [14, 11, 13, 12], "texture": "#1", "cullface": "south"}, "south": {"uv": [14, 11, 10, 12], "texture": "#1", "cullface": "south"}, "west": {"uv": [11, 11, 10, 12], "texture": "#1", "cullface": "south"}, "up": {"uv": [14, 11, 10, 12], "texture": "#1", "cullface": "south"}, "down": {"uv": [14, 11, 10, 12], "texture": "#1", "cullface": "south"}}}, {"from": [2, 4, 16], "to": [6, 5, 16.25], "faces": {"east": {"uv": [5, 11, 6, 12], "texture": "#1", "cullface": "south"}, "south": {"uv": [2, 11, 6, 12], "texture": "#1", "cullface": "south"}, "west": {"uv": [2, 11, 3, 12], "texture": "#1", "cullface": "south"}, "up": {"uv": [2, 11, 6, 12], "texture": "#1", "cullface": "south"}, "down": {"uv": [2, 11, 6, 12], "texture": "#1", "cullface": "south"}}}, {"from": [4, 3, 16], "to": [6, 4, 16.25], "faces": {"east": {"uv": [5, 12, 6, 13], "texture": "#1", "cullface": "south"}, "south": {"uv": [4, 12, 6, 13], "texture": "#1", "cullface": "south"}, "west": {"uv": [4, 12, 5, 13], "texture": "#1", "cullface": "south"}}}, {"from": [10, 3, 16], "to": [12, 4, 16.25], "faces": {"east": {"uv": [11, 12, 12, 13], "texture": "#1", "cullface": "south"}, "south": {"uv": [9, 9, 11, 10], "texture": "#1", "cullface": "south"}, "west": {"uv": [10, 12, 11, 13], "texture": "#1", "cullface": "south"}}}, {"from": [7, 4, 16], "to": [9, 5, 16.25], "faces": {"east": {"uv": [8, 11, 9, 12], "texture": "#1", "cullface": "south"}, "south": {"uv": [7, 11, 9, 12], "texture": "#1", "cullface": "south"}, "west": {"uv": [7, 11, 8, 12], "texture": "#1", "cullface": "south"}, "down": {"uv": [7, 11, 9, 12], "texture": "#1", "cullface": "south"}}}, {"from": [6, 5, 16], "to": [10, 6, 16.25], "faces": {"east": {"uv": [9, 10, 10, 11], "texture": "#1", "cullface": "south"}, "south": {"uv": [6, 10, 10, 11], "texture": "#1", "cullface": "south"}, "west": {"uv": [6, 10, 7, 11], "texture": "#1", "cullface": "south"}, "up": {"uv": [6, 10, 10, 11], "texture": "#1", "cullface": "south"}, "down": {"uv": [6, 10, 10, 11], "texture": "#1", "cullface": "south"}}}, {"from": [9, 6, 16], "to": [11, 7, 16.25], "faces": {"east": {"uv": [11, 9, 10, 10], "texture": "#1", "cullface": "south"}, "south": {"uv": [11, 9, 9, 10], "texture": "#1", "cullface": "south"}, "west": {"uv": [10, 9, 9, 10], "texture": "#1", "cullface": "south"}, "up": {"uv": [11, 9, 9, 10], "texture": "#1", "cullface": "south"}, "down": {"uv": [11, 9, 9, 10], "texture": "#1", "cullface": "south"}}}, {"from": [5, 6, 16], "to": [7, 7, 16.25], "faces": {"east": {"uv": [6, 9, 7, 10], "texture": "#1", "cullface": "south"}, "south": {"uv": [5, 9, 7, 10], "texture": "#1", "cullface": "south"}, "west": {"uv": [5, 9, 6, 10], "texture": "#1", "cullface": "south"}, "up": {"uv": [5, 9, 7, 10], "texture": "#1", "cullface": "south"}, "down": {"uv": [5, 9, 7, 10], "texture": "#1", "cullface": "south"}}}, {"from": [10, 7, 16], "to": [12, 9, 16.25], "faces": {"east": {"uv": [12, 7, 11, 9], "texture": "#1", "cullface": "south"}, "south": {"uv": [12, 7, 10, 9], "texture": "#1", "cullface": "south"}, "west": {"uv": [11, 7, 10, 9], "texture": "#1", "cullface": "south"}, "up": {"uv": [12, 7, 10, 8], "texture": "#1", "cullface": "south"}, "down": {"uv": [12, 8, 10, 9], "texture": "#1", "cullface": "south"}}}, {"from": [4, 7, 16], "to": [6, 9, 16.25], "faces": {"east": {"uv": [5, 7, 6, 9], "texture": "#1", "cullface": "south"}, "south": {"uv": [4, 7, 6, 9], "texture": "#1", "cullface": "south"}, "west": {"uv": [4, 7, 5, 9], "texture": "#1", "cullface": "south"}, "up": {"uv": [4, 7, 6, 8], "texture": "#1", "cullface": "south"}, "down": {"uv": [4, 8, 6, 9], "texture": "#1", "cullface": "south"}}}, {"from": [9, 9, 16], "to": [11, 10, 16.25], "faces": {"east": {"uv": [11, 6, 10, 7], "texture": "#1", "cullface": "south"}, "south": {"uv": [11, 6, 9, 7], "texture": "#1", "cullface": "south"}, "west": {"uv": [10, 6, 9, 7], "texture": "#1", "cullface": "south"}, "up": {"uv": [11, 6, 9, 7], "texture": "#1", "cullface": "south"}, "down": {"uv": [11, 6, 9, 7], "texture": "#1", "cullface": "south"}}}, {"from": [5, 9, 16], "to": [7, 10, 16.25], "faces": {"east": {"uv": [6, 6, 7, 7], "texture": "#1", "cullface": "south"}, "south": {"uv": [5, 6, 7, 7], "texture": "#1", "cullface": "south"}, "west": {"uv": [5, 6, 6, 7], "texture": "#1", "cullface": "south"}, "up": {"uv": [5, 6, 7, 7], "texture": "#1", "cullface": "south"}, "down": {"uv": [5, 6, 7, 7], "texture": "#1", "cullface": "south"}}}, {"from": [6, 10, 16], "to": [10, 11, 16.25], "faces": {"east": {"uv": [9, 5, 10, 6], "texture": "#1", "cullface": "south"}, "south": {"uv": [6, 5, 10, 6], "texture": "#1", "cullface": "south"}, "west": {"uv": [6, 5, 7, 6], "texture": "#1", "cullface": "south"}, "up": {"uv": [6, 5, 10, 6], "texture": "#1", "cullface": "south"}, "down": {"uv": [6, 5, 10, 6], "texture": "#1", "cullface": "south"}}}, {"from": [7, 11, 16], "to": [9, 12, 16.25], "faces": {"east": {"uv": [8, 4, 9, 5], "texture": "#1", "cullface": "south"}, "south": {"uv": [7, 4, 9, 5], "texture": "#1", "cullface": "south"}, "west": {"uv": [7, 4, 8, 5], "texture": "#1", "cullface": "south"}, "up": {"uv": [7, 4, 9, 5], "texture": "#1", "cullface": "south"}}}, {"from": [-0.5, 0, 0], "to": [0, 1, 16], "faces": {"north": {"uv": [0, 15, 1, 16], "texture": "#1", "cullface": "west"}, "south": {"uv": [15, 15, 16, 16], "texture": "#1", "cullface": "west"}, "west": {"uv": [0, 15, 16, 16], "texture": "#1", "cullface": "west"}, "up": {"uv": [0, 15, 16, 16], "rotation": 90, "texture": "#1", "cullface": "west"}, "down": {"uv": [0, 15, 16, 16], "rotation": 270, "texture": "#1", "cullface": "west"}}}, {"from": [-0.5, 15, 0], "to": [0, 16, 16], "faces": {"north": {"uv": [0, 0, 1, 1], "texture": "#1", "cullface": "west"}, "south": {"uv": [15, 0, 16, 1], "texture": "#1", "cullface": "west"}, "west": {"uv": [0, 0, 16, 1], "texture": "#1", "cullface": "west"}, "up": {"uv": [0, 0, 16, 1], "rotation": 90, "texture": "#1", "cullface": "west"}, "down": {"uv": [0, 0, 16, 1], "rotation": 270, "texture": "#1", "cullface": "west"}}}, {"from": [-0.5, 1, 0], "to": [0, 15, 1], "faces": {"north": {"uv": [0, 1, 1, 15], "texture": "#1", "cullface": "west"}, "south": {"uv": [0, 1, 1, 15], "texture": "#1", "cullface": "west"}, "west": {"uv": [0, 1, 1, 15], "texture": "#1", "cullface": "west"}}}, {"from": [-0.5, 1, 15], "to": [0, 15, 16], "faces": {"north": {"uv": [15, 1, 16, 15], "texture": "#1", "cullface": "west"}, "south": {"uv": [15, 1, 16, 15], "texture": "#1", "cullface": "west"}, "west": {"uv": [15, 1, 16, 15], "texture": "#1", "cullface": "west"}}}, {"from": [-0.5, 13, 13], "to": [0, 15, 15], "faces": {"north": {"uv": [13, 1, 14, 3], "texture": "#1", "cullface": "west"}, "west": {"uv": [13, 1, 15, 3], "texture": "#1", "cullface": "west"}, "down": {"uv": [13, 2, 15, 3], "rotation": 270, "texture": "#1", "cullface": "west"}}}, {"from": [-0.5, 13, 1], "to": [0, 15, 3], "faces": {"south": {"uv": [5, 3, 6, 5], "texture": "#1", "cullface": "west"}, "west": {"uv": [1, 1, 3, 3], "texture": "#1", "cullface": "west"}, "down": {"uv": [1, 2, 3, 3], "rotation": 270, "texture": "#1", "cullface": "west"}}}, {"from": [-0.5, 1, 1], "to": [0, 3, 3], "faces": {"south": {"uv": [2, 13, 3, 15], "texture": "#1", "cullface": "west"}, "west": {"uv": [1, 13, 3, 15], "texture": "#1", "cullface": "west"}, "up": {"uv": [1, 13, 3, 14], "rotation": 90, "texture": "#1", "cullface": "west"}}}, {"from": [-0.5, 1, 13], "to": [0, 3, 15], "faces": {"north": {"uv": [13, 13, 14, 15], "texture": "#1", "cullface": "west"}, "west": {"uv": [13, 13, 15, 15], "texture": "#1", "cullface": "west"}, "up": {"uv": [13, 13, 15, 14], "rotation": 90, "texture": "#1", "cullface": "west"}}}, {"from": [-0.25, 2, 4], "to": [0, 3, 12], "faces": {"north": {"uv": [4, 13, 5, 14], "texture": "#1", "cullface": "west"}, "south": {"uv": [10, 13, 11, 14], "texture": "#1", "cullface": "west"}, "west": {"uv": [4, 13, 12, 14], "texture": "#1", "cullface": "west"}, "up": {"uv": [4, 13, 12, 14], "rotation": 90, "texture": "#1", "cullface": "west"}, "down": {"uv": [4, 13, 12, 14], "rotation": 270, "texture": "#1", "cullface": "west"}}}, {"from": [-0.25, 13, 4], "to": [0, 14, 12], "faces": {"north": {"uv": [4, 2, 5, 3], "texture": "#1", "cullface": "west"}, "south": {"uv": [11, 2, 12, 3], "texture": "#1", "cullface": "west"}, "west": {"uv": [4, 2, 12, 3], "texture": "#1", "cullface": "west"}, "up": {"uv": [4, 2, 12, 3], "rotation": 90, "texture": "#1", "cullface": "west"}, "down": {"uv": [4, 2, 12, 3], "rotation": 270, "texture": "#1", "cullface": "west"}}}, {"from": [-0.25, 12, 10], "to": [0, 13, 12], "faces": {"north": {"uv": [11, 3, 10, 4], "texture": "#1", "cullface": "west"}, "south": {"uv": [12, 3, 11, 4], "texture": "#1", "cullface": "west"}, "west": {"uv": [12, 3, 10, 4], "texture": "#1", "cullface": "west"}}}, {"from": [-0.25, 12, 4], "to": [0, 13, 6], "faces": {"north": {"uv": [4, 3, 5, 4], "texture": "#1", "cullface": "west"}, "south": {"uv": [5, 3, 6, 4], "texture": "#1", "cullface": "west"}, "west": {"uv": [4, 3, 6, 4], "texture": "#1", "cullface": "west"}}}, {"from": [-0.25, 11, 10], "to": [0, 12, 14], "faces": {"north": {"uv": [11, 4, 10, 5], "texture": "#1", "cullface": "west"}, "south": {"uv": [14, 4, 13, 5], "texture": "#1", "cullface": "west"}, "west": {"uv": [14, 4, 10, 5], "texture": "#1", "cullface": "west"}, "up": {"uv": [14, 4, 10, 5], "rotation": 90, "texture": "#1", "cullface": "west"}, "down": {"uv": [14, 4, 10, 5], "rotation": 270, "texture": "#1", "cullface": "west"}}}, {"from": [-0.25, 11, 2], "to": [0, 12, 6], "faces": {"north": {"uv": [2, 4, 3, 5], "texture": "#1", "cullface": "west"}, "south": {"uv": [5, 4, 6, 5], "texture": "#1", "cullface": "west"}, "west": {"uv": [2, 4, 6, 5], "texture": "#1", "cullface": "west"}, "up": {"uv": [2, 4, 6, 5], "rotation": 90, "texture": "#1", "cullface": "west"}, "down": {"uv": [2, 4, 6, 5], "rotation": 270, "texture": "#1", "cullface": "west"}}}, {"from": [-0.25, 10, 11], "to": [0, 11, 14], "faces": {"north": {"uv": [12, 5, 11, 6], "texture": "#1", "cullface": "west"}, "south": {"uv": [14, 5, 13, 6], "texture": "#1", "cullface": "west"}, "west": {"uv": [14, 5, 11, 6], "texture": "#1", "cullface": "west"}, "down": {"uv": [14, 5, 11, 6], "rotation": 270, "texture": "#1", "cullface": "west"}}}, {"from": [-0.25, 10, 2], "to": [0, 11, 5], "faces": {"north": {"uv": [2, 5, 3, 6], "texture": "#1", "cullface": "west"}, "south": {"uv": [4, 5, 5, 6], "texture": "#1", "cullface": "west"}, "west": {"uv": [2, 5, 5, 6], "texture": "#1", "cullface": "west"}, "down": {"uv": [2, 5, 5, 6], "rotation": 270, "texture": "#1", "cullface": "west"}}}, {"from": [-0.25, 6, 13], "to": [0, 10, 14], "faces": {"north": {"uv": [14, 6, 13, 10], "texture": "#1", "cullface": "west"}, "south": {"uv": [14, 6, 13, 10], "texture": "#1", "cullface": "west"}, "west": {"uv": [14, 6, 13, 10], "texture": "#1", "cullface": "west"}}}, {"from": [-0.25, 6, 2], "to": [0, 10, 3], "faces": {"north": {"uv": [2, 6, 3, 10], "texture": "#1", "cullface": "west"}, "south": {"uv": [2, 6, 3, 10], "texture": "#1", "cullface": "west"}, "west": {"uv": [2, 6, 3, 10], "texture": "#1", "cullface": "west"}}}, {"from": [-0.25, 5, 11], "to": [0, 6, 14], "faces": {"north": {"uv": [12, 10, 11, 11], "texture": "#1", "cullface": "west"}, "south": {"uv": [14, 10, 13, 11], "texture": "#1", "cullface": "west"}, "west": {"uv": [14, 10, 11, 11], "texture": "#1", "cullface": "west"}, "up": {"uv": [14, 10, 11, 11], "rotation": 90, "texture": "#1", "cullface": "west"}}}, {"from": [-0.25, 5, 2], "to": [0, 6, 5], "faces": {"north": {"uv": [2, 10, 3, 11], "texture": "#1", "cullface": "west"}, "south": {"uv": [4, 10, 5, 11], "texture": "#1", "cullface": "west"}, "west": {"uv": [2, 10, 5, 11], "texture": "#1", "cullface": "west"}, "up": {"uv": [2, 10, 5, 11], "rotation": 90, "texture": "#1", "cullface": "west"}}}, {"from": [-0.25, 4, 10], "to": [0, 5, 14], "faces": {"north": {"uv": [11, 11, 10, 12], "texture": "#1", "cullface": "west"}, "south": {"uv": [14, 11, 13, 12], "texture": "#1", "cullface": "west"}, "west": {"uv": [14, 11, 10, 12], "texture": "#1", "cullface": "west"}, "up": {"uv": [14, 11, 10, 12], "rotation": 90, "texture": "#1", "cullface": "west"}, "down": {"uv": [14, 11, 10, 12], "rotation": 270, "texture": "#1", "cullface": "west"}}}, {"from": [-0.25, 4, 2], "to": [0, 5, 6], "faces": {"north": {"uv": [2, 11, 3, 12], "texture": "#1", "cullface": "west"}, "south": {"uv": [5, 11, 6, 12], "texture": "#1", "cullface": "west"}, "west": {"uv": [2, 11, 6, 12], "texture": "#1", "cullface": "west"}, "up": {"uv": [2, 11, 6, 12], "rotation": 90, "texture": "#1", "cullface": "west"}, "down": {"uv": [2, 11, 6, 12], "rotation": 270, "texture": "#1", "cullface": "west"}}}, {"from": [-0.25, 3, 4], "to": [0, 4, 6], "faces": {"north": {"uv": [4, 12, 5, 13], "texture": "#1", "cullface": "west"}, "south": {"uv": [5, 12, 6, 13], "texture": "#1", "cullface": "west"}, "west": {"uv": [4, 12, 6, 13], "texture": "#1", "cullface": "west"}}}, {"from": [-0.25, 3, 10], "to": [0, 4, 12], "faces": {"north": {"uv": [10, 12, 11, 13], "texture": "#1", "cullface": "west"}, "south": {"uv": [11, 12, 12, 13], "texture": "#1", "cullface": "west"}, "west": {"uv": [9, 9, 11, 10], "texture": "#1", "cullface": "west"}}}, {"from": [-0.25, 4, 7], "to": [0, 5, 9], "faces": {"north": {"uv": [7, 11, 8, 12], "texture": "#1", "cullface": "west"}, "south": {"uv": [8, 11, 9, 12], "texture": "#1", "cullface": "west"}, "west": {"uv": [7, 11, 9, 12], "texture": "#1", "cullface": "west"}, "down": {"uv": [7, 11, 9, 12], "rotation": 270, "texture": "#1", "cullface": "west"}}}, {"from": [-0.25, 5, 6], "to": [0, 6, 10], "faces": {"north": {"uv": [6, 10, 7, 11], "texture": "#1", "cullface": "west"}, "south": {"uv": [9, 10, 10, 11], "texture": "#1", "cullface": "west"}, "west": {"uv": [6, 10, 10, 11], "texture": "#1", "cullface": "west"}, "up": {"uv": [6, 10, 10, 11], "rotation": 90, "texture": "#1", "cullface": "west"}, "down": {"uv": [6, 10, 10, 11], "rotation": 270, "texture": "#1", "cullface": "west"}}}, {"from": [-0.25, 6, 9], "to": [0, 7, 11], "faces": {"north": {"uv": [10, 9, 9, 10], "texture": "#1", "cullface": "west"}, "south": {"uv": [11, 9, 10, 10], "texture": "#1", "cullface": "west"}, "west": {"uv": [11, 9, 9, 10], "texture": "#1", "cullface": "west"}, "up": {"uv": [11, 9, 9, 10], "rotation": 90, "texture": "#1", "cullface": "west"}, "down": {"uv": [11, 9, 9, 10], "rotation": 270, "texture": "#1", "cullface": "west"}}}, {"from": [-0.25, 6, 5], "to": [0, 7, 7], "faces": {"north": {"uv": [5, 9, 6, 10], "texture": "#1", "cullface": "west"}, "south": {"uv": [6, 9, 7, 10], "texture": "#1", "cullface": "west"}, "west": {"uv": [5, 9, 7, 10], "texture": "#1", "cullface": "west"}, "up": {"uv": [5, 9, 7, 10], "rotation": 90, "texture": "#1", "cullface": "west"}, "down": {"uv": [5, 9, 7, 10], "rotation": 270, "texture": "#1", "cullface": "west"}}}, {"from": [-0.25, 7, 10], "to": [0, 9, 12], "faces": {"north": {"uv": [11, 7, 10, 9], "texture": "#1", "cullface": "west"}, "south": {"uv": [12, 7, 11, 9], "texture": "#1", "cullface": "west"}, "west": {"uv": [12, 7, 10, 9], "texture": "#1", "cullface": "west"}, "up": {"uv": [12, 7, 10, 8], "rotation": 90, "texture": "#1", "cullface": "west"}, "down": {"uv": [12, 8, 10, 9], "rotation": 270, "texture": "#1", "cullface": "west"}}}, {"from": [-0.25, 7, 4], "to": [0, 9, 6], "faces": {"north": {"uv": [4, 7, 5, 9], "texture": "#1", "cullface": "west"}, "south": {"uv": [5, 7, 6, 9], "texture": "#1", "cullface": "west"}, "west": {"uv": [4, 7, 6, 9], "texture": "#1", "cullface": "west"}, "up": {"uv": [4, 7, 6, 8], "rotation": 90, "texture": "#1", "cullface": "west"}, "down": {"uv": [4, 8, 6, 9], "rotation": 270, "texture": "#1", "cullface": "west"}}}, {"from": [-0.25, 9, 9], "to": [0, 10, 11], "faces": {"north": {"uv": [10, 6, 9, 7], "texture": "#1", "cullface": "west"}, "south": {"uv": [11, 6, 10, 7], "texture": "#1", "cullface": "west"}, "west": {"uv": [11, 6, 9, 7], "texture": "#1", "cullface": "west"}, "up": {"uv": [11, 6, 9, 7], "rotation": 90, "texture": "#1", "cullface": "west"}, "down": {"uv": [11, 6, 9, 7], "rotation": 270, "texture": "#1", "cullface": "west"}}}, {"from": [-0.25, 9, 5], "to": [0, 10, 7], "faces": {"north": {"uv": [5, 6, 6, 7], "texture": "#1", "cullface": "west"}, "south": {"uv": [6, 6, 7, 7], "texture": "#1", "cullface": "west"}, "west": {"uv": [5, 6, 7, 7], "texture": "#1", "cullface": "west"}, "up": {"uv": [5, 6, 7, 7], "rotation": 90, "texture": "#1", "cullface": "west"}, "down": {"uv": [5, 6, 7, 7], "rotation": 270, "texture": "#1", "cullface": "west"}}}, {"from": [-0.25, 10, 6], "to": [0, 11, 10], "faces": {"north": {"uv": [6, 5, 7, 6], "texture": "#1", "cullface": "west"}, "south": {"uv": [9, 5, 10, 6], "texture": "#1", "cullface": "west"}, "west": {"uv": [6, 5, 10, 6], "texture": "#1", "cullface": "west"}, "up": {"uv": [6, 5, 10, 6], "rotation": 90, "texture": "#1", "cullface": "west"}, "down": {"uv": [6, 5, 10, 6], "rotation": 270, "texture": "#1", "cullface": "west"}}}, {"from": [-0.25, 11, 7], "to": [0, 12, 9], "faces": {"north": {"uv": [7, 4, 8, 5], "texture": "#1", "cullface": "west"}, "south": {"uv": [8, 4, 9, 5], "texture": "#1", "cullface": "west"}, "west": {"uv": [7, 4, 9, 5], "texture": "#1", "cullface": "west"}, "up": {"uv": [7, 4, 9, 5], "rotation": 90, "texture": "#1", "cullface": "west"}}}, {"from": [0, 15, 0], "to": [16, 16, 1], "rotation": {"angle": 0, "axis": "y", "origin": [8, 23, 8]}, "faces": {"south": {"uv": [0, 0, 16, 1], "texture": "#end", "cullface": "up"}, "up": {"uv": [0, 0, 16, 1], "texture": "#end", "cullface": "up"}}}, {"from": [0, 15, 15], "to": [16, 16, 16], "rotation": {"angle": 0, "axis": "y", "origin": [8, 23, 23]}, "faces": {"north": {"uv": [0, 15, 16, 16], "rotation": 180, "texture": "#end", "cullface": "up"}, "up": {"uv": [0, 15, 16, 16], "texture": "#end", "cullface": "up"}}}, {"from": [0, 15, 1], "to": [1, 16, 15], "rotation": {"angle": 0, "axis": "y", "origin": [8, 23, 22]}, "faces": {"east": {"uv": [0, 1, 1, 15], "rotation": 90, "texture": "#end", "cullface": "up"}, "up": {"uv": [0, 1, 1, 15], "texture": "#end", "cullface": "up"}}}, {"from": [15, 15, 1], "to": [16, 16, 15], "rotation": {"angle": 0, "axis": "y", "origin": [23, 23, 22]}, "faces": {"west": {"uv": [15, 1, 16, 15], "rotation": 270, "texture": "#end", "cullface": "up"}, "up": {"uv": [15, 1, 16, 15], "texture": "#end", "cullface": "up"}}}, {"from": [2, 15, 2], "to": [14, 16, 14], "rotation": {"angle": 0, "axis": "y", "origin": [21, 23, 21]}, "faces": {"north": {"uv": [2, 2, 14, 3], "rotation": 180, "texture": "#end", "cullface": "up"}, "east": {"uv": [13, 2, 14, 14], "rotation": 90, "texture": "#end", "cullface": "up"}, "south": {"uv": [2, 13, 14, 14], "texture": "#end", "cullface": "up"}, "west": {"uv": [2, 2, 3, 14], "rotation": 270, "texture": "#end", "cullface": "up"}, "up": {"uv": [2, 2, 14, 14], "texture": "#end", "cullface": "up"}}}, {"from": [1, 15, 1], "to": [15, 15.5, 15], "rotation": {"angle": 0, "axis": "y", "origin": [9, 23, 9]}, "faces": {"up": {"uv": [1, 1, 15, 15], "texture": "#end", "cullface": "up"}}}, {"from": [0, 0, 15], "to": [16, 1, 16], "faces": {"north": {"uv": [0, 0, 16, 1], "rotation": 180, "texture": "#end", "cullface": "down"}, "down": {"uv": [0, 0, 16, 1], "texture": "#end", "cullface": "down"}}}, {"from": [0, 0, 0], "to": [16, 1, 1], "faces": {"south": {"uv": [0, 15, 16, 16], "texture": "#end", "cullface": "down"}, "down": {"uv": [0, 15, 16, 16], "texture": "#end", "cullface": "down"}}}, {"from": [0, 0, 1], "to": [1, 1, 15], "faces": {"east": {"uv": [0, 1, 1, 15], "rotation": 270, "texture": "#end", "cullface": "down"}, "down": {"uv": [0, 1, 1, 15], "texture": "#end", "cullface": "down"}}}, {"from": [15, 0, 1], "to": [16, 1, 15], "faces": {"west": {"uv": [15, 1, 16, 15], "rotation": 90, "texture": "#end", "cullface": "down"}, "down": {"uv": [15, 1, 16, 15], "texture": "#end", "cullface": "down"}}}, {"from": [2, 0, 2], "to": [14, 1, 14], "faces": {"north": {"uv": [2, 13, 14, 14], "rotation": 180, "texture": "#end", "cullface": "down"}, "east": {"uv": [13, 2, 14, 14], "rotation": 270, "texture": "#end", "cullface": "down"}, "south": {"uv": [2, 2, 14, 3], "texture": "#end", "cullface": "down"}, "west": {"uv": [2, 2, 3, 14], "rotation": 90, "texture": "#end", "cullface": "down"}, "down": {"uv": [2, 2, 14, 14], "texture": "#end", "cullface": "down"}}}, {"from": [1, 0.5, 1], "to": [15, 1, 15], "faces": {"down": {"uv": [1, 1, 15, 15], "texture": "#end", "cullface": "down"}}}], "groups": [0, {"name": "north", "origin": [8, 8, 8], "children": [1, 2, 3, 4, 5, 6, 7, 8, 9, 10, 11, 12, 13, 14, 15, 16, 17, 18, 19, 20, 21, 22, 23, 24, 25, 26, 27, 28, 29, 30, 31, 32, 33, 34]}, {"name": "east", "origin": [8, 8, 8], "children": [35, 36, 37, 38, 39, 40, 41, 42, 43, 44, 45, 46, 47, 48, 49, 50, 51, 52, 53, 54, 55, 56, 57, 58, 59, 60, 61, 62, 63, 64, 65, 66, 67, 68]}, {"name": "south", "origin": [8, 8, 8], "children": [69, 70, 71, 72, 73, 74, 75, 76, 77, 78, 79, 80, 81, 82, 83, 84, 85, 86, 87, 88, 89, 90, 91, 92, 93, 94, 95, 96, 97, 98, 99, 100, 101, 102]}, {"name": "west", "origin": [8, 8, 8], "children": [103, 104, 105, 106, 107, 108, 109, 110, 111, 112, 113, 114, 115, 116, 117, 118, 119, 120, 121, 122, 123, 124, 125, 126, 127, 128, 129, 130, 131, 132, 133, 134, 135, 136]}, {"name": "up", "origin": [8, 8, 8], "children": [137, 138, 139, 140, 141, 142]}, {"name": "down", "origin": [8, 8, 8], "children": [143, 144, 145, 146, 147, 148]}]}