{"parent": "minecraft:block/door_top", "textures": {"top": "minecraft:block/mangrove_door_top"}, "elements": [{"from": [-0.25, 0, 0], "to": [0, 1, 1], "faces": {"north": {"uv": [0, 15, 1, 16], "texture": "#top", "cullface": "west"}, "south": {"uv": [0, 15, 1, 16], "texture": "#top", "cullface": "west"}, "west": {"uv": [0, 15, 1, 16], "texture": "#top", "cullface": "west"}, "up": {"uv": [0, 15, 1, 16], "texture": "#top", "cullface": "west"}, "down": {"uv": [0, 15, 1, 16], "texture": "#top", "cullface": "west"}}}, {"from": [-0.25, 10, 0], "to": [0, 12, 1], "rotation": {"angle": 0, "axis": "y", "origin": [8, 18, 8]}, "faces": {"north": {"uv": [0, 4, 1, 6], "texture": "#top", "cullface": "west"}, "south": {"uv": [0, 4, 1, 6], "texture": "#top", "cullface": "west"}, "west": {"uv": [0, 4, 1, 6], "texture": "#top", "cullface": "west"}, "up": {"uv": [0, 4, 1, 5], "texture": "#top", "cullface": "west"}, "down": {"uv": [0, 5, 1, 6], "texture": "#top", "cullface": "west"}}}, {"from": [0.02, 0, -0.25], "to": [1.02, 1, 0], "faces": {"north": {"uv": [1, 15, 0, 16], "texture": "#top", "cullface": "north"}, "east": {"uv": [1, 15, 0, 16], "texture": "#top", "cullface": "north"}, "west": {"uv": [1, 15, 0, 16], "texture": "#top", "cullface": "north"}, "up": {"uv": [0, 16, 1, 15], "rotation": 90, "texture": "#top", "cullface": "north"}, "down": {"uv": [0, 16, 1, 15], "rotation": 270, "texture": "#top"}}}, {"from": [0.02, 10, -0.25], "to": [1.02, 12, 0], "rotation": {"angle": 0, "axis": "y", "origin": [8, 18, 8]}, "faces": {"north": {"uv": [1, 4, 0, 6], "texture": "#top", "cullface": "north"}, "east": {"uv": [1, 4, 0, 6], "texture": "#top", "cullface": "north"}, "west": {"uv": [1, 4, 0, 6], "texture": "#top", "cullface": "north"}, "up": {"uv": [0, 5, 1, 4], "rotation": 90, "texture": "#top", "cullface": "north"}, "down": {"uv": [0, 6, 1, 5], "rotation": 270, "texture": "#top"}}}, {"from": [0.02, 0, 16], "to": [1.02, 1, 16.25], "faces": {"east": {"uv": [0, 15, 1, 16], "texture": "#top", "cullface": "south"}, "south": {"uv": [0, 15, 1, 16], "texture": "#top", "cullface": "south"}, "west": {"uv": [0, 15, 1, 16], "texture": "#top", "cullface": "south"}, "up": {"uv": [1, 16, 0, 15], "rotation": 90, "texture": "#top", "cullface": "south"}, "down": {"uv": [1, 16, 0, 15], "rotation": 270, "texture": "#top", "cullface": "south"}}}, {"from": [0.02, 10, 16], "to": [1.02, 12, 16.25], "rotation": {"angle": 0, "axis": "y", "origin": [8, 18, 8]}, "faces": {"east": {"uv": [0, 4, 1, 6], "texture": "#top", "cullface": "south"}, "south": {"uv": [0, 4, 1, 6], "texture": "#top", "cullface": "south"}, "west": {"uv": [0, 4, 1, 6], "texture": "#top", "cullface": "south"}, "up": {"uv": [1, 5, 0, 4], "rotation": 90, "texture": "#top", "cullface": "south"}, "down": {"uv": [1, 6, 0, 5], "rotation": 270, "texture": "#top", "cullface": "south"}}}, {"from": [3, 0, 0], "to": [3.25, 1, 1], "rotation": {"angle": 0, "axis": "y", "origin": [-5, 8, 8]}, "faces": {"north": {"uv": [1, 15, 0, 16], "texture": "#top"}, "east": {"uv": [1, 15, 0, 16], "texture": "#top"}, "south": {"uv": [1, 15, 0, 16], "texture": "#top"}, "up": {"uv": [1, 15, 0, 16], "texture": "#top"}, "down": {"uv": [1, 15, 0, 16], "texture": "#top"}}}, {"from": [3, 10, 0], "to": [3.25, 12, 1], "rotation": {"angle": 0, "axis": "y", "origin": [-5, 18, 8]}, "faces": {"north": {"uv": [1, 4, 0, 6], "texture": "#top"}, "east": {"uv": [1, 4, 0, 6], "texture": "#top"}, "south": {"uv": [1, 4, 0, 6], "texture": "#top"}, "up": {"uv": [1, 4, 0, 5], "texture": "#top"}, "down": {"uv": [1, 5, 0, 6], "texture": "#top"}}}, {"from": [0, 0, 0], "to": [3, 16, 16], "faces": {"north": {"uv": [3, 0, 0, 16], "texture": "#top", "cullface": "north"}, "east": {"uv": [16, 0, 0, 16], "texture": "#top"}, "south": {"uv": [0, 0, 3, 16], "texture": "#top", "cullface": "south"}, "west": {"uv": [0, 0, 16, 16], "texture": "#top", "cullface": "west"}, "up": {"uv": [0, 0, 16, 3], "rotation": 90, "texture": "#top", "cullface": "up"}}}], "groups": [{"name": "west", "origin": [8, 8, 8], "color": 0, "children": [0, 1, {"name": "west handle", "origin": [8.75, 8, 8], "color": 0, "children": []}]}, {"name": "north", "origin": [8, 8, 8], "color": 0, "children": [2, 3]}, {"name": "south", "origin": [8, 8, 8], "color": 0, "children": [4, 5]}, {"name": "east", "origin": [8, 8, 8], "color": 0, "children": [6, 7, {"name": "east handle", "origin": [-5.75, 8, 8], "color": 0, "children": []}]}, 8]}