{"parent": "block/crop", "ambientocclusion": false, "textures": {"particle": "block/nether_wart_stage1", "crop": "block/nether_wart_stage1"}, "elements": [{"from": [10, 0, 2], "to": [14, 9, 6], "rotation": {"angle": 0, "axis": "y", "origin": [8, 9, 8]}, "faces": {"north": {"uv": [2, 7, 6, 16], "texture": "#crop"}, "east": {"uv": [2, 7, 6, 16], "texture": "#crop"}, "south": {"uv": [2, 7, 6, 16], "texture": "#crop"}, "west": {"uv": [2, 7, 6, 16], "texture": "#crop"}}}, {"from": [10, 6, 1], "to": [14, 9, 2], "rotation": {"angle": 0, "axis": "y", "origin": [8, 9, 8]}, "faces": {"north": {"uv": [2, 7, 6, 10], "texture": "#crop"}, "east": {"uv": [2, 7, 3, 10], "texture": "#crop"}, "west": {"uv": [5, 7, 6, 10], "texture": "#crop"}, "up": {"uv": [2, 7, 6, 8], "rotation": 180, "texture": "#crop"}, "down": {"uv": [2, 9, 6, 10], "rotation": 180, "texture": "#crop"}}}, {"from": [9, 6, 2], "to": [10, 9, 6], "rotation": {"angle": 0, "axis": "y", "origin": [8, 9, 8]}, "faces": {"north": {"uv": [2, 7, 3, 10], "texture": "#crop"}, "south": {"uv": [5, 7, 6, 10], "texture": "#crop"}, "west": {"uv": [2, 7, 6, 10], "texture": "#crop"}, "up": {"uv": [2, 7, 6, 8], "rotation": 90, "texture": "#crop"}, "down": {"uv": [2, 9, 6, 10], "rotation": 270, "texture": "#crop"}}}, {"from": [10, 6, 6], "to": [14, 9, 7], "rotation": {"angle": 0, "axis": "y", "origin": [8, 9, 8]}, "faces": {"east": {"uv": [5, 7, 6, 10], "texture": "#crop"}, "south": {"uv": [2, 7, 6, 10], "texture": "#crop"}, "west": {"uv": [2, 7, 3, 10], "texture": "#crop"}, "up": {"uv": [2, 7, 6, 8], "texture": "#crop"}, "down": {"uv": [2, 9, 6, 10], "texture": "#crop"}}}, {"from": [14, 6, 2], "to": [15, 9, 6], "rotation": {"angle": 0, "axis": "y", "origin": [8, 9, 8]}, "faces": {"north": {"uv": [5, 7, 6, 10], "texture": "#crop"}, "east": {"uv": [2, 7, 6, 10], "texture": "#crop"}, "south": {"uv": [2, 7, 3, 10], "texture": "#crop"}, "up": {"uv": [2, 7, 6, 8], "rotation": 270, "texture": "#crop"}, "down": {"uv": [2, 9, 6, 10], "rotation": 90, "texture": "#crop"}}}, {"from": [10, 9, 2], "to": [14, 10, 6], "rotation": {"angle": 0, "axis": "y", "origin": [8, 9, 8]}, "faces": {"north": {"uv": [2, 6, 6, 7], "rotation": 180, "texture": "#crop"}, "east": {"uv": [2, 6, 3, 10], "rotation": 270, "texture": "#crop"}, "south": {"uv": [2, 9, 6, 10], "texture": "#crop"}, "west": {"uv": [5, 6, 6, 10], "rotation": 90, "texture": "#crop"}, "up": {"uv": [2, 6, 6, 10], "texture": "#crop"}}}, {"from": [2, 0, 10], "to": [6, 9, 14], "rotation": {"angle": 0, "axis": "y", "origin": [8, 9, 8]}, "faces": {"north": {"uv": [2, 7, 6, 16], "texture": "#crop"}, "east": {"uv": [2, 7, 6, 16], "texture": "#crop"}, "south": {"uv": [2, 7, 6, 16], "texture": "#crop"}, "west": {"uv": [2, 7, 6, 16], "texture": "#crop"}}}, {"from": [2, 6, 14], "to": [6, 9, 15], "rotation": {"angle": 0, "axis": "y", "origin": [8, 9, 8]}, "faces": {"east": {"uv": [5, 7, 6, 10], "texture": "#crop"}, "south": {"uv": [2, 7, 6, 10], "texture": "#crop"}, "west": {"uv": [2, 7, 3, 10], "texture": "#crop"}, "up": {"uv": [2, 7, 6, 8], "texture": "#crop"}, "down": {"uv": [2, 9, 6, 10], "texture": "#crop"}}}, {"from": [6, 6, 10], "to": [7, 9, 14], "rotation": {"angle": 0, "axis": "y", "origin": [8, 9, 8]}, "faces": {"north": {"uv": [5, 7, 6, 10], "texture": "#crop"}, "east": {"uv": [2, 7, 6, 10], "texture": "#crop"}, "south": {"uv": [2, 7, 3, 10], "texture": "#crop"}, "up": {"uv": [2, 7, 6, 8], "rotation": 270, "texture": "#crop"}, "down": {"uv": [2, 9, 6, 10], "rotation": 90, "texture": "#crop"}}}, {"from": [2, 6, 9], "to": [6, 9, 10], "rotation": {"angle": 0, "axis": "y", "origin": [8, 9, 8]}, "faces": {"north": {"uv": [2, 7, 6, 10], "texture": "#crop"}, "east": {"uv": [2, 7, 3, 10], "texture": "#crop"}, "west": {"uv": [5, 7, 6, 10], "texture": "#crop"}, "up": {"uv": [2, 7, 6, 8], "rotation": 180, "texture": "#crop"}, "down": {"uv": [2, 9, 6, 10], "rotation": 180, "texture": "#crop"}}}, {"from": [1, 6, 10], "to": [2, 9, 14], "rotation": {"angle": 0, "axis": "y", "origin": [8, 9, 8]}, "faces": {"north": {"uv": [2, 7, 3, 10], "texture": "#crop"}, "south": {"uv": [5, 7, 6, 10], "texture": "#crop"}, "west": {"uv": [2, 7, 6, 10], "texture": "#crop"}, "up": {"uv": [2, 7, 6, 8], "rotation": 90, "texture": "#crop"}, "down": {"uv": [2, 9, 6, 10], "rotation": 270, "texture": "#crop"}}}, {"from": [2, 9, 10], "to": [6, 10, 14], "rotation": {"angle": 0, "axis": "y", "origin": [8, 9, 8]}, "faces": {"north": {"uv": [2, 9, 6, 10], "texture": "#crop"}, "east": {"uv": [5, 6, 6, 10], "rotation": 90, "texture": "#crop"}, "south": {"uv": [2, 6, 6, 7], "rotation": 180, "texture": "#crop"}, "west": {"uv": [2, 6, 3, 10], "rotation": 270, "texture": "#crop"}, "up": {"uv": [2, 6, 6, 10], "rotation": 180, "texture": "#crop"}}}, {"from": [1, 0, 1], "to": [5, 10, 5], "rotation": {"angle": 0, "axis": "y", "origin": [8, 9, 8]}, "faces": {"north": {"uv": [11, 6, 15, 16], "texture": "#crop"}, "east": {"uv": [11, 6, 15, 16], "texture": "#crop"}, "south": {"uv": [11, 6, 15, 16], "texture": "#crop"}, "west": {"uv": [11, 6, 15, 16], "texture": "#crop"}}}, {"from": [1, 7, 0], "to": [5, 10, 1], "rotation": {"angle": 0, "axis": "y", "origin": [8, 9, 8]}, "faces": {"north": {"uv": [11, 6, 15, 9], "texture": "#crop", "cullface": "north"}, "east": {"uv": [11, 6, 12, 9], "texture": "#crop"}, "west": {"uv": [14, 6, 15, 9], "texture": "#crop"}, "up": {"uv": [11, 6, 15, 7], "rotation": 180, "texture": "#crop"}, "down": {"uv": [11, 8, 15, 9], "rotation": 180, "texture": "#crop"}}}, {"from": [0, 7, 1], "to": [1, 10, 5], "rotation": {"angle": 0, "axis": "y", "origin": [8, 9, 8]}, "faces": {"north": {"uv": [11, 6, 12, 9], "texture": "#crop"}, "south": {"uv": [14, 6, 15, 9], "texture": "#crop"}, "west": {"uv": [11, 6, 15, 9], "texture": "#crop", "cullface": "west"}, "up": {"uv": [11, 6, 15, 7], "rotation": 90, "texture": "#crop"}, "down": {"uv": [11, 8, 15, 9], "rotation": 270, "texture": "#crop"}}}, {"from": [1, 7, 5], "to": [5, 10, 6], "rotation": {"angle": 0, "axis": "y", "origin": [8, 9, 8]}, "faces": {"east": {"uv": [14, 6, 15, 9], "texture": "#crop"}, "south": {"uv": [11, 6, 15, 9], "texture": "#crop"}, "west": {"uv": [11, 6, 12, 9], "texture": "#crop"}, "up": {"uv": [11, 6, 15, 7], "texture": "#crop"}, "down": {"uv": [11, 8, 15, 9], "texture": "#crop"}}}, {"from": [5, 7, 1], "to": [6, 10, 5], "rotation": {"angle": 0, "axis": "y", "origin": [8, 9, 8]}, "faces": {"north": {"uv": [14, 6, 15, 9], "texture": "#crop"}, "east": {"uv": [11, 6, 15, 9], "texture": "#crop"}, "south": {"uv": [11, 6, 12, 9], "texture": "#crop"}, "up": {"uv": [11, 6, 15, 7], "rotation": 270, "texture": "#crop"}, "down": {"uv": [11, 8, 15, 9], "rotation": 90, "texture": "#crop"}}}, {"from": [1, 10, 1], "to": [5, 11, 5], "rotation": {"angle": 0, "axis": "y", "origin": [8, 9, 8]}, "faces": {"north": {"uv": [11, 5, 15, 6], "rotation": 180, "texture": "#crop"}, "east": {"uv": [11, 5, 12, 9], "rotation": 270, "texture": "#crop"}, "south": {"uv": [11, 8, 15, 9], "texture": "#crop"}, "west": {"uv": [14, 5, 15, 9], "rotation": 90, "texture": "#crop"}, "up": {"uv": [11, 5, 15, 9], "texture": "#crop"}}}, {"from": [11, 0, 11], "to": [15, 10, 15], "rotation": {"angle": 0, "axis": "y", "origin": [8, 9, 8]}, "faces": {"north": {"uv": [11, 6, 15, 16], "texture": "#crop"}, "east": {"uv": [11, 6, 15, 16], "texture": "#crop"}, "south": {"uv": [11, 6, 15, 16], "texture": "#crop"}, "west": {"uv": [11, 6, 15, 16], "texture": "#crop"}}}, {"from": [11, 7, 15], "to": [15, 10, 16], "rotation": {"angle": 0, "axis": "y", "origin": [8, 9, 8]}, "faces": {"east": {"uv": [14, 6, 15, 9], "texture": "#crop"}, "south": {"uv": [11, 6, 15, 9], "texture": "#crop", "cullface": "south"}, "west": {"uv": [11, 6, 12, 9], "texture": "#crop"}, "up": {"uv": [11, 6, 15, 7], "texture": "#crop"}, "down": {"uv": [11, 8, 15, 9], "texture": "#crop"}}}, {"from": [15, 7, 11], "to": [16, 10, 15], "rotation": {"angle": 0, "axis": "y", "origin": [8, 9, 8]}, "faces": {"north": {"uv": [14, 6, 15, 9], "texture": "#crop"}, "east": {"uv": [11, 6, 15, 9], "texture": "#crop", "cullface": "east"}, "south": {"uv": [11, 6, 12, 9], "texture": "#crop"}, "up": {"uv": [11, 6, 15, 7], "rotation": 270, "texture": "#crop"}, "down": {"uv": [11, 8, 15, 9], "rotation": 90, "texture": "#crop"}}}, {"from": [11, 7, 10], "to": [15, 10, 11], "rotation": {"angle": 0, "axis": "y", "origin": [8, 9, 8]}, "faces": {"north": {"uv": [11, 6, 15, 9], "texture": "#crop"}, "east": {"uv": [11, 6, 12, 9], "texture": "#crop"}, "west": {"uv": [14, 6, 15, 9], "texture": "#crop"}, "up": {"uv": [11, 6, 15, 7], "rotation": 180, "texture": "#crop"}, "down": {"uv": [11, 8, 15, 9], "rotation": 180, "texture": "#crop"}}}, {"from": [10, 7, 11], "to": [11, 10, 15], "rotation": {"angle": 0, "axis": "y", "origin": [8, 9, 8]}, "faces": {"north": {"uv": [11, 6, 12, 9], "texture": "#crop"}, "south": {"uv": [14, 6, 15, 9], "texture": "#crop"}, "west": {"uv": [11, 6, 15, 9], "texture": "#crop"}, "up": {"uv": [11, 6, 15, 7], "rotation": 90, "texture": "#crop"}, "down": {"uv": [11, 8, 15, 9], "rotation": 270, "texture": "#crop"}}}, {"from": [11, 10, 11], "to": [15, 11, 15], "rotation": {"angle": 0, "axis": "y", "origin": [8, 9, 8]}, "faces": {"north": {"uv": [11, 8, 15, 9], "texture": "#crop"}, "east": {"uv": [14, 5, 15, 9], "rotation": 90, "texture": "#crop"}, "south": {"uv": [11, 5, 15, 6], "rotation": 180, "texture": "#crop"}, "west": {"uv": [11, 5, 12, 9], "rotation": 270, "texture": "#crop"}, "up": {"uv": [11, 5, 15, 9], "rotation": 180, "texture": "#crop"}}}], "groups": [{"name": "small", "origin": [8, 8, 8], "children": [{"name": "1", "origin": [8, 8, 8], "children": [0, 1, 2, 3, 4, 5]}, {"name": "2", "origin": [8, 8, 8], "children": [6, 7, 8, 9, 10, 11]}]}, {"name": "large", "origin": [8, 8, 8], "children": [{"name": "1", "origin": [8, 8, 8], "children": [12, 13, 14, 15, 16, 17]}, {"name": "2", "origin": [8, 8, 8], "children": [18, 19, 20, 21, 22, 23]}]}]}