{"parent": "block/template_piston", "textures": {"bottom": "block/piston_bottom", "side": "block/piston_side", "particle": "block/piston_top", "platform": "block/piston_top"}, "elements": [{"from": [-0.25, 12, -0.25], "to": [2, 16.25, 0], "faces": {"north": {"uv": [14, 0, 16, 4], "texture": "#side", "cullface": "down"}, "east": {"uv": [14, 0, 15, 4], "texture": "#side", "cullface": "down"}, "west": {"uv": [15, 0, 16, 4], "texture": "#side", "cullface": "down"}, "up": {"uv": [14, 15, 16, 16], "rotation": 180, "texture": "#platform", "cullface": "down"}, "down": {"uv": [14, 3, 16, 4], "texture": "#side", "cullface": "down"}}}, {"from": [7, 12, -0.25], "to": [9, 16.25, 0], "faces": {"north": {"uv": [7, 0, 9, 4], "texture": "#side", "cullface": "down"}, "east": {"uv": [7, 0, 8, 4], "texture": "#side", "cullface": "down"}, "west": {"uv": [8, 0, 9, 4], "texture": "#side", "cullface": "down"}, "up": {"uv": [7, 15, 9, 16], "rotation": 180, "texture": "#platform", "cullface": "down"}, "down": {"uv": [7, 3, 9, 4], "texture": "#side", "cullface": "down"}}}, {"from": [14, 12, -0.25], "to": [16.25, 16.25, 0], "faces": {"north": {"uv": [0, 0, 2, 4], "texture": "#side", "cullface": "down"}, "east": {"uv": [0, 0, 1, 4], "texture": "#side", "cullface": "down"}, "west": {"uv": [1, 0, 2, 4], "texture": "#side", "cullface": "down"}, "up": {"uv": [0, 15, 2, 16], "rotation": 180, "texture": "#platform", "cullface": "down"}, "down": {"uv": [0, 3, 2, 4], "texture": "#side", "cullface": "down"}}}, {"from": [16, 12, 0], "to": [16.25, 16.25, 2], "faces": {"north": {"uv": [15, 0, 16, 4], "texture": "#side", "cullface": "east"}, "east": {"uv": [14, 0, 16, 4], "texture": "#side", "cullface": "east"}, "south": {"uv": [14, 0, 15, 4], "texture": "#side", "cullface": "east"}, "up": {"uv": [0, 14, 1, 16], "rotation": 180, "texture": "#platform", "cullface": "east"}, "down": {"uv": [14, 3, 16, 4], "rotation": 270, "texture": "#side", "cullface": "east"}}}, {"from": [16, 12, 7], "to": [16.25, 16.25, 9], "faces": {"north": {"uv": [8, 0, 9, 4], "texture": "#side", "cullface": "east"}, "east": {"uv": [7, 0, 9, 4], "texture": "#side", "cullface": "east"}, "south": {"uv": [7, 0, 8, 4], "texture": "#side", "cullface": "east"}, "up": {"uv": [0, 7, 1, 9], "rotation": 180, "texture": "#platform", "cullface": "east"}, "down": {"uv": [7, 3, 9, 4], "rotation": 270, "texture": "#side", "cullface": "east"}}}, {"from": [16, 12, 14], "to": [16.25, 16.25, 16], "faces": {"north": {"uv": [1, 0, 2, 4], "texture": "#side", "cullface": "east"}, "east": {"uv": [0, 0, 2, 4], "texture": "#side", "cullface": "east"}, "south": {"uv": [0, 0, 1, 4], "texture": "#side", "cullface": "east"}, "up": {"uv": [0, 0, 1, 2], "rotation": 180, "texture": "#platform", "cullface": "east"}, "down": {"uv": [0, 3, 2, 4], "rotation": 270, "texture": "#side", "cullface": "east"}}}, {"from": [14, 12, 16], "to": [16.25, 16.25, 16.25], "faces": {"east": {"uv": [15, 0, 16, 4], "texture": "#side", "cullface": "up"}, "south": {"uv": [14, 0, 16, 4], "texture": "#side", "cullface": "up"}, "west": {"uv": [14, 0, 15, 4], "texture": "#side", "cullface": "up"}, "up": {"uv": [0, 0, 2, 1], "rotation": 180, "texture": "#platform", "cullface": "up"}, "down": {"uv": [14, 3, 16, 4], "rotation": 180, "texture": "#side", "cullface": "up"}}}, {"from": [7, 12, 16], "to": [9, 16.25, 16.25], "faces": {"east": {"uv": [8, 0, 9, 4], "texture": "#side", "cullface": "up"}, "south": {"uv": [7, 0, 9, 4], "texture": "#side", "cullface": "up"}, "west": {"uv": [7, 0, 8, 4], "texture": "#side", "cullface": "up"}, "up": {"uv": [7, 0, 9, 1], "rotation": 180, "texture": "#platform", "cullface": "up"}, "down": {"uv": [7, 3, 9, 4], "rotation": 180, "texture": "#side", "cullface": "up"}}}, {"from": [-0.25, 12, 16], "to": [2, 16.25, 16.25], "faces": {"east": {"uv": [1, 0, 2, 4], "texture": "#side", "cullface": "up"}, "south": {"uv": [0, 0, 2, 4], "texture": "#side", "cullface": "up"}, "west": {"uv": [0, 0, 1, 4], "texture": "#side", "cullface": "up"}, "up": {"uv": [14, 0, 16, 1], "rotation": 180, "texture": "#platform", "cullface": "up"}, "down": {"uv": [0, 3, 2, 4], "rotation": 180, "texture": "#side", "cullface": "up"}}}, {"from": [-0.25, 12, 14], "to": [0, 16.25, 16], "faces": {"north": {"uv": [14, 0, 15, 4], "texture": "#side", "cullface": "west"}, "south": {"uv": [15, 0, 16, 4], "texture": "#side", "cullface": "west"}, "west": {"uv": [14, 0, 16, 4], "texture": "#side", "cullface": "west"}, "up": {"uv": [15, 0, 16, 2], "rotation": 180, "texture": "#platform", "cullface": "west"}, "down": {"uv": [14, 3, 16, 4], "rotation": 90, "texture": "#side", "cullface": "west"}}}, {"from": [-0.25, 12, 7], "to": [0, 16.25, 9], "faces": {"north": {"uv": [7, 0, 8, 4], "texture": "#side", "cullface": "west"}, "south": {"uv": [8, 0, 9, 4], "texture": "#side", "cullface": "west"}, "west": {"uv": [7, 0, 9, 4], "texture": "#side", "cullface": "west"}, "up": {"uv": [15, 7, 16, 9], "rotation": 180, "texture": "#platform", "cullface": "west"}, "down": {"uv": [7, 3, 9, 4], "rotation": 90, "texture": "#side", "cullface": "west"}}}, {"from": [-0.25, 12, 0], "to": [0, 16.25, 2], "faces": {"north": {"uv": [0, 0, 1, 4], "texture": "#side", "cullface": "west"}, "south": {"uv": [1, 0, 2, 4], "texture": "#side", "cullface": "west"}, "west": {"uv": [0, 0, 2, 4], "texture": "#side", "cullface": "west"}, "up": {"uv": [15, 14, 16, 16], "rotation": 180, "texture": "#platform", "cullface": "west"}, "down": {"uv": [0, 3, 2, 4], "rotation": 90, "texture": "#side", "cullface": "west"}}}, {"from": [0, 16, 0], "to": [2, 16.25, 2], "faces": {"north": {"uv": [14, 15, 16, 16], "texture": "#platform", "cullface": "north"}, "east": {"uv": [14, 14, 15, 16], "rotation": 270, "texture": "#platform", "cullface": "north"}, "south": {"uv": [14, 14, 16, 15], "rotation": 180, "texture": "#platform", "cullface": "north"}, "west": {"uv": [15, 14, 16, 16], "rotation": 90, "texture": "#platform", "cullface": "north"}, "up": {"uv": [14, 14, 15.8, 16], "rotation": 180, "texture": "#platform", "cullface": "north"}}}, {"from": [14, 16, 0], "to": [16, 16.25, 2], "faces": {"north": {"uv": [0, 15, 2, 16], "texture": "#platform", "cullface": "north"}, "east": {"uv": [0, 14, 1, 16], "rotation": 270, "texture": "#platform", "cullface": "north"}, "south": {"uv": [0, 14, 2, 15], "rotation": 180, "texture": "#platform", "cullface": "north"}, "west": {"uv": [1, 14, 2, 16], "rotation": 180, "texture": "#platform", "cullface": "north"}, "up": {"uv": [0.2, 14, 2, 16], "rotation": 180, "texture": "#platform", "cullface": "north"}}}, {"from": [14, 16, 14], "to": [16, 16.25, 16], "faces": {"north": {"uv": [0, 1, 2, 2], "texture": "#platform", "cullface": "north"}, "east": {"uv": [0, 0, 1, 2], "rotation": 270, "texture": "#platform", "cullface": "north"}, "south": {"uv": [0, 0, 2, 1], "rotation": 180, "texture": "#platform", "cullface": "north"}, "west": {"uv": [1, 0, 2, 2], "rotation": 180, "texture": "#platform", "cullface": "north"}, "up": {"uv": [0.2, 0, 2, 2], "rotation": 180, "texture": "#platform", "cullface": "north"}}}, {"from": [0, 16, 14], "to": [2, 16.25, 16], "faces": {"north": {"uv": [14, 1, 16, 2], "texture": "#platform", "cullface": "north"}, "east": {"uv": [14, 0, 15, 2], "texture": "#platform", "cullface": "north"}, "south": {"uv": [14, 0, 16, 1], "rotation": 180, "texture": "#platform", "cullface": "north"}, "west": {"uv": [15, 0, 16, 2], "rotation": 90, "texture": "#platform", "cullface": "north"}, "up": {"uv": [14, 0, 15.8, 2], "rotation": 180, "texture": "#platform", "cullface": "north"}}}, {"from": [7, 16, 0], "to": [9, 16.25, 2], "faces": {"north": {"uv": [7, 15, 9, 16], "texture": "#platform", "cullface": "north"}, "east": {"uv": [7, 14, 8, 16], "rotation": 270, "texture": "#platform", "cullface": "north"}, "south": {"uv": [7, 14, 9, 15], "rotation": 180, "texture": "#platform", "cullface": "north"}, "west": {"uv": [8, 14, 9, 16], "rotation": 90, "texture": "#platform", "cullface": "north"}, "up": {"uv": [7, 14, 9, 16], "rotation": 180, "texture": "#platform", "cullface": "north"}}}, {"from": [14, 16, 7], "to": [16, 16.25, 9], "faces": {"north": {"uv": [0, 8, 2, 9], "texture": "#platform", "cullface": "north"}, "east": {"uv": [0, 7, 1, 9], "rotation": 270, "texture": "#platform", "cullface": "north"}, "south": {"uv": [0, 7, 2, 8], "rotation": 180, "texture": "#platform", "cullface": "north"}, "west": {"uv": [1, 7, 2, 9], "rotation": 90, "texture": "#platform", "cullface": "north"}, "up": {"uv": [0.2, 7, 2, 9], "rotation": 180, "texture": "#platform", "cullface": "north"}}}, {"from": [7, 16, 14], "to": [9, 16.25, 16], "faces": {"north": {"uv": [7, 1, 9, 2], "texture": "#platform", "cullface": "north"}, "east": {"uv": [7, 0, 8, 2], "rotation": 270, "texture": "#platform", "cullface": "north"}, "south": {"uv": [7, 0, 9, 1], "rotation": 180, "texture": "#platform", "cullface": "north"}, "west": {"uv": [8, 0, 9, 2], "rotation": 90, "texture": "#platform", "cullface": "north"}, "up": {"uv": [7, 0, 9, 2], "rotation": 180, "texture": "#platform", "cullface": "north"}}}, {"from": [0, 16, 7], "to": [2, 16.25, 9], "faces": {"north": {"uv": [14, 8, 16, 9], "texture": "#platform", "cullface": "north"}, "east": {"uv": [14, 7, 15, 9], "rotation": 270, "texture": "#platform", "cullface": "north"}, "south": {"uv": [14, 7, 16, 8], "rotation": 180, "texture": "#platform", "cullface": "north"}, "west": {"uv": [15, 7, 16, 9], "rotation": 90, "texture": "#platform", "cullface": "north"}, "up": {"uv": [14, 7, 15.8, 9], "rotation": 180, "texture": "#platform", "cullface": "north"}}}, {"from": [0, 0, 0], "to": [16, 16, 16], "faces": {"north": {"uv": [0, 0, 16, 16], "texture": "#side", "cullface": "down"}, "east": {"uv": [0, 0, 16, 16], "texture": "#side", "cullface": "east"}, "south": {"uv": [0, 0, 16, 16], "texture": "#side", "cullface": "up"}, "west": {"uv": [0, 0, 16, 16], "texture": "#side", "cullface": "west"}, "up": {"uv": [0, 0, 16, 16], "rotation": 180, "texture": "#platform", "cullface": "north"}, "down": {"uv": [0, 0, 16, 16], "texture": "#bottom", "cullface": "south"}}}], "display": {"thirdperson_righthand": {"rotation": [75, 45, 0], "translation": [0, 2.5, 0], "scale": [0.375, 0.375, 0.375]}, "thirdperson_lefthand": {"rotation": [75, 45, 0], "translation": [0, 2.5, 0], "scale": [0.375, 0.375, 0.375]}, "firstperson_righthand": {"rotation": [0, 45, 0], "scale": [0.4, 0.4, 0.4]}, "firstperson_lefthand": {"rotation": [0, 225, 0], "scale": [0.4, 0.4, 0.4]}, "ground": {"translation": [0, 3, 0], "scale": [0.25, 0.25, 0.25]}, "gui": {"rotation": [30, 225, 0], "scale": [0.625, 0.625, 0.625]}, "fixed": {"scale": [0.5, 0.5, 0.5]}}, "groups": [{"name": "down", "origin": [0, 0, 0], "children": [0, 1, 2]}, {"name": "east", "origin": [0, 0, 0], "children": [3, 4, 5]}, {"name": "up", "origin": [0, 0, 0], "children": [6, 7, 8]}, {"name": "west", "origin": [0, 0, 0], "children": [9, 10, 11]}, {"name": "north", "origin": [8, 8, 8], "children": [12, 13, 14, 15, 16, 17, 18, 19]}, 20]}