{"parent": "block/cube_bottom_top", "textures": {"bottom": "block/dirt", "top": "block/podzol_top", "side": "block/podzol_side"}, "elements": [{"from": [0, 0, 0], "to": [16, 16, 16], "faces": {"north": {"uv": [0, 0, 16, 16], "texture": "#side", "cullface": "north"}, "east": {"uv": [0, 0, 16, 16], "texture": "#side", "cullface": "east"}, "south": {"uv": [0, 0, 16, 16], "texture": "#side", "cullface": "south"}, "west": {"uv": [0, 0, 16, 16], "texture": "#side", "cullface": "west"}, "up": {"uv": [0, 0, 16, 16], "texture": "#top", "cullface": "up"}, "down": {"uv": [0, 0, 16, 16], "texture": "#bottom", "cullface": "down"}}}, {"from": [0, 13, -0.25], "to": [15, 16, 0], "faces": {"north": {"uv": [1, 0, 16, 3], "texture": "#side", "cullface": "north"}, "east": {"uv": [1, 0, 2, 3], "texture": "#side", "cullface": "north"}, "west": {"uv": [15, 0, 16, 3], "texture": "#side", "cullface": "north"}, "up": {"uv": [1, 0, 16, 1], "rotation": 180, "texture": "#side", "cullface": "north"}, "down": {"uv": [1, 2, 16, 3], "rotation": 180, "texture": "#side", "cullface": "north"}}}, {"from": [15, 15, -0.25], "to": [16, 16, 0], "faces": {"north": {"uv": [0, 0, 1, 1], "texture": "#side", "cullface": "north"}, "east": {"uv": [0, 0, 1, 1], "texture": "#side", "cullface": "north"}, "up": {"uv": [0, 0, 1, 1], "texture": "#side", "cullface": "north"}, "down": {"uv": [0, 0, 1, 1], "texture": "#side", "cullface": "north"}}}, {"from": [14, 12, -0.25], "to": [15, 13, 0], "faces": {"north": {"uv": [1, 3, 2, 4], "texture": "#side", "cullface": "north"}, "west": {"uv": [1, 3, 2, 4], "texture": "#side", "cullface": "north"}, "down": {"uv": [1, 3, 2, 4], "texture": "#side", "cullface": "north"}}}, {"from": [10, 12, -0.25], "to": [11, 13, 0], "faces": {"north": {"uv": [5, 3, 6, 4], "texture": "#side", "cullface": "north"}, "west": {"uv": [5, 3, 6, 4], "texture": "#side", "cullface": "north"}, "down": {"uv": [5, 3, 6, 4], "texture": "#side", "cullface": "north"}}}, {"from": [8, 12, -0.25], "to": [9, 13, 0], "faces": {"north": {"uv": [7, 3, 8, 4], "texture": "#side", "cullface": "north"}, "east": {"uv": [7, 3, 8, 4], "texture": "#side", "cullface": "north"}, "west": {"uv": [7, 3, 8, 4], "texture": "#side", "cullface": "north"}, "down": {"uv": [7, 3, 8, 4], "texture": "#side", "cullface": "north"}}}, {"from": [0, 12, -0.25], "to": [1, 13, 0], "faces": {"north": {"uv": [15, 3, 16, 4], "texture": "#side", "cullface": "north"}, "east": {"uv": [15, 3, 16, 4], "texture": "#side", "cullface": "north"}, "west": {"uv": [15, 3, 16, 4], "texture": "#side", "cullface": "west"}, "down": {"uv": [15, 3, 16, 4], "texture": "#side", "cullface": "north"}}}, {"from": [1, 11, -0.25], "to": [3, 12, 0], "faces": {"north": {"uv": [13, 4, 15, 5], "texture": "#side", "cullface": "north"}, "east": {"uv": [13, 4, 14, 5], "texture": "#side", "cullface": "north"}, "west": {"uv": [14, 4, 15, 5], "texture": "#side", "cullface": "north"}, "up": {"uv": [13, 4, 15, 5], "rotation": 180, "texture": "#side", "cullface": "north"}, "down": {"uv": [13, 4, 15, 5], "rotation": 180, "texture": "#side", "cullface": "north"}}}, {"from": [11, 11, -0.25], "to": [13, 13, 0], "faces": {"north": {"uv": [3, 3, 5, 5], "texture": "#side", "cullface": "north"}, "east": {"uv": [3, 3, 4, 5], "texture": "#side", "cullface": "north"}, "west": {"uv": [4, 3, 5, 5], "texture": "#side", "cullface": "north"}, "down": {"uv": [3, 4, 5, 5], "texture": "#side", "cullface": "north"}}}, {"from": [2, 12, -0.25], "to": [7, 13, 0], "faces": {"north": {"uv": [9, 3, 14, 4], "texture": "#side", "cullface": "north"}, "east": {"uv": [9, 3, 10, 4], "texture": "#side", "cullface": "north"}, "west": {"uv": [13, 3, 14, 4], "texture": "#side", "cullface": "north"}, "down": {"uv": [9, 3, 14, 4], "rotation": 180, "texture": "#side", "cullface": "north"}}}, {"from": [15, 12, -0.25], "to": [16, 14, 0], "faces": {"north": {"uv": [0, 2, 1, 4], "texture": "#side", "cullface": "north"}, "east": {"uv": [0, 2, 1, 4], "texture": "#side", "cullface": "north"}, "up": {"uv": [0, 2, 1, 4], "texture": "#side", "cullface": "north"}, "down": {"uv": [0, 2, 1, 4], "texture": "#side", "cullface": "north"}}}, {"from": [16, 13, 0], "to": [16.25, 16, 15], "faces": {"north": {"uv": [15, 0, 16, 3], "texture": "#side", "cullface": "east"}, "east": {"uv": [1, 0, 16, 3], "texture": "#side", "cullface": "east"}, "south": {"uv": [1, 0, 2, 3], "texture": "#side", "cullface": "east"}, "up": {"uv": [1, 0, 16, 1], "rotation": 270, "texture": "#side", "cullface": "east"}, "down": {"uv": [1, 2, 16, 3], "rotation": 90, "texture": "#side", "cullface": "east"}}}, {"from": [16, 15, 15], "to": [16.25, 16, 16], "faces": {"east": {"uv": [0, 0, 1, 1], "texture": "#side", "cullface": "east"}, "south": {"uv": [0, 0, 1, 1], "texture": "#side", "cullface": "east"}, "up": {"uv": [0, 0, 1, 1], "rotation": 90, "texture": "#side", "cullface": "east"}, "down": {"uv": [0, 0, 1, 1], "rotation": 270, "texture": "#side", "cullface": "east"}}}, {"from": [16, 12, 14], "to": [16.25, 13, 15], "faces": {"north": {"uv": [1, 3, 2, 4], "texture": "#side", "cullface": "east"}, "east": {"uv": [1, 3, 2, 4], "texture": "#side", "cullface": "east"}, "down": {"uv": [1, 3, 2, 4], "rotation": 270, "texture": "#side", "cullface": "east"}}}, {"from": [16, 12, 10], "to": [16.25, 13, 11], "faces": {"north": {"uv": [5, 3, 6, 4], "texture": "#side", "cullface": "east"}, "east": {"uv": [5, 3, 6, 4], "texture": "#side", "cullface": "east"}, "down": {"uv": [5, 3, 6, 4], "rotation": 270, "texture": "#side", "cullface": "east"}}}, {"from": [16, 12, 8], "to": [16.25, 13, 9], "faces": {"north": {"uv": [7, 3, 8, 4], "texture": "#side", "cullface": "east"}, "east": {"uv": [7, 3, 8, 4], "texture": "#side", "cullface": "east"}, "south": {"uv": [7, 3, 8, 4], "texture": "#side", "cullface": "east"}, "down": {"uv": [7, 3, 8, 4], "rotation": 270, "texture": "#side", "cullface": "east"}}}, {"from": [16, 12, 0], "to": [16.25, 13, 1], "faces": {"north": {"uv": [15, 3, 16, 4], "texture": "#side", "cullface": "north"}, "east": {"uv": [15, 3, 16, 4], "texture": "#side", "cullface": "east"}, "south": {"uv": [15, 3, 16, 4], "texture": "#side", "cullface": "east"}, "down": {"uv": [15, 3, 16, 4], "rotation": 270, "texture": "#side", "cullface": "east"}}}, {"from": [16, 11, 1], "to": [16.25, 12, 3], "faces": {"north": {"uv": [14, 4, 15, 5], "texture": "#side", "cullface": "east"}, "east": {"uv": [13, 4, 15, 5], "texture": "#side", "cullface": "east"}, "south": {"uv": [13, 4, 14, 5], "texture": "#side", "cullface": "east"}, "up": {"uv": [13, 4, 15, 5], "rotation": 270, "texture": "#side", "cullface": "east"}, "down": {"uv": [13, 4, 15, 5], "rotation": 90, "texture": "#side", "cullface": "east"}}}, {"from": [16, 11, 11], "to": [16.25, 13, 13], "faces": {"north": {"uv": [4, 3, 5, 5], "texture": "#side", "cullface": "east"}, "east": {"uv": [3, 3, 5, 5], "texture": "#side", "cullface": "east"}, "south": {"uv": [3, 3, 4, 5], "texture": "#side", "cullface": "east"}, "down": {"uv": [3, 4, 5, 5], "rotation": 270, "texture": "#side", "cullface": "east"}}}, {"from": [16, 12, 2], "to": [16.25, 13, 7], "faces": {"north": {"uv": [13, 3, 14, 4], "texture": "#side", "cullface": "east"}, "east": {"uv": [9, 3, 14, 4], "texture": "#side", "cullface": "east"}, "south": {"uv": [9, 3, 10, 4], "texture": "#side", "cullface": "east"}, "down": {"uv": [9, 3, 14, 4], "rotation": 90, "texture": "#side", "cullface": "east"}}}, {"from": [16, 12, 15], "to": [16.25, 14, 16], "faces": {"east": {"uv": [0, 2, 1, 4], "texture": "#side", "cullface": "east"}, "south": {"uv": [0, 2, 1, 4], "texture": "#side", "cullface": "east"}, "up": {"uv": [0, 2, 1, 4], "rotation": 90, "texture": "#side", "cullface": "east"}, "down": {"uv": [0, 2, 1, 4], "rotation": 270, "texture": "#side", "cullface": "east"}}}, {"from": [1, 13, 16], "to": [16, 16, 16.25], "faces": {"east": {"uv": [15, 0, 16, 3], "texture": "#side", "cullface": "south"}, "south": {"uv": [1, 0, 16, 3], "texture": "#side", "cullface": "south"}, "west": {"uv": [1, 0, 2, 3], "texture": "#side", "cullface": "south"}, "up": {"uv": [1, 0, 16, 1], "texture": "#side", "cullface": "south"}, "down": {"uv": [1, 2, 16, 3], "texture": "#side", "cullface": "south"}}}, {"from": [0, 15, 16], "to": [1, 16, 16.25], "faces": {"south": {"uv": [0, 0, 1, 1], "texture": "#side", "cullface": "south"}, "west": {"uv": [0, 0, 1, 1], "texture": "#side", "cullface": "west"}, "up": {"uv": [0, 0, 1, 1], "rotation": 180, "texture": "#side", "cullface": "south"}, "down": {"uv": [0, 0, 1, 1], "rotation": 180, "texture": "#side", "cullface": "south"}}}, {"from": [1, 12, 16], "to": [2, 13, 16.25], "faces": {"east": {"uv": [1, 3, 2, 4], "texture": "#side", "cullface": "south"}, "south": {"uv": [1, 3, 2, 4], "texture": "#side", "cullface": "south"}, "down": {"uv": [1, 3, 2, 4], "rotation": 180, "texture": "#side", "cullface": "south"}}}, {"from": [5, 12, 16], "to": [6, 13, 16.25], "faces": {"east": {"uv": [5, 3, 6, 4], "texture": "#side", "cullface": "south"}, "south": {"uv": [5, 3, 6, 4], "texture": "#side", "cullface": "south"}, "down": {"uv": [5, 3, 6, 4], "rotation": 180, "texture": "#side", "cullface": "south"}}}, {"from": [7, 12, 16], "to": [8, 13, 16.25], "faces": {"east": {"uv": [7, 3, 8, 4], "texture": "#side", "cullface": "south"}, "south": {"uv": [7, 3, 8, 4], "texture": "#side", "cullface": "south"}, "west": {"uv": [7, 3, 8, 4], "texture": "#side", "cullface": "south"}, "down": {"uv": [7, 3, 8, 4], "rotation": 180, "texture": "#side", "cullface": "south"}}}, {"from": [15, 12, 16], "to": [16, 13, 16.25], "faces": {"east": {"uv": [15, 3, 16, 4], "texture": "#side", "cullface": "east"}, "south": {"uv": [15, 3, 16, 4], "texture": "#side", "cullface": "south"}, "west": {"uv": [15, 3, 16, 4], "texture": "#side", "cullface": "south"}, "down": {"uv": [15, 3, 16, 4], "rotation": 180, "texture": "#side", "cullface": "south"}}}, {"from": [13, 11, 16], "to": [15, 12, 16.25], "faces": {"east": {"uv": [14, 4, 15, 5], "texture": "#side", "cullface": "south"}, "south": {"uv": [13, 4, 15, 5], "texture": "#side", "cullface": "south"}, "west": {"uv": [13, 4, 14, 5], "texture": "#side", "cullface": "south"}, "up": {"uv": [13, 4, 15, 5], "texture": "#side", "cullface": "south"}, "down": {"uv": [13, 4, 15, 5], "texture": "#side", "cullface": "south"}}}, {"from": [3, 11, 16], "to": [5, 13, 16.25], "faces": {"east": {"uv": [4, 3, 5, 5], "texture": "#side", "cullface": "south"}, "south": {"uv": [3, 3, 5, 5], "texture": "#side", "cullface": "south"}, "west": {"uv": [3, 3, 4, 5], "texture": "#side", "cullface": "south"}, "down": {"uv": [3, 4, 5, 5], "rotation": 180, "texture": "#side", "cullface": "south"}}}, {"from": [9, 12, 16], "to": [14, 13, 16.25], "faces": {"east": {"uv": [13, 3, 14, 4], "texture": "#side", "cullface": "south"}, "south": {"uv": [9, 3, 14, 4], "texture": "#side", "cullface": "south"}, "west": {"uv": [9, 3, 10, 4], "texture": "#side", "cullface": "south"}, "down": {"uv": [9, 3, 14, 4], "texture": "#side", "cullface": "south"}}}, {"from": [0, 12, 16], "to": [1, 14, 16.25], "faces": {"south": {"uv": [0, 2, 1, 4], "texture": "#side", "cullface": "south"}, "west": {"uv": [0, 2, 1, 4], "texture": "#side", "cullface": "west"}, "up": {"uv": [0, 2, 1, 4], "rotation": 180, "texture": "#side", "cullface": "south"}, "down": {"uv": [0, 2, 1, 4], "rotation": 180, "texture": "#side", "cullface": "south"}}}, {"from": [-0.25, 13, 1], "to": [0, 16, 16], "faces": {"north": {"uv": [1, 0, 2, 3], "texture": "#side", "cullface": "west"}, "south": {"uv": [15, 0, 16, 3], "texture": "#side", "cullface": "west"}, "west": {"uv": [1, 0, 16, 3], "texture": "#side", "cullface": "west"}, "up": {"uv": [1, 0, 16, 1], "rotation": 90, "texture": "#side", "cullface": "west"}, "down": {"uv": [1, 2, 16, 3], "rotation": 270, "texture": "#side", "cullface": "west"}}}, {"from": [-0.25, 15, 0], "to": [0, 16, 1], "faces": {"north": {"uv": [0, 0, 1, 1], "texture": "#side", "cullface": "west"}, "west": {"uv": [0, 0, 1, 1], "texture": "#side", "cullface": "west"}, "up": {"uv": [0, 0, 1, 1], "rotation": 270, "texture": "#side", "cullface": "west"}, "down": {"uv": [0, 0, 1, 1], "rotation": 90, "texture": "#side", "cullface": "west"}}}, {"from": [-0.25, 12, 1], "to": [0, 13, 2], "faces": {"south": {"uv": [1, 3, 2, 4], "texture": "#side", "cullface": "west"}, "west": {"uv": [1, 3, 2, 4], "texture": "#side", "cullface": "west"}, "down": {"uv": [1, 3, 2, 4], "rotation": 90, "texture": "#side", "cullface": "west"}}}, {"from": [-0.25, 12, 5], "to": [0, 13, 6], "faces": {"south": {"uv": [5, 3, 6, 4], "texture": "#side", "cullface": "west"}, "west": {"uv": [5, 3, 6, 4], "texture": "#side", "cullface": "west"}, "down": {"uv": [5, 3, 6, 4], "rotation": 90, "texture": "#side", "cullface": "west"}}}, {"from": [-0.25, 12, 7], "to": [0, 13, 8], "faces": {"north": {"uv": [7, 3, 8, 4], "texture": "#side", "cullface": "west"}, "south": {"uv": [7, 3, 8, 4], "texture": "#side", "cullface": "west"}, "west": {"uv": [7, 3, 8, 4], "texture": "#side", "cullface": "west"}, "down": {"uv": [7, 3, 8, 4], "rotation": 90, "texture": "#side", "cullface": "west"}}}, {"from": [-0.25, 12, 15], "to": [0, 13, 16], "faces": {"north": {"uv": [15, 3, 16, 4], "texture": "#side", "cullface": "west"}, "south": {"uv": [15, 3, 16, 4], "texture": "#side", "cullface": "west"}, "west": {"uv": [15, 3, 16, 4], "texture": "#side", "cullface": "west"}, "down": {"uv": [15, 3, 16, 4], "rotation": 90, "texture": "#side", "cullface": "west"}}}, {"from": [-0.25, 11, 13], "to": [0, 12, 15], "faces": {"north": {"uv": [13, 4, 14, 5], "texture": "#side", "cullface": "west"}, "south": {"uv": [14, 4, 15, 5], "texture": "#side", "cullface": "west"}, "west": {"uv": [13, 4, 15, 5], "texture": "#side", "cullface": "west"}, "up": {"uv": [13, 4, 15, 5], "rotation": 90, "texture": "#side", "cullface": "west"}, "down": {"uv": [13, 4, 15, 5], "rotation": 270, "texture": "#side", "cullface": "west"}}}, {"from": [-0.25, 11, 3], "to": [0, 13, 5], "faces": {"north": {"uv": [3, 3, 4, 5], "texture": "#side", "cullface": "west"}, "south": {"uv": [4, 3, 5, 5], "texture": "#side", "cullface": "west"}, "west": {"uv": [3, 3, 5, 5], "texture": "#side", "cullface": "west"}, "down": {"uv": [3, 4, 5, 5], "rotation": 90, "texture": "#side", "cullface": "west"}}}, {"from": [-0.25, 12, 9], "to": [0, 13, 14], "faces": {"north": {"uv": [9, 3, 10, 4], "texture": "#side", "cullface": "west"}, "south": {"uv": [13, 3, 14, 4], "texture": "#side", "cullface": "west"}, "west": {"uv": [9, 3, 14, 4], "texture": "#side", "cullface": "west"}, "down": {"uv": [9, 3, 14, 4], "rotation": 270, "texture": "#side", "cullface": "west"}}}, {"from": [-0.25, 12, 0], "to": [0, 14, 1], "faces": {"north": {"uv": [0, 2, 1, 4], "texture": "#side", "cullface": "west"}, "west": {"uv": [0, 2, 1, 4], "texture": "#side", "cullface": "west"}, "up": {"uv": [0, 2, 1, 4], "rotation": 270, "texture": "#side", "cullface": "west"}, "down": {"uv": [0, 2, 1, 4], "rotation": 90, "texture": "#side", "cullface": "west"}}}], "groups": [0, {"name": "north", "origin": [8, 8, 8], "children": [1, 2, 3, 4, 5, 6, 7, 8, 9, 10]}, {"name": "east", "origin": [8, 8, 8], "children": [11, 12, 13, 14, 15, 16, 17, 18, 19, 20]}, {"name": "south", "origin": [8, 8, 8], "children": [21, 22, 23, 24, 25, 26, 27, 28, 29, 30]}, {"name": "west", "origin": [8, 8, 8], "children": [31, 32, 33, 34, 35, 36, 37, 38, 39, 40]}]}