{"parent": "minecraft:block/pointed_dripstone", "textures": {"1": "block/dripstone_block", "particle": "block/dripstone_block", "cross": "block/pointed_dripstone_down_tip"}, "elements": [{"from": [7, 5, 7], "to": [9, 6, 9], "faces": {"north": {"uv": [7, 10, 9, 11], "texture": "#cross"}, "east": {"uv": [7, 10, 9, 11], "texture": "#cross"}, "south": {"uv": [9, 10, 7, 11], "texture": "#cross"}, "west": {"uv": [9, 10, 7, 11], "texture": "#cross"}, "down": {"uv": [7, 7, 9, 9], "texture": "#1"}}}, {"from": [7, 6, 7], "to": [10, 8, 10], "faces": {"north": {"uv": [6, 8, 9, 10], "texture": "#cross"}, "east": {"uv": [6, 8, 9, 10], "texture": "#cross"}, "south": {"uv": [9, 8, 6, 10], "texture": "#cross"}, "west": {"uv": [9, 8, 6, 10], "texture": "#cross"}, "down": {"uv": [7, 6, 10, 9], "texture": "#1"}}}, {"from": [6, 8, 6], "to": [10, 11, 10], "faces": {"north": {"uv": [6, 5, 10, 8], "texture": "#cross"}, "east": {"uv": [6, 5, 10, 8], "texture": "#cross"}, "south": {"uv": [10, 5, 6, 8], "texture": "#cross"}, "west": {"uv": [10, 5, 6, 8], "texture": "#cross"}, "down": {"uv": [6, 6, 10, 10], "texture": "#1"}}}, {"from": [5, 11, 5], "to": [11, 14, 11], "faces": {"north": {"uv": [5, 2, 11, 5], "texture": "#cross"}, "east": {"uv": [5, 2, 11, 5], "texture": "#cross"}, "south": {"uv": [11, 2, 5, 5], "texture": "#cross"}, "west": {"uv": [11, 2, 5, 5], "texture": "#cross"}, "down": {"uv": [5, 5, 11, 11], "texture": "#1"}}}, {"from": [4, 14, 4], "to": [11, 15, 11], "faces": {"north": {"uv": [5, 1, 12, 2], "texture": "#cross"}, "east": {"uv": [5, 1, 12, 2], "texture": "#cross"}, "south": {"uv": [12, 1, 5, 2], "texture": "#cross"}, "west": {"uv": [12, 1, 5, 2], "texture": "#cross"}, "down": {"uv": [4, 5, 11, 12], "texture": "#1"}}}, {"from": [4, 15, 4], "to": [12, 16, 12], "faces": {"north": {"uv": [4, 0, 12, 1], "texture": "#cross"}, "east": {"uv": [4, 0, 12, 1], "texture": "#cross"}, "south": {"uv": [12, 0, 4, 1], "texture": "#cross"}, "west": {"uv": [12, 0, 4, 1], "texture": "#cross"}, "up": {"uv": [4, 4, 12, 12], "texture": "#1"}, "down": {"uv": [4, 4, 12, 12], "texture": "#1"}}}], "display": {"thirdperson_righthand": {"rotation": [75, 45, 0], "translation": [0, 1, 1.5], "scale": [0.4, 0.4, 0.4]}, "thirdperson_lefthand": {"rotation": [75, 45, 0], "translation": [0, 1, 1.5], "scale": [0.375, 0.375, 0.375]}, "firstperson_righthand": {"rotation": [0, 45, 0], "scale": [0.45, 0.4, 0.4]}, "firstperson_lefthand": {"rotation": [0, 225, 0], "scale": [0.45, 0.45, 0.45]}, "ground": {"translation": [0, 3, 0], "scale": [0.3, 0.3, 0.3]}, "gui": {"rotation": [30, 225, 0], "scale": [0.7, 0.7, 0.7]}, "fixed": {"scale": [0.7, 0.7, 0.7]}}}