{"parent": "block/cross", "ambientocclusion": false, "textures": {"cross": "3d/flowers/allium", "particle": "block/flower_pot", "flowerpot": "block/flower_pot", "dirt": "block/dirt"}, "elements": [{"from": [7, 4, 7], "to": [8, 11, 8], "faces": {"north": {"uv": [7, 9, 8, 16], "texture": "#cross"}, "east": {"uv": [7, 9, 8, 16], "texture": "#cross"}, "south": {"uv": [7, 9, 8, 16], "texture": "#cross"}, "west": {"uv": [7, 9, 8, 16], "texture": "#cross"}}}, {"from": [8, 11, 7], "to": [9, 12, 8], "faces": {"north": {"uv": [6, 7, 7, 8], "texture": "#cross"}, "east": {"uv": [7, 7, 8, 8], "texture": "#cross"}, "south": {"uv": [8, 7, 9, 8], "texture": "#cross"}, "down": {"uv": [8, 5, 9, 6], "texture": "#cross"}}}, {"from": [7, 11, 6], "to": [8, 12, 9], "faces": {"north": {"uv": [7, 7, 8, 8], "texture": "#cross"}, "east": {"uv": [6, 7, 9, 8], "texture": "#cross"}, "south": {"uv": [7, 7, 8, 8], "texture": "#cross"}, "west": {"uv": [6, 7, 9, 8], "texture": "#cross"}, "down": {"uv": [7, 4, 8, 7], "texture": "#cross"}}}, {"from": [9, 12, 7], "to": [10, 13, 8], "faces": {"north": {"uv": [5, 6, 6, 7], "texture": "#cross"}, "east": {"uv": [7, 6, 8, 7], "texture": "#cross"}, "south": {"uv": [9, 6, 10, 7], "texture": "#cross"}, "down": {"uv": [9, 5, 10, 6], "texture": "#cross"}}}, {"from": [6, 11, 7], "to": [7, 12, 8], "faces": {"north": {"uv": [8, 7, 9, 8], "texture": "#cross"}, "south": {"uv": [6, 7, 7, 8], "texture": "#cross"}, "west": {"uv": [7, 7, 8, 8], "texture": "#cross"}, "down": {"uv": [6, 5, 7, 6], "texture": "#cross"}}}, {"from": [6, 12, 6], "to": [7, 13, 9], "faces": {"north": {"uv": [8, 6, 9, 7], "texture": "#cross"}, "south": {"uv": [6, 6, 7, 7], "texture": "#cross"}, "west": {"uv": [6, 6, 9, 7], "texture": "#cross"}, "down": {"uv": [6, 4, 7, 7], "texture": "#cross"}}}, {"from": [7, 12, 5], "to": [8, 13, 10], "faces": {"north": {"uv": [7, 6, 8, 7], "texture": "#cross"}, "east": {"uv": [5, 6, 10, 7], "texture": "#cross"}, "south": {"uv": [7, 6, 8, 7], "texture": "#cross"}, "west": {"uv": [5, 6, 10, 7], "texture": "#cross"}, "down": {"uv": [7, 3, 8, 8], "texture": "#cross"}}}, {"from": [8, 12, 6], "to": [9, 13, 9], "faces": {"north": {"uv": [6, 6, 7, 7], "texture": "#cross"}, "east": {"uv": [6, 6, 9, 7], "texture": "#cross"}, "south": {"uv": [8, 6, 9, 7], "texture": "#cross"}, "down": {"uv": [8, 4, 9, 7], "texture": "#cross"}}}, {"from": [5, 12, 7], "to": [6, 13, 8], "faces": {"north": {"uv": [9, 6, 10, 7], "texture": "#cross"}, "south": {"uv": [5, 6, 6, 7], "texture": "#cross"}, "west": {"uv": [7, 6, 8, 7], "texture": "#cross"}, "down": {"uv": [5, 5, 6, 6], "texture": "#cross"}}}, {"from": [8, 13, 5], "to": [9, 14, 10], "faces": {"north": {"uv": [6, 5, 7, 6], "texture": "#cross"}, "east": {"uv": [5, 5, 10, 6], "texture": "#cross"}, "south": {"uv": [8, 5, 9, 6], "texture": "#cross"}, "up": {"uv": [8, 3, 9, 8], "texture": "#cross"}, "down": {"uv": [8, 3, 9, 8], "texture": "#cross"}}}, {"from": [7, 13, 5], "to": [8, 14, 10], "faces": {"north": {"uv": [7, 5, 8, 6], "texture": "#cross"}, "south": {"uv": [7, 5, 8, 6], "texture": "#cross"}}}, {"from": [6, 13, 5], "to": [7, 14, 10], "faces": {"north": {"uv": [8, 5, 9, 6], "texture": "#cross"}, "south": {"uv": [6, 5, 7, 6], "texture": "#cross"}, "west": {"uv": [5, 5, 10, 6], "texture": "#cross"}, "up": {"uv": [6, 3, 7, 8], "texture": "#cross"}, "down": {"uv": [6, 3, 7, 8], "texture": "#cross"}}}, {"from": [5, 13, 6], "to": [6, 14, 9], "faces": {"north": {"uv": [9, 5, 10, 6], "texture": "#cross"}, "south": {"uv": [5, 5, 6, 6], "texture": "#cross"}, "west": {"uv": [6, 5, 9, 6], "texture": "#cross"}, "up": {"uv": [5, 4, 6, 7], "texture": "#cross"}, "down": {"uv": [5, 4, 6, 7], "texture": "#cross"}}}, {"from": [9, 13, 6], "to": [10, 14, 9], "faces": {"north": {"uv": [5, 5, 6, 6], "texture": "#cross"}, "east": {"uv": [6, 5, 9, 6], "texture": "#cross"}, "south": {"uv": [9, 5, 10, 6], "texture": "#cross"}, "up": {"uv": [9, 4, 10, 7], "texture": "#cross"}, "down": {"uv": [9, 4, 10, 7], "texture": "#cross"}}}, {"from": [9, 14, 7], "to": [10, 15, 8], "faces": {"north": {"uv": [5, 4, 6, 5], "texture": "#cross"}, "east": {"uv": [7, 4, 8, 5], "texture": "#cross"}, "south": {"uv": [9, 4, 10, 5], "texture": "#cross"}, "up": {"uv": [9, 5, 10, 6], "texture": "#cross"}}}, {"from": [5, 14, 7], "to": [6, 15, 8], "faces": {"north": {"uv": [9, 4, 10, 5], "texture": "#cross"}, "south": {"uv": [5, 4, 6, 5], "texture": "#cross"}, "west": {"uv": [7, 4, 8, 5], "texture": "#cross"}, "up": {"uv": [5, 5, 6, 6], "texture": "#cross"}}}, {"from": [7, 14, 5], "to": [8, 15, 6], "faces": {"north": {"uv": [7, 4, 8, 5], "texture": "#cross"}, "east": {"uv": [9, 4, 10, 5], "texture": "#cross"}, "west": {"uv": [5, 4, 6, 5], "texture": "#cross"}, "up": {"uv": [7, 3, 8, 4], "texture": "#cross"}}}, {"from": [7, 14, 9], "to": [8, 15, 10], "faces": {"east": {"uv": [5, 4, 6, 5], "texture": "#cross"}, "south": {"uv": [7, 4, 8, 5], "texture": "#cross"}, "west": {"uv": [9, 4, 10, 5], "texture": "#cross"}, "up": {"uv": [7, 7, 8, 8], "texture": "#cross"}}}, {"from": [6, 14, 6], "to": [9, 15, 9], "faces": {"north": {"uv": [6, 4, 9, 5], "texture": "#cross"}, "east": {"uv": [6, 4, 9, 5], "texture": "#cross"}, "south": {"uv": [6, 4, 9, 5], "texture": "#cross"}, "west": {"uv": [6, 4, 9, 5], "texture": "#cross"}, "up": {"uv": [6, 4, 9, 7], "texture": "#cross"}}}, {"from": [7, 15, 6], "to": [8, 16, 9], "faces": {"north": {"uv": [7, 3, 8, 4], "texture": "#cross"}, "east": {"uv": [6, 3, 9, 4], "texture": "#cross"}, "south": {"uv": [7, 3, 8, 4], "texture": "#cross"}, "west": {"uv": [6, 3, 9, 4], "texture": "#cross"}, "up": {"uv": [7, 4, 8, 7], "texture": "#cross"}}}, {"from": [6, 15, 7], "to": [7, 16, 8], "faces": {"north": {"uv": [8, 3, 9, 4], "texture": "#cross"}, "south": {"uv": [6, 3, 7, 4], "texture": "#cross"}, "west": {"uv": [7, 3, 8, 4], "texture": "#cross"}, "up": {"uv": [6, 5, 7, 6], "texture": "#cross"}}}, {"from": [8, 15, 7], "to": [9, 16, 8], "faces": {"north": {"uv": [6, 3, 7, 4], "texture": "#cross"}, "east": {"uv": [7, 3, 8, 4], "texture": "#cross"}, "south": {"uv": [8, 3, 9, 4], "texture": "#cross"}, "up": {"uv": [8, 5, 9, 6], "texture": "#cross"}}}, {"from": [5, 0, 5], "to": [6, 6, 11], "faces": {"north": {"uv": [10, 10, 11, 16], "texture": "#flowerpot"}, "east": {"uv": [5, 10, 11, 16], "texture": "#flowerpot"}, "south": {"uv": [5, 10, 6, 16], "texture": "#flowerpot"}, "west": {"uv": [5, 10, 11, 16], "texture": "#flowerpot"}, "up": {"uv": [5, 5, 6, 11], "texture": "#flowerpot"}, "down": {"uv": [5, 5, 6, 11], "texture": "#flowerpot", "cullface": "down"}}}, {"from": [10, 0, 5], "to": [11, 6, 11], "faces": {"north": {"uv": [5, 10, 6, 16], "texture": "#flowerpot"}, "east": {"uv": [5, 10, 11, 16], "texture": "#flowerpot"}, "south": {"uv": [10, 10, 11, 16], "texture": "#flowerpot"}, "west": {"uv": [5, 10, 11, 16], "texture": "#flowerpot"}, "up": {"uv": [10, 5, 11, 11], "texture": "#flowerpot"}, "down": {"uv": [10, 5, 11, 11], "texture": "#flowerpot", "cullface": "down"}}}, {"from": [6, 0, 5], "to": [10, 6, 6], "faces": {"north": {"uv": [6, 10, 10, 16], "texture": "#flowerpot"}, "south": {"uv": [6, 10, 10, 16], "texture": "#flowerpot"}, "up": {"uv": [6, 5, 10, 6], "texture": "#flowerpot"}, "down": {"uv": [6, 10, 10, 11], "texture": "#flowerpot", "cullface": "down"}}}, {"from": [6, 0, 10], "to": [10, 6, 11], "faces": {"north": {"uv": [6, 10, 10, 16], "texture": "#flowerpot"}, "south": {"uv": [6, 10, 10, 16], "texture": "#flowerpot"}, "up": {"uv": [6, 10, 10, 11], "texture": "#flowerpot"}, "down": {"uv": [6, 5, 10, 6], "texture": "#flowerpot", "cullface": "down"}}}, {"from": [6, 0, 6], "to": [10, 4, 10], "faces": {"up": {"uv": [6, 6, 10, 10], "texture": "#dirt"}, "down": {"uv": [6, 12, 10, 16], "texture": "#flowerpot", "cullface": "down"}}}], "display": {"thirdperson_righthand": {"translation": [0, 4.5, 1], "scale": [0.55, 0.55, 0.55]}, "thirdperson_lefthand": {"translation": [0, 4.5, 1], "scale": [0.55, 0.55, 0.55]}, "firstperson_righthand": {"rotation": [0, -90, 25], "translation": [1.13, 5.2, 1.13], "scale": [0.68, 0.68, 0.68]}, "firstperson_lefthand": {"rotation": [0, -90, 25], "translation": [1.13, 5.2, 1.13], "scale": [0.68, 0.68, 0.68]}, "ground": {"translation": [0, 3, 0], "scale": [0.25, 0.25, 0.25]}, "gui": {"rotation": [30, 225, 0], "scale": [0.625, 0.625, 0.625]}, "head": {"rotation": [0, 180, 0], "translation": [0, 13, 7]}, "fixed": {"rotation": [0, 180, 0], "translation": [0, 5, 0]}}, "groups": [{"name": "stem", "origin": [8, 8, 8], "children": [0]}, {"name": "flower", "origin": [8, 8, 8], "children": [1, 2, 3, 4, 5, 6, 7, 8, 9, 10, 11, 12, 13, 14, 15, 16, 17, 18, 19, 20, 21]}, {"name": "flower_pot", "origin": [8, 8, 8], "children": [22, 23, 24, 25, 26]}]}