{"parent": "minecraft:block/block", "ambientocclusion": false, "textures": {"flowerpot": "block/flower_pot", "dirt": "block/dirt", "particle": "block/mangrove_propagule", "sapling": "block/mangrove_propagule"}, "elements": [{"from": [5, 0, 5], "to": [6, 6, 11], "faces": {"north": {"uv": [10, 10, 11, 16], "texture": "#flowerpot"}, "east": {"uv": [5, 10, 11, 16], "texture": "#flowerpot"}, "south": {"uv": [5, 10, 6, 16], "texture": "#flowerpot"}, "west": {"uv": [5, 10, 11, 16], "texture": "#flowerpot"}, "up": {"uv": [5, 5, 6, 11], "texture": "#flowerpot"}, "down": {"uv": [5, 5, 6, 11], "texture": "#flowerpot", "cullface": "down"}}}, {"from": [10, 0, 5], "to": [11, 6, 11], "faces": {"north": {"uv": [5, 10, 6, 16], "texture": "#flowerpot"}, "east": {"uv": [5, 10, 11, 16], "texture": "#flowerpot"}, "south": {"uv": [10, 10, 11, 16], "texture": "#flowerpot"}, "west": {"uv": [5, 10, 11, 16], "texture": "#flowerpot"}, "up": {"uv": [10, 5, 11, 11], "texture": "#flowerpot"}, "down": {"uv": [10, 5, 11, 11], "texture": "#flowerpot", "cullface": "down"}}}, {"from": [6, 0, 5], "to": [10, 6, 6], "faces": {"north": {"uv": [6, 10, 10, 16], "texture": "#flowerpot"}, "south": {"uv": [6, 10, 10, 16], "texture": "#flowerpot"}, "up": {"uv": [6, 5, 10, 6], "texture": "#flowerpot"}, "down": {"uv": [6, 10, 10, 11], "texture": "#flowerpot", "cullface": "down"}}}, {"from": [6, 0, 10], "to": [10, 6, 11], "faces": {"north": {"uv": [6, 10, 10, 16], "texture": "#flowerpot"}, "south": {"uv": [6, 10, 10, 16], "texture": "#flowerpot"}, "up": {"uv": [6, 10, 10, 11], "texture": "#flowerpot"}, "down": {"uv": [6, 5, 10, 6], "texture": "#flowerpot", "cullface": "down"}}}, {"from": [6, 0, 6], "to": [10, 4, 10], "faces": {"up": {"uv": [6, 6, 10, 10], "texture": "#dirt"}, "down": {"uv": [6, 12, 10, 16], "texture": "#flowerpot", "cullface": "down"}}}, {"name": "leaves", "from": [4.5, 11, 8], "to": [11.5, 15, 8], "rotation": {"angle": 45, "axis": "y", "origin": [8, 0, 8], "rescale": true}, "faces": {"north": {"uv": [4, 1, 11, 5], "texture": "#sapling"}, "south": {"uv": [11, 1, 4, 5], "texture": "#sapling"}}}, {"name": "leaves", "from": [8, 11, 4.5], "to": [8, 15, 11.5], "rotation": {"angle": 45, "axis": "y", "origin": [8, 0, 8], "rescale": true}, "faces": {"east": {"uv": [4, 1, 11, 5], "texture": "#sapling"}, "west": {"uv": [11, 1, 4, 5], "texture": "#sapling"}}}, {"from": [7, 4, 7], "to": [9, 9, 9], "faces": {"north": {"uv": [7, 7, 9, 12], "texture": "#sapling"}, "east": {"uv": [7, 7, 9, 12], "texture": "#sapling"}, "south": {"uv": [7, 7, 9, 12], "texture": "#sapling"}, "west": {"uv": [7, 7, 9, 12], "texture": "#sapling"}, "up": {"uv": [7, 7, 9, 9], "texture": "#sapling"}}}, {"from": [7.5, 9, 7.5], "to": [8.5, 12, 8.5], "faces": {"north": {"uv": [7, 4, 8, 7], "texture": "#sapling"}, "east": {"uv": [7, 4, 8, 7], "texture": "#sapling"}, "south": {"uv": [7, 4, 8, 7], "texture": "#sapling"}, "west": {"uv": [7, 4, 8, 7], "texture": "#sapling"}, "up": {"uv": [7, 4, 8, 5], "texture": "#sapling"}}}], "display": {"thirdperson_righthand": {"rotation": [0, 45, 0], "translation": [0, 2.5, 1], "scale": [0.375, 0.375, 0.375]}, "thirdperson_lefthand": {"rotation": [0, 45, 0], "translation": [0, 2.5, 1], "scale": [0.375, 0.375, 0.375]}, "firstperson_righthand": {"rotation": [0, 45, 0], "translation": [0, 4, 2.5], "scale": [0.4, 0.4, 0.4]}, "firstperson_lefthand": {"rotation": [0, 45, 0], "translation": [0, 4, 2.5], "scale": [0.4, 0.4, 0.4]}, "ground": {"translation": [0, 3, 0], "scale": [0.25, 0.25, 0.25]}, "gui": {"rotation": [30, 225, 0], "translation": [0, -2, 0], "scale": [0.75, 0.75, 0.75]}, "head": {"rotation": [0, 180, 0], "translation": [0, 13, 7]}, "fixed": {"translation": [0, 0, -1]}}, "groups": [0, 1, 2, 3, 4, {"name": "mangrove_propagule", "origin": [8, 8, 8], "color": 0, "children": [5, 6, 7, 8]}]}