{"parent": "block/cross", "ambientocclusion": false, "textures": {"cross": "block/oxeye_daisy", "flowerpot": "block/flower_pot", "particle": "block/flower_pot", "dirt": "block/dirt"}, "elements": [{"from": [7.5, 4, -0.6], "to": [7.5, 11, 15.4], "rotation": {"angle": -45, "axis": "y", "origin": [7.5, 12, 8.5]}, "faces": {"east": {"uv": [0, 9, 16, 16], "texture": "#cross"}, "west": {"uv": [16, 9, 0, 16], "texture": "#cross"}}}, {"from": [0, 4, 7.8], "to": [16, 11, 7.8], "rotation": {"angle": -45, "axis": "y", "origin": [7.5, 12, 8.5]}, "faces": {"north": {"uv": [16, 9, 0, 16], "texture": "#cross"}, "south": {"uv": [0, 9, 16, 16], "texture": "#cross"}}}, {"from": [7.5, 4, 7.5], "to": [8.5, 11, 8.5], "rotation": {"angle": 0, "axis": "y", "origin": [7.5, 12, 8.5]}, "faces": {"north": {"uv": [7, 9, 8, 16], "texture": "#cross"}, "east": {"uv": [7, 9, 8, 16], "texture": "#cross"}, "south": {"uv": [7, 9, 8, 16], "texture": "#cross"}, "west": {"uv": [7, 9, 8, 16], "texture": "#cross"}, "up": {"uv": [7, 9, 8, 10], "rotation": 90, "texture": "#cross"}, "down": {"uv": [7, 15, 8, 16], "rotation": 270, "texture": "#cross"}}}, {"from": [8, 8.85, 9.5], "to": [9, 13.85, 10.5], "rotation": {"angle": 22.5, "axis": "z", "origin": [7.5, 12, 8.5]}, "faces": {"north": {"uv": [5, 3, 6, 8], "texture": "#cross"}, "east": {"uv": [5, 3, 6, 8], "texture": "#cross"}, "south": {"uv": [5, 3, 6, 8], "texture": "#cross"}, "west": {"uv": [5, 3, 6, 8], "texture": "#cross"}, "up": {"uv": [5, 3, 6, 4], "rotation": 90, "texture": "#cross"}, "down": {"uv": [5, 7, 6, 8], "rotation": 270, "texture": "#cross"}}}, {"from": [8, 8.85, 5.5], "to": [9, 13.85, 6.5], "rotation": {"angle": 22.5, "axis": "z", "origin": [7.5, 12, 8.5]}, "faces": {"north": {"uv": [9, 3, 10, 8], "texture": "#cross"}, "east": {"uv": [9, 3, 10, 8], "texture": "#cross"}, "south": {"uv": [9, 3, 10, 8], "texture": "#cross"}, "west": {"uv": [9, 3, 10, 8], "texture": "#cross"}, "up": {"uv": [9, 3, 10, 4], "rotation": 90, "texture": "#cross"}, "down": {"uv": [9, 7, 10, 8], "rotation": 270, "texture": "#cross"}}}, {"from": [8, 12.85, 6.5], "to": [9, 14.85, 9.5], "rotation": {"angle": 22.5, "axis": "z", "origin": [7.5, 12, 8.5]}, "faces": {"north": {"uv": [8, 2, 9, 4], "texture": "#cross"}, "east": {"uv": [6, 2, 9, 4], "texture": "#cross"}, "south": {"uv": [6, 2, 7, 4], "texture": "#cross"}, "west": {"uv": [9, 2, 6, 4], "texture": "#cross"}, "up": {"uv": [9, 2, 6, 3], "rotation": 90, "texture": "#cross"}, "down": {"uv": [6, 3, 9, 4], "rotation": 90, "texture": "#cross"}}}, {"from": [8, 9.85, 6.5], "to": [8.75, 12.85, 9.5], "rotation": {"angle": 22.5, "axis": "z", "origin": [7.5, 12, 8.5]}, "faces": {"north": {"uv": [8, 2, 9, 4], "texture": "#cross"}, "east": {"uv": [6, 4, 9, 7], "texture": "#cross"}, "south": {"uv": [6, 2, 7, 4], "texture": "#cross"}, "west": {"uv": [16, 0, 13, 3], "texture": "#cross"}, "up": {"uv": [9, 2, 6, 3], "rotation": 90, "texture": "#cross"}, "down": {"uv": [6, 3, 9, 4], "rotation": 90, "texture": "#cross"}}}, {"from": [8, 7.85, 6.5], "to": [9, 9.85, 9.5], "rotation": {"angle": 22.5, "axis": "z", "origin": [7.5, 12, 8.5]}, "faces": {"north": {"uv": [8, 7, 9, 9], "texture": "#cross"}, "east": {"uv": [6, 7, 9, 9], "texture": "#cross"}, "south": {"uv": [6, 7, 7, 9], "texture": "#cross"}, "west": {"uv": [9, 7, 6, 9], "texture": "#cross"}, "up": {"uv": [9, 7, 6, 8], "rotation": 90, "texture": "#cross"}, "down": {"uv": [6, 8, 9, 9], "rotation": 90, "texture": "#cross"}}}, {"from": [8, 9.85, 10.5], "to": [9, 12.85, 11.5], "rotation": {"angle": 22.5, "axis": "z", "origin": [7.5, 12, 8.5]}, "faces": {"north": {"uv": [4, 4, 5, 7], "texture": "#cross"}, "east": {"uv": [4, 4, 5, 7], "texture": "#cross"}, "south": {"uv": [4, 4, 5, 7], "texture": "#cross"}, "west": {"uv": [4, 4, 5, 7], "texture": "#cross"}, "up": {"uv": [4, 4, 5, 5], "rotation": 90, "texture": "#cross"}, "down": {"uv": [4, 6, 5, 7], "rotation": 270, "texture": "#cross"}}}, {"from": [8, 9.85, 4.5], "to": [9, 12.85, 5.5], "rotation": {"angle": 22.5, "axis": "z", "origin": [7.5, 12, 8.5]}, "faces": {"north": {"uv": [10, 4, 11, 7], "texture": "#cross"}, "east": {"uv": [10, 4, 11, 7], "texture": "#cross"}, "south": {"uv": [10, 4, 11, 7], "texture": "#cross"}, "west": {"uv": [10, 4, 11, 7], "texture": "#cross"}, "up": {"uv": [10, 4, 11, 5], "rotation": 90, "texture": "#cross"}, "down": {"uv": [10, 6, 11, 7], "rotation": 270, "texture": "#cross"}}}, {"from": [5, 0, 5], "to": [6, 6, 11], "faces": {"north": {"uv": [10, 10, 11, 16], "texture": "#flowerpot"}, "east": {"uv": [5, 10, 11, 16], "texture": "#flowerpot"}, "south": {"uv": [5, 10, 6, 16], "texture": "#flowerpot"}, "west": {"uv": [5, 10, 11, 16], "texture": "#flowerpot"}, "up": {"uv": [5, 5, 6, 11], "texture": "#flowerpot"}, "down": {"uv": [5, 5, 6, 11], "texture": "#flowerpot", "cullface": "down"}}}, {"from": [10, 0, 5], "to": [11, 6, 11], "faces": {"north": {"uv": [5, 10, 6, 16], "texture": "#flowerpot"}, "east": {"uv": [5, 10, 11, 16], "texture": "#flowerpot"}, "south": {"uv": [10, 10, 11, 16], "texture": "#flowerpot"}, "west": {"uv": [5, 10, 11, 16], "texture": "#flowerpot"}, "up": {"uv": [10, 5, 11, 11], "texture": "#flowerpot"}, "down": {"uv": [10, 5, 11, 11], "texture": "#flowerpot", "cullface": "down"}}}, {"from": [6, 0, 5], "to": [10, 6, 6], "faces": {"north": {"uv": [6, 10, 10, 16], "texture": "#flowerpot"}, "south": {"uv": [6, 10, 10, 16], "texture": "#flowerpot"}, "up": {"uv": [6, 5, 10, 6], "texture": "#flowerpot"}, "down": {"uv": [6, 10, 10, 11], "texture": "#flowerpot", "cullface": "down"}}}, {"from": [6, 0, 10], "to": [10, 6, 11], "faces": {"north": {"uv": [6, 10, 10, 16], "texture": "#flowerpot"}, "south": {"uv": [6, 10, 10, 16], "texture": "#flowerpot"}, "up": {"uv": [6, 10, 10, 11], "texture": "#flowerpot"}, "down": {"uv": [6, 5, 10, 6], "texture": "#flowerpot", "cullface": "down"}}}, {"from": [6, 0, 6], "to": [10, 4, 10], "faces": {"up": {"uv": [6, 6, 10, 10], "texture": "#dirt"}, "down": {"uv": [6, 12, 10, 16], "texture": "#flowerpot", "cullface": "down"}}}], "display": {"thirdperson_righthand": {"rotation": [75, 45, 0], "translation": [0, 2.5, 3], "scale": [0.375, 0.375, 0.375]}, "thirdperson_lefthand": {"rotation": [75, 45, 0], "translation": [0, 2.5, 3], "scale": [0.375, 0.375, 0.375]}, "firstperson_righthand": {"rotation": [0, 45, 0], "translation": [2, 3, 0.75], "scale": [0.4, 0.4, 0.4]}, "firstperson_lefthand": {"rotation": [0, 45, 0], "translation": [2, 3, 0.75], "scale": [0.4, 0.4, 0.4]}, "ground": {"translation": [0, 3, 0], "scale": [0.25, 0.25, 0.25]}, "gui": {"rotation": [30, 225, 0], "translation": [0, 1.5, 0], "scale": [0.625, 0.625, 0.625]}, "head": {"rotation": [0, 180, 0], "translation": [0, 13, 7]}, "fixed": {"translation": [0, 0, -1], "scale": [0.5, 0.5, 0.5]}}, "groups": [{"name": "stem", "origin": [8, 8, 8], "children": [0, 1, 2]}, {"name": "flower", "origin": [8, 8, 8], "children": [3, 4, 5, 6, 7, 8, 9]}, {"name": "flower_pot", "origin": [8, 8, 8], "children": [10, 11, 12, 13, 14]}]}