{"parent": "block/cross", "ambientocclusion": false, "textures": {"flowerpot": "block/flower_pot", "dirt": "block/dirt", "particle": "3d/warped_fungus/warped_fungus_top", "top": "3d/warped_fungus/warped_fungus_top", "bottom": "3d/warped_fungus/warped_fungus_bottom", "side": "3d/warped_fungus/warped_fungus_side"}, "elements": [{"from": [5, 0, 5], "to": [6, 6, 11], "faces": {"north": {"uv": [10, 10, 11, 16], "texture": "#flowerpot"}, "east": {"uv": [5, 10, 11, 16], "texture": "#flowerpot"}, "south": {"uv": [5, 10, 6, 16], "texture": "#flowerpot"}, "west": {"uv": [5, 10, 11, 16], "texture": "#flowerpot"}, "up": {"uv": [5, 5, 6, 11], "texture": "#flowerpot"}, "down": {"uv": [5, 5, 6, 11], "texture": "#flowerpot", "cullface": "down"}}}, {"from": [10, 0, 5], "to": [11, 6, 11], "faces": {"north": {"uv": [5, 10, 6, 16], "texture": "#flowerpot"}, "east": {"uv": [5, 10, 11, 16], "texture": "#flowerpot"}, "south": {"uv": [10, 10, 11, 16], "texture": "#flowerpot"}, "west": {"uv": [5, 10, 11, 16], "texture": "#flowerpot"}, "up": {"uv": [10, 5, 11, 11], "texture": "#flowerpot"}, "down": {"uv": [10, 5, 11, 11], "texture": "#flowerpot", "cullface": "down"}}}, {"from": [6, 0, 5], "to": [10, 6, 6], "faces": {"north": {"uv": [6, 10, 10, 16], "texture": "#flowerpot"}, "south": {"uv": [6, 10, 10, 16], "texture": "#flowerpot"}, "up": {"uv": [6, 5, 10, 6], "texture": "#flowerpot"}, "down": {"uv": [6, 10, 10, 11], "texture": "#flowerpot", "cullface": "down"}}}, {"from": [6, 0, 10], "to": [10, 6, 11], "faces": {"north": {"uv": [6, 10, 10, 16], "texture": "#flowerpot"}, "south": {"uv": [6, 10, 10, 16], "texture": "#flowerpot"}, "up": {"uv": [6, 10, 10, 11], "texture": "#flowerpot"}, "down": {"uv": [6, 5, 10, 6], "texture": "#flowerpot", "cullface": "down"}}}, {"from": [6, 0, 6], "to": [10, 4, 10], "faces": {"up": {"uv": [6, 6, 10, 10], "texture": "#dirt"}, "down": {"uv": [6, 12, 10, 16], "texture": "#flowerpot", "cullface": "down"}}}, {"name": "Cube", "from": [7, 4, 7], "to": [9, 9, 9], "rotation": {"angle": 0, "axis": "y", "origin": [8, 12, 8]}, "faces": {"north": {"uv": [7, 11, 9, 16], "texture": "#side"}, "east": {"uv": [7, 11, 9, 16], "texture": "#side"}, "south": {"uv": [7, 11, 9, 16], "texture": "#side"}, "west": {"uv": [7, 11, 9, 16], "texture": "#side"}}}, {"from": [3, 9, 3], "to": [13, 13, 13], "rotation": {"angle": 0, "axis": "y", "origin": [8, 12, 8]}, "faces": {"north": {"uv": [3, 7, 13, 11], "texture": "#side"}, "east": {"uv": [3, 7, 13, 11], "texture": "#side"}, "south": {"uv": [3, 7, 13, 11], "texture": "#side"}, "west": {"uv": [3, 7, 13, 11], "texture": "#side"}, "up": {"uv": [0, 6, 10, 16], "texture": "#top"}, "down": {"uv": [0, 6, 10, 16], "texture": "#bottom"}}}], "display": {"thirdperson_righthand": {"translation": [0, 7.5, 1.75]}, "thirdperson_lefthand": {"translation": [0, 7, 2.75]}, "firstperson_righthand": {"rotation": [0, -90, 25], "translation": [1.13, 5.7, 1.13], "scale": [0.68, 0.68, 0.68]}, "firstperson_lefthand": {"rotation": [0, -90, 25], "translation": [1.13, 5.7, 1.13], "scale": [0.68, 0.68, 0.68]}, "ground": {"translation": [0, 2, 0], "scale": [0.5, 0.5, 0.5]}, "gui": {"rotation": [30, 45, 0], "translation": [0, 1.75, 0]}, "head": {"rotation": [0, 180, 0]}, "fixed": {"rotation": [0, 180, 0], "translation": [0, 3.25, 0]}}, "groups": [{"name": "flower_pot", "origin": [8, 8, 8], "children": [0, 1, 2, 3, 4]}, {"name": "warped_fungus", "origin": [8, 8, 8], "children": [5, 6]}]}