{"parent": "block/block", "ambientocclusion": false, "textures": {"particle": "block/flower_pot", "flowerpot": "block/flower_pot", "dirt": "block/dirt", "azalea_plant": "block/potted_azalea_bush_plant", "side": "block/potted_flowering_azalea_bush_side", "top": "block/potted_flowering_azalea_bush_top"}, "elements": [{"from": [5, 0, 5], "to": [6, 6, 11], "faces": {"north": {"uv": [10, 10, 11, 16], "texture": "#flowerpot"}, "east": {"uv": [5, 10, 11, 16], "texture": "#flowerpot"}, "south": {"uv": [5, 10, 6, 16], "texture": "#flowerpot"}, "west": {"uv": [5, 10, 11, 16], "texture": "#flowerpot"}, "up": {"uv": [5, 5, 6, 11], "texture": "#flowerpot"}, "down": {"uv": [5, 5, 6, 11], "texture": "#flowerpot", "cullface": "down"}}}, {"from": [10, 0, 5], "to": [11, 6, 11], "faces": {"north": {"uv": [5, 10, 6, 16], "texture": "#flowerpot"}, "east": {"uv": [5, 10, 11, 16], "texture": "#flowerpot"}, "south": {"uv": [10, 10, 11, 16], "texture": "#flowerpot"}, "west": {"uv": [5, 10, 11, 16], "texture": "#flowerpot"}, "up": {"uv": [10, 5, 11, 11], "texture": "#flowerpot"}, "down": {"uv": [10, 5, 11, 11], "texture": "#flowerpot", "cullface": "down"}}}, {"from": [6, 0, 5], "to": [10, 6, 6], "faces": {"north": {"uv": [6, 10, 10, 16], "texture": "#flowerpot"}, "south": {"uv": [6, 10, 10, 16], "texture": "#flowerpot"}, "up": {"uv": [6, 5, 10, 6], "texture": "#flowerpot"}, "down": {"uv": [6, 10, 10, 11], "texture": "#flowerpot", "cullface": "down"}}}, {"from": [6, 0, 10], "to": [10, 6, 11], "faces": {"north": {"uv": [6, 10, 10, 16], "texture": "#flowerpot"}, "south": {"uv": [6, 10, 10, 16], "texture": "#flowerpot"}, "up": {"uv": [6, 10, 10, 11], "texture": "#flowerpot"}, "down": {"uv": [6, 5, 10, 6], "texture": "#flowerpot", "cullface": "down"}}}, {"from": [6, 0, 6], "to": [10, 4, 10], "faces": {"up": {"uv": [6, 6, 10, 10], "texture": "#dirt"}, "down": {"uv": [6, 12, 10, 16], "texture": "#flowerpot", "cullface": "down"}}}, {"from": [4, 15.9, 4], "to": [12, 16, 12], "faces": {"up": {"uv": [4, 4, 12, 12], "texture": "#top", "cullface": "up"}, "down": {"uv": [4, 12, 12, 4], "texture": "#top"}}}, {"from": [4, 8, 4], "to": [12, 16, 4], "faces": {"north": {"uv": [4, 5, 12, 13], "texture": "#side"}, "south": {"uv": [12, 5, 4, 13], "texture": "#side"}}}, {"from": [4, 8, 12], "to": [12, 16, 12], "faces": {"north": {"uv": [12, 5, 4, 13], "texture": "#side"}, "south": {"uv": [4, 5, 12, 13], "texture": "#side"}}}, {"from": [4, 8, 4], "to": [4, 16, 12], "faces": {"east": {"uv": [12, 5, 4, 13], "texture": "#side"}, "west": {"uv": [4, 5, 12, 13], "texture": "#side"}}}, {"from": [12, 8, 4], "to": [12, 16, 12], "faces": {"east": {"uv": [4, 5, 12, 13], "texture": "#side"}, "west": {"uv": [12, 5, 4, 13], "texture": "#side"}}}, {"from": [2.6, 4, 8], "to": [13.4, 16, 8], "rotation": {"angle": 45, "axis": "y", "origin": [8, 8, 8], "rescale": true}, "faces": {"north": {"uv": [0, 4, 16, 16], "texture": "#azalea_plant"}, "south": {"uv": [0, 4, 16, 16], "texture": "#azalea_plant"}}}, {"from": [8, 4, 2.6], "to": [8, 16, 13.4], "rotation": {"angle": 45, "axis": "y", "origin": [8, 8, 8], "rescale": true}, "faces": {"east": {"uv": [0, 4, 16, 16], "texture": "#azalea_plant"}, "west": {"uv": [0, 4, 16, 16], "texture": "#azalea_plant"}}}, {"from": [5, 11, 3.5], "to": [6, 13, 4], "rotation": {"angle": 0, "axis": "y", "origin": [8, 8, 8]}, "faces": {"north": {"uv": [10, 8, 11, 10], "texture": "#side"}, "east": {"uv": [10, 8, 11, 10], "texture": "#side"}, "west": {"uv": [10, 8, 11, 10], "texture": "#side"}, "up": {"uv": [10, 8, 11, 9], "texture": "#side"}, "down": {"uv": [10, 9, 11, 10], "rotation": 90, "texture": "#side"}}}, {"from": [8, 12, 3.5], "to": [11, 13, 4], "rotation": {"angle": 0, "axis": "y", "origin": [8, 8, 8]}, "faces": {"north": {"uv": [5, 8, 8, 9], "texture": "#side"}, "east": {"uv": [5, 8, 6, 9], "texture": "#side"}, "west": {"uv": [7, 8, 8, 9], "texture": "#side"}, "up": {"uv": [5, 8, 8, 9], "rotation": 180, "texture": "#side"}, "down": {"uv": [5, 8, 8, 9], "rotation": 180, "texture": "#side"}}}, {"from": [8, 14, 3.5], "to": [11, 15, 4], "rotation": {"angle": 0, "axis": "y", "origin": [8, 8, 8]}, "faces": {"north": {"uv": [5, 6, 8, 7], "texture": "#side"}, "east": {"uv": [5, 6, 6, 7], "texture": "#side"}, "west": {"uv": [7, 6, 8, 7], "texture": "#side"}, "up": {"uv": [5, 6, 8, 7], "rotation": 180, "texture": "#side"}, "down": {"uv": [5, 6, 8, 7], "rotation": 180, "texture": "#side"}}}, {"from": [10, 13, 3.5], "to": [11, 14, 4], "rotation": {"angle": 0, "axis": "y", "origin": [8, 8, 8]}, "faces": {"north": {"uv": [5, 7, 6, 8], "texture": "#side"}, "east": {"uv": [5, 7, 6, 8], "texture": "#side"}, "west": {"uv": [5, 7, 6, 8], "texture": "#side"}}}, {"from": [8, 13, 3.5], "to": [9, 14, 4], "rotation": {"angle": 0, "axis": "y", "origin": [8, 8, 8]}, "faces": {"north": {"uv": [7, 7, 8, 8], "texture": "#side"}, "east": {"uv": [7, 7, 8, 8], "texture": "#side"}, "west": {"uv": [7, 7, 8, 8], "texture": "#side"}}}, {"from": [12, 11, 5], "to": [12.5, 13, 6], "rotation": {"angle": 0, "axis": "y", "origin": [8, 8, 8]}, "faces": {"north": {"uv": [10, 8, 11, 10], "texture": "#side"}, "east": {"uv": [10, 8, 11, 10], "texture": "#side"}, "south": {"uv": [10, 8, 11, 10], "texture": "#side"}, "up": {"uv": [10, 8, 11, 9], "rotation": 90, "texture": "#side"}, "down": {"uv": [10, 9, 11, 10], "rotation": 90, "texture": "#side"}}}, {"from": [12, 12, 8], "to": [12.5, 13, 11], "rotation": {"angle": 0, "axis": "y", "origin": [8, 8, 8]}, "faces": {"north": {"uv": [7, 8, 8, 9], "texture": "#side"}, "east": {"uv": [5, 8, 8, 9], "texture": "#side"}, "south": {"uv": [5, 8, 6, 9], "texture": "#side"}, "up": {"uv": [5, 8, 8, 9], "rotation": 270, "texture": "#side"}, "down": {"uv": [5, 8, 8, 9], "rotation": 90, "texture": "#side"}}}, {"from": [12, 14, 8], "to": [12.5, 15, 11], "rotation": {"angle": 0, "axis": "y", "origin": [8, 8, 8]}, "faces": {"north": {"uv": [7, 6, 8, 7], "texture": "#side"}, "east": {"uv": [5, 6, 8, 7], "texture": "#side"}, "south": {"uv": [5, 6, 6, 7], "texture": "#side"}, "up": {"uv": [5, 6, 8, 7], "rotation": 270, "texture": "#side"}, "down": {"uv": [5, 6, 8, 7], "rotation": 90, "texture": "#side"}}}, {"from": [12, 13, 10], "to": [12.5, 14, 11], "rotation": {"angle": 0, "axis": "y", "origin": [8, 8, 8]}, "faces": {"north": {"uv": [5, 7, 6, 8], "texture": "#side"}, "east": {"uv": [5, 7, 6, 8], "texture": "#side"}, "south": {"uv": [5, 7, 6, 8], "texture": "#side"}}}, {"from": [12, 13, 8], "to": [12.5, 14, 9], "rotation": {"angle": 0, "axis": "y", "origin": [8, 8, 8]}, "faces": {"north": {"uv": [7, 7, 8, 8], "texture": "#side"}, "east": {"uv": [7, 7, 8, 8], "texture": "#side"}, "south": {"uv": [7, 7, 8, 8], "texture": "#side"}}}, {"from": [10, 11, 12], "to": [11, 13, 12.5], "rotation": {"angle": 0, "axis": "y", "origin": [8, 8, 8]}, "faces": {"east": {"uv": [10, 8, 11, 10], "texture": "#side"}, "south": {"uv": [10, 8, 11, 10], "texture": "#side"}, "west": {"uv": [10, 8, 11, 10], "texture": "#side"}, "up": {"uv": [10, 8, 11, 9], "rotation": 180, "texture": "#side"}, "down": {"uv": [10, 9, 11, 10], "rotation": 180, "texture": "#side"}}}, {"from": [5, 12, 12], "to": [8, 13, 12.5], "rotation": {"angle": 0, "axis": "y", "origin": [8, 8, 8]}, "faces": {"east": {"uv": [7, 8, 8, 9], "texture": "#side"}, "south": {"uv": [5, 8, 8, 9], "texture": "#side"}, "west": {"uv": [5, 8, 6, 9], "texture": "#side"}, "up": {"uv": [5, 8, 8, 9], "texture": "#side"}, "down": {"uv": [5, 8, 8, 9], "texture": "#side"}}}, {"from": [5, 14, 12], "to": [8, 15, 12.5], "rotation": {"angle": 0, "axis": "y", "origin": [8, 8, 8]}, "faces": {"east": {"uv": [7, 6, 8, 7], "texture": "#side"}, "south": {"uv": [5, 6, 8, 7], "texture": "#side"}, "west": {"uv": [5, 6, 6, 7], "texture": "#side"}, "up": {"uv": [5, 6, 8, 7], "texture": "#side"}, "down": {"uv": [5, 6, 8, 7], "texture": "#side"}}}, {"from": [5, 13, 12], "to": [6, 14, 12.5], "rotation": {"angle": 0, "axis": "y", "origin": [8, 8, 8]}, "faces": {"east": {"uv": [5, 7, 6, 8], "texture": "#side"}, "south": {"uv": [5, 7, 6, 8], "texture": "#side"}, "west": {"uv": [5, 7, 6, 8], "texture": "#side"}}}, {"from": [7, 13, 12], "to": [8, 14, 12.5], "rotation": {"angle": 0, "axis": "y", "origin": [8, 8, 8]}, "faces": {"east": {"uv": [7, 7, 8, 8], "texture": "#side"}, "south": {"uv": [7, 7, 8, 8], "texture": "#side"}, "west": {"uv": [7, 7, 8, 8], "texture": "#side"}}}, {"from": [3.5, 11, 10], "to": [4, 13, 11], "rotation": {"angle": 0, "axis": "y", "origin": [8, 8, 8]}, "faces": {"north": {"uv": [10, 8, 11, 10], "texture": "#side"}, "south": {"uv": [10, 8, 11, 10], "texture": "#side"}, "west": {"uv": [10, 8, 11, 10], "texture": "#side"}, "up": {"uv": [10, 8, 11, 9], "rotation": 270, "texture": "#side"}, "down": {"uv": [10, 9, 11, 10], "rotation": 90, "texture": "#side"}}}, {"from": [3.5, 12, 5], "to": [4, 13, 8], "rotation": {"angle": 0, "axis": "y", "origin": [8, 8, 8]}, "faces": {"north": {"uv": [5, 8, 6, 9], "texture": "#side"}, "south": {"uv": [7, 8, 8, 9], "texture": "#side"}, "west": {"uv": [5, 8, 8, 9], "texture": "#side"}, "up": {"uv": [5, 8, 8, 9], "rotation": 90, "texture": "#side"}, "down": {"uv": [5, 8, 8, 9], "rotation": 270, "texture": "#side"}}}, {"from": [3.5, 14, 5], "to": [4, 15, 8], "rotation": {"angle": 0, "axis": "y", "origin": [8, 8, 8]}, "faces": {"north": {"uv": [5, 6, 6, 7], "texture": "#side"}, "south": {"uv": [7, 6, 8, 7], "texture": "#side"}, "west": {"uv": [5, 6, 8, 7], "texture": "#side"}, "up": {"uv": [5, 6, 8, 7], "rotation": 90, "texture": "#side"}, "down": {"uv": [5, 6, 8, 7], "rotation": 270, "texture": "#side"}}}, {"from": [3.5, 13, 5], "to": [4, 14, 6], "rotation": {"angle": 0, "axis": "y", "origin": [8, 8, 8]}, "faces": {"north": {"uv": [5, 7, 6, 8], "texture": "#side"}, "south": {"uv": [5, 7, 6, 8], "texture": "#side"}, "west": {"uv": [5, 7, 6, 8], "texture": "#side"}}}, {"from": [3.5, 13, 7], "to": [4, 14, 8], "rotation": {"angle": 0, "axis": "y", "origin": [8, 8, 8]}, "faces": {"north": {"uv": [7, 7, 8, 8], "texture": "#side"}, "south": {"uv": [7, 7, 8, 8], "texture": "#side"}, "west": {"uv": [7, 7, 8, 8], "texture": "#side"}}}, {"from": [6, 16, 9], "to": [7, 16.5, 11], "faces": {"north": {"uv": [6, 9, 7, 10], "rotation": 180, "texture": "#top"}, "east": {"uv": [6, 9, 7, 11], "rotation": 90, "texture": "#top"}, "south": {"uv": [6, 10, 7, 11], "texture": "#top"}, "west": {"uv": [6, 9, 7, 11], "rotation": 270, "texture": "#top"}, "up": {"uv": [6, 9, 7, 11], "texture": "#top"}}}, {"from": [8, 16, 7], "to": [11, 16.5, 8], "faces": {"north": {"uv": [8, 7, 11, 8], "rotation": 180, "texture": "#top"}, "east": {"uv": [10, 7, 11, 8], "rotation": 90, "texture": "#top"}, "south": {"uv": [8, 7, 11, 8], "texture": "#top"}, "west": {"uv": [8, 7, 9, 8], "rotation": 180, "texture": "#top"}, "up": {"uv": [8, 7, 11, 8], "texture": "#top"}}}, {"from": [8, 16, 5], "to": [11, 16.5, 6], "faces": {"north": {"uv": [8, 5, 11, 6], "rotation": 180, "texture": "#top"}, "east": {"uv": [10, 5, 11, 6], "rotation": 90, "texture": "#top"}, "south": {"uv": [8, 5, 11, 6], "texture": "#top"}, "west": {"uv": [8, 5, 9, 6], "rotation": 180, "texture": "#top"}, "up": {"uv": [8, 5, 11, 6], "texture": "#top"}}}, {"from": [8, 16, 6], "to": [9, 16.5, 7], "faces": {"east": {"uv": [8, 6, 9, 7], "rotation": 90, "texture": "#top"}, "west": {"uv": [8, 6, 9, 7], "rotation": 180, "texture": "#top"}, "up": {"uv": [8, 6, 9, 7], "texture": "#top"}}}, {"from": [10, 16, 6], "to": [11, 16.5, 7], "faces": {"east": {"uv": [10, 6, 11, 7], "rotation": 90, "texture": "#top"}, "west": {"uv": [10, 6, 11, 7], "rotation": 180, "texture": "#top"}, "up": {"uv": [10, 6, 11, 7], "texture": "#top"}}}], "groups": [0, 1, 2, 3, 4, 5, 6, 7, 8, 9, 10, 11, {"name": "north", "origin": [8, 8, 8], "children": [12, 13, 14, 15, 16]}, {"name": "east", "origin": [8, 8, 8], "children": [17, 18, 19, 20, 21]}, {"name": "south", "origin": [8, 8, 8], "children": [22, 23, 24, 25, 26]}, {"name": "west", "origin": [8, 8, 8], "children": [27, 28, 29, 30, 31]}, {"name": "up", "origin": [8, 8, 8], "children": [32, 33, 34, 35, 36]}]}