{"parent": "block/cube_all", "textures": {"wall": "block/prismarine"}, "elements": [{"from": [5, 0, 0], "to": [11, 16, 8], "faces": {"north": {"uv": [5, 0, 11, 16], "texture": "#wall", "cullface": "north"}, "east": {"uv": [8, 0, 16, 16], "texture": "#wall"}, "west": {"uv": [0, 0, 8, 16], "texture": "#wall"}, "up": {"uv": [5, 0, 11, 8], "texture": "#wall", "cullface": "up"}, "down": {"uv": [5, 8, 11, 16], "texture": "#wall", "cullface": "down"}}}, {"from": [11, 0, 0], "to": [11.25, 1, 2], "faces": {"north": {"uv": [15, 15, 16, 16], "texture": "#wall"}, "east": {"uv": [14, 15, 16, 16], "texture": "#wall"}, "south": {"uv": [14, 15, 15, 16], "texture": "#wall"}, "up": {"uv": [14, 15, 16, 16], "rotation": 270, "texture": "#wall"}, "down": {"uv": [14, 15, 16, 16], "rotation": 90, "texture": "#wall"}}}, {"from": [11, 0, 3], "to": [11.25, 1, 6], "faces": {"north": {"uv": [12, 15, 13, 16], "texture": "#wall"}, "east": {"uv": [10, 15, 13, 16], "texture": "#wall"}, "south": {"uv": [10, 15, 11, 16], "texture": "#wall"}, "up": {"uv": [10, 15, 13, 16], "rotation": 270, "texture": "#wall"}, "down": {"uv": [10, 15, 13, 16], "rotation": 90, "texture": "#wall"}}}, {"from": [11, 1, 4], "to": [11.25, 2, 8], "faces": {"north": {"uv": [11, 14, 12, 15], "texture": "#wall"}, "east": {"uv": [8, 14, 12, 15], "texture": "#wall"}, "south": {"uv": [8, 14, 9, 15], "texture": "#wall"}, "up": {"uv": [8, 14, 12, 15], "rotation": 270, "texture": "#wall"}, "down": {"uv": [8, 14, 12, 15], "rotation": 90, "texture": "#wall"}}}, {"from": [11, 2, 5], "to": [11.25, 3, 8], "faces": {"north": {"uv": [10, 13, 11, 14], "texture": "#wall"}, "east": {"uv": [8, 13, 11, 14], "texture": "#wall"}, "up": {"uv": [8, 13, 11, 14], "rotation": 270, "texture": "#wall"}}}, {"from": [11, 3, 7], "to": [11.25, 4, 8], "faces": {"north": {"uv": [8, 12, 9, 13], "texture": "#wall"}, "east": {"uv": [8, 12, 9, 13], "texture": "#wall"}, "south": {"uv": [8, 12, 9, 13], "texture": "#wall"}, "up": {"uv": [8, 12, 9, 13], "rotation": 270, "texture": "#wall"}}}, {"from": [11, 4, 4], "to": [11.25, 6, 7], "faces": {"north": {"uv": [11, 10, 12, 12], "texture": "#wall"}, "east": {"uv": [9, 10, 12, 12], "texture": "#wall"}, "south": {"uv": [9, 10, 10, 12], "texture": "#wall"}, "up": {"uv": [9, 10, 12, 11], "rotation": 270, "texture": "#wall"}, "down": {"uv": [9, 11, 12, 12], "rotation": 90, "texture": "#wall"}}}, {"from": [11, 6, 4], "to": [11.25, 7, 6], "faces": {"north": {"uv": [11, 9, 12, 10], "texture": "#wall"}, "east": {"uv": [10, 9, 12, 10], "texture": "#wall"}, "south": {"uv": [10, 10, 11, 11], "texture": "#wall"}, "up": {"uv": [10, 9, 12, 10], "rotation": 270, "texture": "#wall"}}}, {"from": [11, 1, 2], "to": [11.25, 2, 3], "faces": {"north": {"uv": [13, 14, 14, 15], "texture": "#wall"}, "east": {"uv": [13, 14, 14, 15], "texture": "#wall"}, "south": {"uv": [13, 14, 14, 15], "texture": "#wall"}, "down": {"uv": [13, 14, 14, 15], "rotation": 90, "texture": "#wall"}}}, {"from": [11, 2, 0], "to": [11.25, 4, 4], "faces": {"north": {"uv": [15, 12, 16, 14], "texture": "#wall"}, "east": {"uv": [12, 12, 16, 14], "texture": "#wall"}, "south": {"uv": [12, 12, 13, 14], "texture": "#wall"}, "up": {"uv": [12, 12, 16, 13], "rotation": 270, "texture": "#wall"}, "down": {"uv": [12, 13, 16, 14], "rotation": 90, "texture": "#wall"}}}, {"from": [11, 4, 0], "to": [11.25, 5, 3], "faces": {"north": {"uv": [15, 11, 16, 12], "texture": "#wall"}, "east": {"uv": [13, 11, 16, 12], "texture": "#wall"}, "south": {"uv": [13, 11, 14, 12], "texture": "#wall"}, "up": {"uv": [13, 11, 16, 12], "rotation": 270, "texture": "#wall"}}}, {"from": [11, 5, 2], "to": [11.25, 6, 3], "faces": {"north": {"uv": [13, 10, 14, 11], "texture": "#wall"}, "east": {"uv": [13, 10, 14, 11], "texture": "#wall"}, "south": {"uv": [13, 10, 14, 11], "texture": "#wall"}, "up": {"uv": [13, 10, 14, 11], "rotation": 270, "texture": "#wall"}}}, {"from": [11, 6, 0], "to": [11.25, 9, 2], "faces": {"north": {"uv": [15, 7, 16, 10], "texture": "#wall"}, "east": {"uv": [14, 7, 16, 10], "texture": "#wall"}, "south": {"uv": [14, 7, 15, 10], "texture": "#wall"}, "up": {"uv": [14, 7, 16, 8], "rotation": 270, "texture": "#wall"}, "down": {"uv": [14, 9, 16, 10], "rotation": 90, "texture": "#wall"}}}, {"from": [11, 7, 3], "to": [11.25, 8, 4], "faces": {"north": {"uv": [12, 8, 13, 9], "texture": "#wall"}, "east": {"uv": [12, 8, 13, 9], "texture": "#wall"}, "south": {"uv": [12, 8, 13, 9], "texture": "#wall"}, "down": {"uv": [12, 8, 13, 9], "rotation": 90, "texture": "#wall"}}}, {"from": [11, 8, 3], "to": [11.25, 9, 5], "faces": {"north": {"uv": [12, 7, 13, 8], "texture": "#wall"}, "east": {"uv": [11, 7, 13, 8], "texture": "#wall"}, "south": {"uv": [11, 7, 12, 8], "texture": "#wall"}, "down": {"uv": [11, 7, 13, 8], "rotation": 90, "texture": "#wall"}}}, {"from": [11, 9, 2], "to": [11.25, 10, 5], "faces": {"north": {"uv": [13, 6, 14, 7], "texture": "#wall"}, "east": {"uv": [11, 6, 14, 7], "texture": "#wall"}, "south": {"uv": [11, 6, 12, 7], "texture": "#wall"}, "up": {"uv": [11, 6, 14, 7], "rotation": 270, "texture": "#wall"}, "down": {"uv": [11, 6, 14, 7], "rotation": 90, "texture": "#wall"}}}, {"from": [11, 10, 1], "to": [11.25, 11, 4], "faces": {"north": {"uv": [14, 5, 15, 6], "texture": "#wall"}, "east": {"uv": [12, 5, 15, 6], "texture": "#wall"}, "south": {"uv": [12, 5, 13, 6], "texture": "#wall"}, "up": {"uv": [12, 5, 15, 6], "rotation": 270, "texture": "#wall"}, "down": {"uv": [12, 5, 15, 6], "rotation": 90, "texture": "#wall"}}}, {"from": [11, 11, 0], "to": [11.25, 12, 1], "faces": {"north": {"uv": [15, 4, 16, 5], "texture": "#wall"}, "east": {"uv": [15, 4, 16, 5], "texture": "#wall"}, "south": {"uv": [15, 4, 16, 5], "texture": "#wall"}, "up": {"uv": [15, 4, 16, 5], "rotation": 270, "texture": "#wall"}, "down": {"uv": [15, 4, 16, 5], "rotation": 90, "texture": "#wall"}}}, {"from": [11, 10, 5], "to": [11.25, 11, 7], "faces": {"north": {"uv": [10, 5, 11, 6], "texture": "#wall"}, "east": {"uv": [9, 5, 11, 6], "texture": "#wall"}, "south": {"uv": [9, 5, 10, 6], "texture": "#wall"}, "up": {"uv": [9, 5, 11, 6], "rotation": 270, "texture": "#wall"}, "down": {"uv": [9, 5, 11, 6], "rotation": 90, "texture": "#wall"}}}, {"from": [11, 11, 3], "to": [11.25, 12, 6], "faces": {"north": {"uv": [12, 4, 13, 5], "texture": "#wall"}, "east": {"uv": [10, 4, 13, 5], "texture": "#wall"}, "south": {"uv": [10, 4, 11, 5], "texture": "#wall"}, "up": {"uv": [10, 4, 13, 5], "rotation": 270, "texture": "#wall"}, "down": {"uv": [10, 4, 13, 5], "rotation": 90, "texture": "#wall"}}}, {"from": [11, 12, 2], "to": [11.25, 13, 5], "faces": {"north": {"uv": [13, 3, 14, 4], "texture": "#wall"}, "east": {"uv": [11, 3, 14, 4], "texture": "#wall"}, "south": {"uv": [11, 3, 12, 4], "texture": "#wall"}, "up": {"uv": [11, 3, 14, 4], "rotation": 270, "texture": "#wall"}, "down": {"uv": [11, 3, 14, 4], "rotation": 90, "texture": "#wall"}}}, {"from": [11, 13, 3], "to": [11.25, 14, 4], "faces": {"north": {"uv": [12, 2, 13, 3], "texture": "#wall"}, "east": {"uv": [12, 2, 13, 3], "texture": "#wall"}, "south": {"uv": [12, 2, 13, 3], "texture": "#wall"}, "up": {"uv": [12, 2, 13, 3], "rotation": 270, "texture": "#wall"}}}, {"from": [11, 13, 5], "to": [11.25, 15, 8], "faces": {"north": {"uv": [10, 1, 11, 3], "texture": "#wall"}, "east": {"uv": [8, 1, 11, 3], "texture": "#wall"}, "south": {"uv": [8, 1, 9, 3], "texture": "#wall"}, "up": {"uv": [8, 1, 11, 2], "rotation": 270, "texture": "#wall"}, "down": {"uv": [8, 2, 11, 3], "rotation": 90, "texture": "#wall"}}}, {"from": [11, 15, 4], "to": [11.25, 16, 5], "faces": {"north": {"uv": [11, 0, 12, 1], "texture": "#wall"}, "east": {"uv": [11, 0, 12, 1], "texture": "#wall"}, "south": {"uv": [11, 0, 12, 1], "texture": "#wall"}, "up": {"uv": [11, 0, 12, 1], "rotation": 270, "texture": "#wall"}, "down": {"uv": [11, 0, 12, 1], "rotation": 90, "texture": "#wall"}}}, {"from": [11, 13, 0], "to": [11.25, 14, 1], "faces": {"north": {"uv": [15, 2, 16, 3], "texture": "#wall"}, "east": {"uv": [15, 2, 16, 3], "texture": "#wall"}, "south": {"uv": [15, 2, 16, 3], "texture": "#wall"}, "down": {"uv": [15, 2, 16, 3], "rotation": 90, "texture": "#wall"}}}, {"from": [11, 14, 0], "to": [11.25, 16, 3], "faces": {"north": {"uv": [15, 0, 16, 2], "texture": "#wall"}, "east": {"uv": [13, 0, 16, 2], "texture": "#wall"}, "south": {"uv": [13, 0, 14, 2], "texture": "#wall"}, "up": {"uv": [13, 0, 16, 1], "rotation": 270, "texture": "#wall"}, "down": {"uv": [13, 0, 16, 1], "rotation": 90, "texture": "#wall"}}}, {"from": [11, 15, 6], "to": [11.25, 16, 8], "faces": {"north": {"uv": [9, 0, 10, 1], "texture": "#wall"}, "east": {"uv": [8, 0, 10, 1], "texture": "#wall"}, "south": {"uv": [8, 0, 9, 1], "texture": "#wall"}, "up": {"uv": [8, 0, 10, 1], "rotation": 270, "texture": "#wall"}}}, {"from": [11, 12, 6], "to": [11.25, 13, 7], "faces": {"north": {"uv": [9, 3, 10, 4], "texture": "#wall"}, "east": {"uv": [9, 3, 10, 4], "texture": "#wall"}, "south": {"uv": [9, 3, 10, 4], "texture": "#wall"}, "down": {"uv": [9, 3, 10, 4], "rotation": 90, "texture": "#wall"}}}, {"from": [11, 7, 6], "to": [11.25, 9, 7], "faces": {"north": {"uv": [9, 7, 10, 9], "texture": "#wall"}, "east": {"uv": [9, 7, 10, 9], "texture": "#wall"}, "up": {"uv": [9.01, 7, 9.99, 8], "rotation": 90, "texture": "#wall"}, "down": {"uv": [8.99, 8, 9.99, 9], "rotation": 90, "texture": "#wall"}}}, {"from": [11, 6, 7], "to": [11.25, 10, 8], "faces": {"north": {"uv": [8, 6, 9, 10], "texture": "#wall"}, "east": {"uv": [8, 6, 9, 10], "texture": "#wall"}, "up": {"uv": [8, 5.99, 9, 6.99], "rotation": 90, "texture": "#wall"}, "down": {"uv": [8, 9, 9, 10], "rotation": 90, "texture": "#wall"}}}, {"from": [5, 0, -0.25], "to": [6, 1, 0], "faces": {"north": {"uv": [10, 15, 11, 16], "texture": "#wall", "cullface": "north"}, "east": {"uv": [10, 15, 11, 16], "texture": "#wall", "cullface": "north"}, "west": {"uv": [10, 15, 11, 16], "texture": "#wall", "cullface": "north"}, "down": {"uv": [9.99, 14.99, 10.99, 15.99], "rotation": 90, "texture": "#wall", "cullface": "north"}}}, {"from": [9, 0, -0.25], "to": [10, 2, 0], "faces": {"north": {"uv": [6, 14, 7, 16], "texture": "#wall", "cullface": "north"}, "west": {"uv": [6, 14, 7, 16], "texture": "#wall", "cullface": "north"}, "up": {"uv": [6, 14, 7, 15], "texture": "#wall", "cullface": "north"}, "down": {"uv": [6, 15, 7, 16], "rotation": 180, "texture": "#wall", "cullface": "north"}}}, {"from": [10, 0, -0.25], "to": [11, 5, 0], "faces": {"north": {"uv": [5, 11, 6, 16], "texture": "#wall", "cullface": "north"}, "east": {"uv": [5, 11, 6, 16], "texture": "#wall", "cullface": "north"}, "west": {"uv": [5, 11, 6, 16], "texture": "#wall", "cullface": "north"}, "up": {"uv": [5, 11, 6, 12], "rotation": 180, "texture": "#wall", "cullface": "north"}, "down": {"uv": [5, 15, 6, 16], "texture": "#wall", "cullface": "north"}}}, {"from": [5, 1, -0.25], "to": [8, 2, 0], "faces": {"north": {"uv": [8, 14, 11, 15], "texture": "#wall", "cullface": "north"}, "east": {"uv": [8, 14, 9, 15], "texture": "#wall", "cullface": "north"}, "west": {"uv": [10, 14, 11, 15], "texture": "#wall", "cullface": "north"}, "down": {"uv": [8, 14, 11, 15], "rotation": 180, "texture": "#wall", "cullface": "north"}}}, {"from": [5, 2, -0.25], "to": [9, 3, 0], "faces": {"north": {"uv": [7, 13, 11, 14], "texture": "#wall", "cullface": "north"}, "east": {"uv": [7, 13, 8, 14], "texture": "#wall", "cullface": "north"}, "west": {"uv": [10, 13, 11, 14], "texture": "#wall", "cullface": "north"}, "up": {"uv": [7, 13, 11, 14], "rotation": 180, "texture": "#wall", "cullface": "north"}, "down": {"uv": [7, 13, 11, 14], "rotation": 180, "texture": "#wall", "cullface": "north"}}}, {"from": [7, 3, -0.25], "to": [8, 4, 0], "faces": {"north": {"uv": [8, 12, 9, 13], "texture": "#wall", "cullface": "north"}, "east": {"uv": [8, 12, 9, 13], "texture": "#wall", "cullface": "north"}, "west": {"uv": [8, 12, 9, 13], "texture": "#wall", "cullface": "north"}, "up": {"uv": [8, 12, 9, 13], "rotation": 180, "texture": "#wall", "cullface": "north"}}}, {"from": [8, 4, -0.25], "to": [9, 5, 0], "faces": {"north": {"uv": [7, 11, 8, 12], "texture": "#wall", "cullface": "north"}, "east": {"uv": [7, 11, 8, 12], "texture": "#wall", "cullface": "north"}, "west": {"uv": [7, 11, 8, 12], "texture": "#wall", "cullface": "north"}, "down": {"uv": [7, 11, 8, 12], "rotation": 180, "texture": "#wall", "cullface": "north"}}}, {"from": [8, 5, -0.25], "to": [10, 6, 0], "faces": {"north": {"uv": [6, 10, 8, 11], "texture": "#wall", "cullface": "north"}, "east": {"uv": [6, 10, 7, 11], "texture": "#wall", "cullface": "north"}, "west": {"uv": [7, 10, 8, 11], "texture": "#wall", "cullface": "north"}, "down": {"uv": [6, 10, 8, 11], "rotation": 180, "texture": "#wall", "cullface": "north"}}}, {"from": [7, 6, -0.25], "to": [11, 7, 0], "faces": {"north": {"uv": [5, 9, 9, 10], "texture": "#wall", "cullface": "north"}, "east": {"uv": [5, 9, 6, 10], "texture": "#wall", "cullface": "north"}, "west": {"uv": [8, 9, 9, 10], "texture": "#wall", "cullface": "north"}, "down": {"uv": [5, 9, 9, 10], "rotation": 180, "texture": "#wall", "cullface": "north"}}}, {"from": [6, 7, -0.25], "to": [11, 8, 0], "faces": {"north": {"uv": [5, 8, 10, 9], "texture": "#wall", "cullface": "north"}, "east": {"uv": [5, 8, 6, 9], "texture": "#wall", "cullface": "north"}, "west": {"uv": [9, 8, 10, 9], "texture": "#wall", "cullface": "north"}, "up": {"uv": [5, 8, 10, 9], "rotation": 180, "texture": "#wall", "cullface": "north"}, "down": {"uv": [5, 8, 10, 9], "rotation": 180, "texture": "#wall", "cullface": "north"}}}, {"from": [5, 4, -0.25], "to": [7, 6, 0], "faces": {"north": {"uv": [9, 10, 11, 12], "texture": "#wall", "cullface": "north"}, "east": {"uv": [9, 10, 10, 12], "texture": "#wall", "cullface": "north"}, "west": {"uv": [10, 10, 11, 12], "texture": "#wall", "cullface": "north"}, "up": {"uv": [9, 10, 11, 11], "rotation": 180, "texture": "#wall", "cullface": "north"}, "down": {"uv": [9, 11, 11, 12], "rotation": 180, "texture": "#wall", "cullface": "north"}}}, {"from": [5, 6, -0.25], "to": [6, 7, 0], "faces": {"north": {"uv": [10, 9, 11, 10], "texture": "#wall", "cullface": "north"}, "east": {"uv": [10, 9, 11, 10], "texture": "#wall", "cullface": "north"}, "west": {"uv": [10, 9, 11, 10], "texture": "#wall", "cullface": "north"}, "up": {"uv": [10, 9, 11, 10], "rotation": 270, "texture": "#wall", "cullface": "north"}}}, {"from": [5, 10, -0.25], "to": [7, 11, 0], "faces": {"north": {"uv": [9, 5, 11, 6], "texture": "#wall", "cullface": "north"}, "east": {"uv": [9, 5, 10, 6], "texture": "#wall", "cullface": "north"}, "west": {"uv": [10, 5, 11, 6], "texture": "#wall", "cullface": "north"}, "up": {"uv": [9, 5, 11, 6], "rotation": 180, "texture": "#wall", "cullface": "north"}, "down": {"uv": [9, 5, 11, 6], "rotation": 180, "texture": "#wall", "cullface": "north"}}}, {"from": [5, 11, -0.25], "to": [6, 12, 0], "faces": {"north": {"uv": [10, 4, 11, 5], "texture": "#wall", "cullface": "north"}, "east": {"uv": [10, 4, 11, 5], "texture": "#wall", "cullface": "north"}, "west": {"uv": [10, 4, 11, 5], "texture": "#wall", "cullface": "north"}, "up": {"uv": [10, 4.01, 11, 5.01], "rotation": 270, "texture": "#wall", "cullface": "north"}}}, {"from": [8, 12, -0.25], "to": [11, 13, 0], "faces": {"north": {"uv": [5, 3, 8, 4], "texture": "#wall", "cullface": "north"}, "east": {"uv": [5, 3, 6, 4], "texture": "#wall", "cullface": "north"}, "west": {"uv": [7, 3, 8, 4], "texture": "#wall", "cullface": "north"}, "up": {"uv": [5, 3, 8, 4], "rotation": 180, "texture": "#wall", "cullface": "north"}, "down": {"uv": [5, 3, 8, 4], "rotation": 180, "texture": "#wall", "cullface": "north"}}}, {"from": [8, 11, -0.25], "to": [10, 12, 0], "faces": {"north": {"uv": [6, 4, 8, 5], "texture": "#wall", "cullface": "north"}, "east": {"uv": [6, 4, 7, 5], "texture": "#wall", "cullface": "north"}, "west": {"uv": [7, 4, 8, 5], "texture": "#wall", "cullface": "north"}, "down": {"uv": [6, 4, 8, 5], "rotation": 180, "texture": "#wall", "cullface": "north"}}}, {"from": [9, 13, -0.25], "to": [11, 15, 0], "faces": {"north": {"uv": [5, 1, 7, 3], "texture": "#wall", "cullface": "north"}, "east": {"uv": [5, 1, 6, 3], "texture": "#wall", "cullface": "north"}, "west": {"uv": [6, 1, 7, 3], "texture": "#wall", "cullface": "north"}, "up": {"uv": [5, 1, 7, 2], "rotation": 180, "texture": "#wall", "cullface": "north"}}}, {"from": [10, 10, -0.25], "to": [11, 11, 0], "faces": {"north": {"uv": [5, 5, 6, 6], "texture": "#wall", "cullface": "north"}, "east": {"uv": [5, 5, 6, 6], "texture": "#wall", "cullface": "north"}, "west": {"uv": [5, 5, 6, 6], "texture": "#wall", "cullface": "north"}, "up": {"uv": [5, 5, 6, 6], "rotation": 270, "texture": "#wall", "cullface": "north"}, "down": {"uv": [5, 5, 6, 6], "rotation": 90, "texture": "#wall", "cullface": "north"}}}, {"from": [5, 13, -0.25], "to": [8, 15, 0], "faces": {"north": {"uv": [8, 1, 11, 3], "texture": "#wall", "cullface": "north"}, "east": {"uv": [8, 1, 9, 3], "texture": "#wall", "cullface": "north"}, "west": {"uv": [10, 1, 11, 3], "texture": "#wall", "cullface": "north"}, "up": {"uv": [8, 1, 11, 2], "rotation": 180, "texture": "#wall", "cullface": "north"}, "down": {"uv": [8, 2, 11, 3], "rotation": 180, "texture": "#wall", "cullface": "north"}}}, {"from": [6, 15, -0.25], "to": [8, 16, 0], "faces": {"north": {"uv": [8, 0, 10, 1], "texture": "#wall", "cullface": "north"}, "east": {"uv": [8, 0, 9, 1], "texture": "#wall", "cullface": "north"}, "west": {"uv": [9, 0, 10, 1], "texture": "#wall", "cullface": "north"}, "up": {"uv": [8, 0, 10, 1], "rotation": 180, "texture": "#wall", "cullface": "north"}}}, {"from": [6, 12, -0.25], "to": [7, 13, 0], "faces": {"north": {"uv": [9, 3, 10, 4], "texture": "#wall", "cullface": "north"}, "east": {"uv": [9, 3, 10, 4], "texture": "#wall", "cullface": "north"}, "west": {"uv": [9, 3, 10, 4], "texture": "#wall", "cullface": "north"}, "down": {"uv": [9, 3, 10, 4], "rotation": 180, "texture": "#wall", "cullface": "north"}}}, {"from": [6, 8, -0.25], "to": [10, 9, 0], "faces": {"north": {"uv": [6, 7, 10, 8], "texture": "#wall", "cullface": "north"}, "east": {"uv": [6, 7, 7, 8], "texture": "#wall", "cullface": "north"}, "west": {"uv": [9, 7, 10, 8], "texture": "#wall", "cullface": "north"}, "up": {"uv": [6, 7, 10, 8], "rotation": 180, "texture": "#wall", "cullface": "north"}}}, {"from": [7, 9, -0.25], "to": [9, 10, 0], "faces": {"north": {"uv": [7, 6, 9, 7], "texture": "#wall", "cullface": "north"}, "east": {"uv": [7, 6, 8, 7], "texture": "#wall", "cullface": "north"}, "west": {"uv": [8, 6, 9, 7], "texture": "#wall", "cullface": "north"}, "up": {"uv": [7, 6, 9, 7], "rotation": 180, "texture": "#wall", "cullface": "north"}}}, {"from": [4.75, 0, 2], "to": [5, 1, 4], "faces": {"north": {"uv": [2, 15, 3, 16], "texture": "#wall"}, "south": {"uv": [3, 15, 4, 16], "texture": "#wall"}, "west": {"uv": [2, 15, 4, 16], "texture": "#wall"}, "up": {"uv": [2, 15, 4, 16], "rotation": 90, "texture": "#wall"}, "down": {"uv": [2, 15, 4, 16], "rotation": 270, "texture": "#wall"}}}, {"from": [4.75, 1, 0], "to": [5, 3, 2], "faces": {"north": {"uv": [0, 13, 1, 15], "texture": "#wall"}, "south": {"uv": [1, 13, 2, 15], "texture": "#wall"}, "west": {"uv": [0, 13, 2, 15], "texture": "#wall"}, "up": {"uv": [0, 13, 2, 14], "rotation": 90, "texture": "#wall"}, "down": {"uv": [0, 14, 2, 15], "rotation": 270, "texture": "#wall"}}}, {"from": [4.75, 3, 0], "to": [5, 4, 1], "faces": {"north": {"uv": [0, 12, 1, 13], "texture": "#wall"}, "south": {"uv": [0, 12, 1, 13], "texture": "#wall"}, "west": {"uv": [0, 12, 1, 13], "texture": "#wall"}, "up": {"uv": [0, 12, 1, 13], "rotation": 90, "texture": "#wall"}}}, {"from": [4.75, 0, 5], "to": [5, 1, 7], "faces": {"north": {"uv": [5, 15, 6, 16], "texture": "#wall"}, "south": {"uv": [6, 15, 7, 16], "texture": "#wall"}, "west": {"uv": [5, 15, 7, 16], "texture": "#wall"}, "down": {"uv": [5, 15, 7, 16], "rotation": 270, "texture": "#wall"}}}, {"from": [4.75, 1, 4], "to": [5, 2, 7], "faces": {"north": {"uv": [4, 14, 5, 15], "texture": "#wall"}, "south": {"uv": [6, 14, 7, 15], "texture": "#wall"}, "west": {"uv": [4, 14, 7, 15], "texture": "#wall"}, "up": {"uv": [4, 14, 7, 15], "rotation": 90, "texture": "#wall"}, "down": {"uv": [4, 14, 7, 15], "rotation": 270, "texture": "#wall"}}}, {"from": [4.75, 2, 3], "to": [5, 4, 6], "faces": {"north": {"uv": [3, 12, 4, 14], "texture": "#wall"}, "south": {"uv": [5, 12, 6, 14], "texture": "#wall"}, "west": {"uv": [3, 12, 6, 14], "texture": "#wall"}, "up": {"uv": [3, 12, 6, 13], "rotation": 90, "texture": "#wall"}, "down": {"uv": [3, 13, 6, 14], "rotation": 270, "texture": "#wall"}}}, {"from": [4.75, 4, 4], "to": [5, 5, 6], "faces": {"north": {"uv": [4, 11, 5, 12], "texture": "#wall"}, "south": {"uv": [5, 11, 6, 12], "texture": "#wall"}, "west": {"uv": [4, 11, 6, 12], "texture": "#wall"}, "up": {"uv": [4, 11, 6, 12], "rotation": 90, "texture": "#wall"}}}, {"from": [4.75, 2, 7], "to": [5, 3, 8], "faces": {"north": {"uv": [7, 13, 8, 14], "texture": "#wall"}, "west": {"uv": [7, 13, 8, 14], "texture": "#wall"}, "up": {"uv": [6.99, 13.01, 7.99, 13.99], "rotation": 270, "texture": "#wall"}, "down": {"uv": [6.99, 13.01, 7.99, 13.99], "rotation": 90, "texture": "#wall"}}}, {"from": [4.75, 4, 7], "to": [5, 10, 8], "faces": {"north": {"uv": [7, 6, 8, 12], "texture": "#wall"}, "south": {"uv": [7, 6, 8, 12], "texture": "#wall"}, "west": {"uv": [7, 6, 8, 12], "texture": "#wall"}, "up": {"uv": [7, 6, 8, 7], "rotation": 90, "texture": "#wall"}, "down": {"uv": [7, 11, 8, 12], "rotation": 270, "texture": "#wall"}}}, {"from": [4.75, 6, 5], "to": [5, 7, 6], "faces": {"north": {"uv": [5, 9, 6, 10], "texture": "#wall"}, "west": {"uv": [5, 9, 6, 10], "texture": "#wall"}, "down": {"uv": [5.01, 8.99, 5.99, 9.99], "rotation": 90, "texture": "#wall"}}}, {"from": [4.75, 7, 2], "to": [5, 8, 6], "faces": {"north": {"uv": [2, 8, 3, 9], "texture": "#wall"}, "west": {"uv": [2, 8, 6, 9], "texture": "#wall"}, "up": {"uv": [2, 8, 6, 9], "rotation": 90, "texture": "#wall"}, "down": {"uv": [2, 8, 6, 9], "rotation": 270, "texture": "#wall"}}}, {"from": [4.75, 5, 1], "to": [5, 7, 4], "faces": {"north": {"uv": [1, 9, 2, 11], "texture": "#wall"}, "south": {"uv": [3, 9, 4, 11], "texture": "#wall"}, "west": {"uv": [1, 9, 4, 11], "texture": "#wall"}, "up": {"uv": [1, 9, 4, 10], "rotation": 90, "texture": "#wall"}, "down": {"uv": [1, 10, 4, 11], "rotation": 270, "texture": "#wall"}}}, {"from": [4.75, 4, 2], "to": [5, 5, 3], "faces": {"north": {"uv": [2, 11, 3, 12], "texture": "#wall"}, "south": {"uv": [2, 11, 3, 12], "texture": "#wall"}, "west": {"uv": [2, 11, 3, 12], "texture": "#wall"}, "down": {"uv": [2, 11, 3, 12], "rotation": 270, "texture": "#wall"}}}, {"from": [4.75, 6, 0], "to": [5, 9, 1], "faces": {"north": {"uv": [0, 7, 1, 10], "texture": "#wall"}, "south": {"uv": [0, 7, 1, 10], "texture": "#wall"}, "west": {"uv": [0, 7, 1, 10], "texture": "#wall"}, "up": {"uv": [0, 7, 1, 8], "rotation": 90, "texture": "#wall"}, "down": {"uv": [0, 9, 1, 10], "rotation": 270, "texture": "#wall"}}}, {"from": [4.75, 9, 1], "to": [5, 10, 2], "faces": {"north": {"uv": [1, 6, 2, 7], "texture": "#wall"}, "south": {"uv": [1, 6, 2, 7], "texture": "#wall"}, "west": {"uv": [1, 6, 2, 7], "texture": "#wall"}, "down": {"uv": [1, 6, 2, 7], "rotation": 270, "texture": "#wall"}}}, {"from": [4.75, 10, 0], "to": [5, 12, 3], "faces": {"north": {"uv": [0, 4, 1, 6], "texture": "#wall"}, "south": {"uv": [2, 4, 3, 6], "texture": "#wall"}, "west": {"uv": [0, 4, 3, 6], "texture": "#wall"}, "up": {"uv": [0, 4, 3, 5], "rotation": 90, "texture": "#wall"}, "down": {"uv": [0, 5, 3, 6], "rotation": 270, "texture": "#wall"}}}, {"from": [4.75, 12, 0], "to": [5, 13, 2], "faces": {"north": {"uv": [0, 3, 1, 4], "texture": "#wall"}, "south": {"uv": [1, 3, 2, 4], "texture": "#wall"}, "west": {"uv": [0, 3, 2, 4], "texture": "#wall"}, "up": {"uv": [0, 3, 2, 4], "rotation": 90, "texture": "#wall"}}}, {"from": [4.75, 13, 1], "to": [5, 14, 2], "faces": {"north": {"uv": [1, 2, 2, 3], "texture": "#wall"}, "south": {"uv": [1, 2, 2, 3], "texture": "#wall"}, "west": {"uv": [1, 2, 2, 3], "texture": "#wall"}, "up": {"uv": [1, 2, 2, 3], "rotation": 90, "texture": "#wall"}}}, {"from": [4.75, 14, 0], "to": [5, 16, 1], "faces": {"north": {"uv": [0, 0, 1, 2], "texture": "#wall"}, "south": {"uv": [0, 0, 1, 2], "texture": "#wall"}, "west": {"uv": [0, 0, 1, 2], "texture": "#wall"}, "up": {"uv": [0, 0, 1, 1], "rotation": 90, "texture": "#wall"}, "down": {"uv": [0, 1, 1, 2], "rotation": 270, "texture": "#wall"}}}, {"from": [4.75, 14, 2], "to": [5, 15, 3], "faces": {"north": {"uv": [2, 1, 3, 2], "texture": "#wall"}, "south": {"uv": [2, 1, 3, 2], "texture": "#wall"}, "west": {"uv": [2, 1, 3, 2], "texture": "#wall"}, "down": {"uv": [2, 1, 3, 2], "rotation": 270, "texture": "#wall"}}}, {"from": [4.75, 15, 2], "to": [5, 16, 5], "faces": {"north": {"uv": [2, 0, 3, 1], "texture": "#wall"}, "south": {"uv": [4, 0, 5, 1], "texture": "#wall"}, "west": {"uv": [2, 0, 5, 1], "texture": "#wall"}, "up": {"uv": [2, 0, 5, 1], "rotation": 90, "texture": "#wall"}, "down": {"uv": [2, 0, 5, 1], "rotation": 270, "texture": "#wall"}}}, {"from": [4.75, 13, 3], "to": [5, 14, 7], "faces": {"north": {"uv": [3, 2, 4, 3], "texture": "#wall"}, "south": {"uv": [6, 2, 7, 3], "texture": "#wall"}, "west": {"uv": [3, 2, 7, 3], "texture": "#wall"}, "up": {"uv": [3, 2, 7, 3], "rotation": 90, "texture": "#wall"}, "down": {"uv": [3, 2, 7, 3], "rotation": 270, "texture": "#wall"}}}, {"from": [4.75, 12, 4], "to": [5, 13, 8], "faces": {"north": {"uv": [4, 3, 5, 4], "texture": "#wall"}, "south": {"uv": [7, 3, 8, 4], "texture": "#wall"}, "west": {"uv": [4, 3, 8, 4], "texture": "#wall"}, "up": {"uv": [4, 3, 8, 4], "rotation": 90, "texture": "#wall"}, "down": {"uv": [4, 3, 8, 4], "rotation": 270, "texture": "#wall"}}}, {"from": [4.75, 11, 6], "to": [5, 12, 8], "faces": {"north": {"uv": [6, 4, 7, 5], "texture": "#wall"}, "south": {"uv": [7, 4, 8, 5], "texture": "#wall"}, "west": {"uv": [6, 4, 8, 5], "texture": "#wall"}, "down": {"uv": [6, 4, 8, 5], "rotation": 270, "texture": "#wall"}}}, {"from": [4.75, 14, 5], "to": [5, 15, 7], "faces": {"north": {"uv": [5, 1, 6, 2], "texture": "#wall"}, "south": {"uv": [6, 1, 7, 2], "texture": "#wall"}, "west": {"uv": [5, 1, 7, 2], "texture": "#wall"}, "up": {"uv": [5, 1, 7, 2], "rotation": 90, "texture": "#wall"}}}, {"from": [4.75, 10, 4], "to": [5, 11, 6], "faces": {"north": {"uv": [4, 5, 5, 6], "texture": "#wall"}, "south": {"uv": [5, 5, 6, 6], "texture": "#wall"}, "west": {"uv": [4, 5, 6, 6], "texture": "#wall"}, "up": {"uv": [4, 5, 6, 6], "rotation": 90, "texture": "#wall"}, "down": {"uv": [4, 5, 6, 6], "rotation": 270, "texture": "#wall"}}}, {"from": [4.75, 9, 3], "to": [5, 10, 5], "faces": {"north": {"uv": [3, 6, 4, 7], "texture": "#wall"}, "south": {"uv": [4, 6, 5, 7], "texture": "#wall"}, "west": {"uv": [3, 6, 5, 7], "texture": "#wall"}, "up": {"uv": [3, 6, 5, 7], "rotation": 90, "texture": "#wall"}, "down": {"uv": [3, 6, 5, 7], "rotation": 270, "texture": "#wall"}}}, {"from": [4.75, 5, 6], "to": [5, 9, 7], "faces": {"north": {"uv": [6, 7, 7, 8], "texture": "#wall"}, "west": {"uv": [6, 7, 7, 11], "texture": "#wall"}, "up": {"uv": [6, 7, 7, 8], "rotation": 90, "texture": "#wall"}, "down": {"uv": [6, 10, 7, 11], "rotation": 270, "texture": "#wall"}}}, {"from": [9, 16, 5], "to": [11, 16.25, 6], "faces": {"north": {"uv": [9, 5, 11, 6], "rotation": 180, "texture": "#wall", "cullface": "up"}, "east": {"uv": [10, 5, 11, 6], "rotation": 90, "texture": "#wall", "cullface": "up"}, "south": {"uv": [9, 5, 11, 6], "texture": "#wall", "cullface": "up"}, "west": {"uv": [9, 5, 10, 6], "rotation": 270, "texture": "#wall", "cullface": "up"}, "up": {"uv": [9, 5, 11, 6], "texture": "#wall", "cullface": "up"}}}, {"from": [10, 16, 4], "to": [11, 16.25, 5], "faces": {"north": {"uv": [10, 4, 11, 5], "texture": "#wall", "cullface": "up"}, "east": {"uv": [10, 4, 11, 5], "texture": "#wall", "cullface": "up"}, "west": {"uv": [10, 4, 11, 5], "texture": "#wall", "cullface": "up"}, "up": {"uv": [10, 4.01, 11, 5.01], "texture": "#wall", "cullface": "up"}}}, {"from": [5, 16, 3], "to": [8, 16.25, 4], "faces": {"north": {"uv": [5, 3, 8, 4], "rotation": 180, "texture": "#wall", "cullface": "up"}, "east": {"uv": [7, 3, 8, 4], "rotation": 90, "texture": "#wall", "cullface": "up"}, "south": {"uv": [5, 3, 8, 4], "texture": "#wall", "cullface": "up"}, "west": {"uv": [5, 3, 6, 4], "rotation": 270, "texture": "#wall", "cullface": "up"}, "up": {"uv": [5, 3, 8, 4], "texture": "#wall", "cullface": "up"}}}, {"from": [6, 16, 4], "to": [8, 16.25, 5], "faces": {"east": {"uv": [7, 4, 8, 5], "rotation": 90, "texture": "#wall", "cullface": "up"}, "south": {"uv": [6, 4, 8, 5], "texture": "#wall", "cullface": "up"}, "west": {"uv": [6, 4, 7, 5], "rotation": 270, "texture": "#wall", "cullface": "up"}, "up": {"uv": [6, 4, 8, 5], "texture": "#wall", "cullface": "up"}}}, {"from": [5, 16, 1], "to": [7, 16.25, 3], "faces": {"north": {"uv": [5, 1, 7, 2], "rotation": 180, "texture": "#wall", "cullface": "up"}, "east": {"uv": [6, 1, 7, 3], "rotation": 90, "texture": "#wall", "cullface": "up"}, "west": {"uv": [5, 1, 6, 3], "rotation": 270, "texture": "#wall", "cullface": "up"}, "up": {"uv": [5.01, 1, 7.01, 3], "texture": "#wall", "cullface": "up"}}}, {"from": [5, 16, 5], "to": [6, 16.25, 6], "faces": {"north": {"uv": [5, 5, 6, 6], "texture": "#wall", "cullface": "up"}, "east": {"uv": [5, 5, 6, 6], "texture": "#wall", "cullface": "up"}, "south": {"uv": [5, 5, 6, 6], "texture": "#wall", "cullface": "up"}, "west": {"uv": [5, 5, 6, 6], "texture": "#wall", "cullface": "up"}, "up": {"uv": [5.01, 5.01, 6.01, 6.01], "texture": "#wall", "cullface": "up"}}}, {"from": [8, 16, 1], "to": [11, 16.25, 3], "faces": {"north": {"uv": [8, 1, 11, 2], "rotation": 180, "texture": "#wall", "cullface": "up"}, "east": {"uv": [10, 1, 11, 3], "rotation": 90, "texture": "#wall", "cullface": "up"}, "south": {"uv": [8, 2, 11, 3], "texture": "#wall", "cullface": "up"}, "west": {"uv": [8, 1, 9, 3], "rotation": 270, "texture": "#wall", "cullface": "up"}, "up": {"uv": [8, 1, 11, 3], "texture": "#wall", "cullface": "up"}}}, {"from": [8, 16, 0], "to": [10, 16.25, 1], "faces": {"north": {"uv": [8, 0, 10, 1], "rotation": 180, "texture": "#wall", "cullface": "up"}, "east": {"uv": [9, 0, 10, 1], "rotation": 90, "texture": "#wall", "cullface": "up"}, "west": {"uv": [8, 0, 9, 1], "rotation": 270, "texture": "#wall", "cullface": "up"}, "up": {"uv": [8, 0, 10, 1], "texture": "#wall", "cullface": "up"}}}, {"from": [9, 16, 3], "to": [10, 16.25, 4], "faces": {"east": {"uv": [9, 3, 10, 4], "rotation": 90, "texture": "#wall", "cullface": "up"}, "south": {"uv": [9, 3, 10, 4], "texture": "#wall", "cullface": "up"}, "west": {"uv": [9, 3, 10, 4], "rotation": 270, "texture": "#wall", "cullface": "up"}, "up": {"uv": [9, 3, 10, 4], "texture": "#wall", "cullface": "up"}}}, {"from": [6, 16, 7], "to": [10, 16.25, 8], "faces": {"north": {"uv": [6, 7, 10, 8], "rotation": 180, "texture": "#wall", "cullface": "up"}, "east": {"uv": [9, 7, 10, 8], "rotation": 90, "texture": "#wall", "cullface": "up"}, "west": {"uv": [6, 7, 7, 8], "rotation": 270, "texture": "#wall", "cullface": "up"}, "up": {"uv": [6, 7, 10, 8], "texture": "#wall", "cullface": "up"}}}, {"from": [7, 16, 6], "to": [9, 16.25, 7], "faces": {"north": {"uv": [7, 6, 9, 7], "rotation": 180, "texture": "#wall", "cullface": "up"}, "east": {"uv": [8, 6, 9, 7], "rotation": 90, "texture": "#wall", "cullface": "up"}, "west": {"uv": [7, 6, 8, 7], "rotation": 270, "texture": "#wall", "cullface": "up"}, "up": {"uv": [7, 6, 9, 7], "texture": "#wall", "cullface": "up"}}}, {"from": [10, -0.25, 0], "to": [11, 0, 1], "faces": {"north": {"uv": [10, 15, 13, 16], "rotation": 180, "texture": "#wall", "cullface": "down"}, "east": {"uv": [12, 15, 13, 16], "rotation": 270, "texture": "#wall", "cullface": "down"}, "west": {"uv": [10, 15, 11, 16], "rotation": 90, "texture": "#wall", "cullface": "down"}, "down": {"uv": [10, 15, 13, 16], "texture": "#wall", "cullface": "down"}}}, {"from": [6, -0.25, 0], "to": [7, 0, 2], "faces": {"north": {"uv": [6, 15, 7, 16], "rotation": 180, "texture": "#wall", "cullface": "down"}, "east": {"uv": [6, 14, 7, 16], "rotation": 270, "texture": "#wall", "cullface": "down"}, "south": {"uv": [6, 14, 7, 15], "texture": "#wall", "cullface": "down"}, "down": {"uv": [6, 14, 7, 16], "texture": "#wall", "cullface": "down"}}}, {"from": [5, -0.25, 0], "to": [6, 0, 5], "faces": {"north": {"uv": [5, 15, 6, 16], "texture": "#wall", "cullface": "down"}, "east": {"uv": [5, 11, 6, 16], "rotation": 270, "texture": "#wall", "cullface": "down"}, "south": {"uv": [5, 11, 6, 12], "texture": "#wall", "cullface": "down"}, "west": {"uv": [5, 11, 6, 16], "rotation": 90, "texture": "#wall", "cullface": "down"}, "down": {"uv": [5.01, 11, 6.01, 16], "texture": "#wall", "cullface": "down"}}}, {"from": [8, -0.25, 1], "to": [11, 0, 2], "faces": {"north": {"uv": [8, 14, 11, 15], "rotation": 180, "texture": "#wall", "cullface": "down"}, "east": {"uv": [10, 14, 11, 15], "rotation": 270, "texture": "#wall", "cullface": "down"}, "west": {"uv": [8, 14, 9, 15], "rotation": 90, "texture": "#wall", "cullface": "down"}, "down": {"uv": [8, 14, 11, 15], "texture": "#wall", "cullface": "down"}}}, {"from": [7, -0.25, 2], "to": [11, 0, 3], "faces": {"north": {"uv": [7, 13, 11, 14], "rotation": 180, "texture": "#wall", "cullface": "down"}, "east": {"uv": [10, 13, 11, 14], "rotation": 270, "texture": "#wall", "cullface": "down"}, "south": {"uv": [7, 13, 11, 14], "texture": "#wall", "cullface": "down"}, "west": {"uv": [7, 13, 8, 14], "rotation": 90, "texture": "#wall", "cullface": "down"}, "down": {"uv": [7, 13, 11, 14], "texture": "#wall", "cullface": "down"}}}, {"from": [8, -0.25, 3], "to": [9, 0, 4], "faces": {"east": {"uv": [8, 12, 9, 13], "texture": "#wall", "cullface": "west"}, "south": {"uv": [8, 12, 9, 13], "texture": "#wall", "cullface": "down"}, "west": {"uv": [8, 12, 9, 13], "rotation": 90, "texture": "#wall", "cullface": "down"}, "down": {"uv": [8, 12, 9, 13], "texture": "#wall", "cullface": "down"}}}, {"from": [7, -0.25, 4], "to": [8, 0, 5], "faces": {"north": {"uv": [7, 11, 8, 12], "rotation": 180, "texture": "#wall", "cullface": "down"}, "east": {"uv": [7, 11, 8, 12], "rotation": 270, "texture": "#wall", "cullface": "down"}, "west": {"uv": [7, 11, 8, 12], "rotation": 90, "texture": "#wall", "cullface": "down"}, "down": {"uv": [7, 11, 8, 12], "texture": "#wall", "cullface": "down"}}}, {"from": [6, -0.25, 5], "to": [8, 0, 6], "faces": {"north": {"uv": [6, 10, 8, 11], "rotation": 180, "texture": "#wall", "cullface": "down"}, "east": {"uv": [7, 10, 8, 11], "rotation": 270, "texture": "#wall", "cullface": "down"}, "west": {"uv": [6, 10, 7, 11], "rotation": 90, "texture": "#wall", "cullface": "down"}, "down": {"uv": [6, 10, 8, 11], "texture": "#wall", "cullface": "down"}}}, {"from": [5, -0.25, 6], "to": [9, 0, 7], "faces": {"north": {"uv": [5, 9, 9, 10], "rotation": 180, "texture": "#wall", "cullface": "down"}, "east": {"uv": [8, 9, 9, 10], "rotation": 270, "texture": "#wall", "cullface": "down"}, "west": {"uv": [5, 9, 6, 10], "rotation": 90, "texture": "#wall", "cullface": "down"}, "down": {"uv": [5, 9, 9, 10], "texture": "#wall", "cullface": "down"}}}, {"from": [5, -0.25, 7], "to": [10, 0, 8], "faces": {"north": {"uv": [5, 8, 10, 9], "rotation": 180, "texture": "#wall", "cullface": "down"}, "east": {"uv": [9, 8, 10, 9], "rotation": 270, "texture": "#wall", "cullface": "down"}, "west": {"uv": [5, 8, 6, 9], "rotation": 90, "texture": "#wall", "cullface": "down"}, "down": {"uv": [5.01, 8, 9.99, 9], "texture": "#wall", "cullface": "down"}}}, {"from": [9, -0.25, 4], "to": [11, 0, 6], "faces": {"north": {"uv": [9, 11, 11, 12], "rotation": 180, "texture": "#wall", "cullface": "down"}, "east": {"uv": [10, 10, 11, 12], "rotation": 270, "texture": "#wall", "cullface": "down"}, "south": {"uv": [9, 10, 11, 11], "texture": "#wall", "cullface": "down"}, "west": {"uv": [9, 10, 10, 12], "rotation": 90, "texture": "#wall", "cullface": "down"}, "down": {"uv": [8.99, 9.99, 10.99, 11.99], "texture": "#wall", "cullface": "down"}}}, {"from": [10, -0.25, 6], "to": [11, 0, 7], "faces": {"east": {"uv": [10, 9, 11, 10], "texture": "#wall", "cullface": "down"}, "south": {"uv": [10, 9, 11, 10], "texture": "#wall", "cullface": "down"}, "west": {"uv": [10, 9, 11, 10], "texture": "#wall", "cullface": "down"}, "down": {"uv": [10, 9, 11, 10], "texture": "#wall", "cullface": "down"}}}], "groups": [0, {"name": "south", "origin": [8, 8, 8], "color": 0, "children": [1, 2, 3, 4, 5, 6, 7, 8, 9, 10, 11, 12, 13, 14, 15, 16, 17, 18, 19, 20, 21, 22, 23, 24, 25, 26, 27, 28, 29]}, {"name": "east", "origin": [8, 8, 8], "color": 0, "children": [30, 31, 32, 33, 34, 35, 36, 37, 38, 39, 40, 41, 42, 43, 44, 45, 46, 47, 48, 49, 50, 51, 52]}, {"name": "north", "origin": [8, 8, 8], "color": 0, "children": [53, 54, 55, 56, 57, 58, 59, 60, 61, 62, 63, 64, 65, 66, 67, 68, 69, 70, 71, 72, 73, 74, 75, 76, 77, 78, 79, 80]}, {"name": "up", "origin": [8, 8, 8], "color": 0, "children": [81, 82, 83, 84, 85, 86, 87, 88, 89, 90, 91]}, {"name": "down", "origin": [8, 8, 8], "color": 0, "children": [92, 93, 94, 95, 96, 97, 98, 99, 100, 101, 102, 103]}]}