{"parent": "block/template_torch", "ambientocclusion": false, "textures": {"1": "block/redstone_torch_off", "slab": "block/smooth_stone", "particle": "block/repeater", "top": "block/repeater"}, "elements": [{"from": [0, 0, 0], "to": [16, 2, 16], "faces": {"north": {"uv": [0, 14, 16, 16], "texture": "#slab", "cullface": "north"}, "east": {"uv": [0, 14, 16, 16], "texture": "#slab", "cullface": "east"}, "south": {"uv": [0, 14, 16, 16], "texture": "#slab", "cullface": "south"}, "west": {"uv": [0, 14, 16, 16], "texture": "#slab", "cullface": "west"}, "up": {"uv": [0, 0, 16, 16], "texture": "#top"}, "down": {"uv": [0, 0, 16, 16], "texture": "#slab", "cullface": "down"}}}, {"from": [7, 2, 12], "to": [9, 5, 14], "rotation": {"angle": 0, "axis": "y", "origin": [8, 8, 14]}, "faces": {"north": {"uv": [7, 8, 9, 11], "texture": "#1"}, "east": {"uv": [7, 8, 9, 11], "texture": "#1"}, "south": {"uv": [7, 8, 9, 11], "texture": "#1"}, "west": {"uv": [7, 8, 9, 11], "texture": "#1"}, "up": {"uv": [7, 8, 9, 11], "texture": "#1"}}}, {"from": [6.5, 5, 12], "to": [7.5, 7, 14], "rotation": {"angle": 0, "axis": "y", "origin": [8, 5, 13]}, "faces": {"north": {"uv": [7, 6, 8, 8], "texture": "#1"}, "east": {"uv": [7, 6, 9, 8], "texture": "#1"}, "south": {"uv": [8, 6, 9, 8], "texture": "#1"}, "west": {"uv": [7, 6, 9, 8], "texture": "#1"}, "up": {"uv": [7, 6, 9, 7], "rotation": 90, "texture": "#1"}, "down": {"uv": [7, 7, 9, 8], "rotation": 270, "texture": "#1"}}}, {"from": [7, 6.5, 12], "to": [9, 7.5, 14], "rotation": {"angle": 0, "axis": "y", "origin": [8, 5, 13]}, "faces": {"north": {"uv": [7, 6, 9, 8], "rotation": 90, "texture": "#1"}, "east": {"uv": [7, 7, 9, 8], "texture": "#1"}, "south": {"uv": [7, 6, 9, 8], "rotation": 270, "texture": "#1"}, "west": {"uv": [8, 6, 9, 8], "rotation": 270, "texture": "#1"}, "up": {"uv": [7, 6, 9, 8], "rotation": 270, "texture": "#1"}, "down": {"uv": [7, 6, 9, 8], "rotation": 270, "texture": "#1"}}}, {"from": [7, 5, 11.5], "to": [9, 7, 12.5], "rotation": {"angle": 0, "axis": "y", "origin": [8, 5, 13]}, "faces": {"north": {"uv": [7, 6, 9, 8], "texture": "#1"}, "east": {"uv": [7, 6, 8, 8], "texture": "#1"}, "south": {"uv": [7, 6, 9, 8], "texture": "#1"}, "west": {"uv": [8, 6, 9, 8], "texture": "#1"}, "up": {"uv": [7, 6, 9, 7], "rotation": 180, "texture": "#1"}, "down": {"uv": [7, 7, 9, 8], "rotation": 180, "texture": "#1"}}}, {"from": [7, 5, 13.5], "to": [9, 7, 14.5], "rotation": {"angle": 0, "axis": "y", "origin": [8, 5, 13]}, "faces": {"north": {"uv": [7, 6, 9, 8], "texture": "#1"}, "east": {"uv": [8, 6, 9, 8], "texture": "#1"}, "south": {"uv": [7, 6, 9, 8], "texture": "#1"}, "west": {"uv": [7, 6, 8, 8], "texture": "#1"}, "up": {"uv": [7, 6, 9, 7], "texture": "#1"}, "down": {"uv": [7, 7, 9, 8], "texture": "#1"}}}, {"from": [8.5, 5, 12], "to": [9.5, 7, 14], "rotation": {"angle": 0, "axis": "y", "origin": [8, 5, 13]}, "faces": {"north": {"uv": [8, 6, 9, 8], "texture": "#1"}, "east": {"uv": [7, 6, 9, 8], "texture": "#1"}, "south": {"uv": [7, 6, 8, 8], "texture": "#1"}, "west": {"uv": [7, 6, 9, 8], "texture": "#1"}, "up": {"uv": [7, 6, 9, 7], "rotation": 270, "texture": "#1"}, "down": {"uv": [7, 7, 9, 8], "rotation": 90, "texture": "#1"}}}, {"from": [7, 2, 2], "to": [9, 5, 4], "rotation": {"angle": 0, "axis": "y", "origin": [8, 8, 4]}, "faces": {"north": {"uv": [7, 8, 9, 11], "texture": "#1"}, "east": {"uv": [7, 8, 9, 11], "texture": "#1"}, "south": {"uv": [7, 8, 9, 11], "texture": "#1"}, "west": {"uv": [7, 8, 9, 11], "texture": "#1"}, "up": {"uv": [7, 8, 9, 11], "texture": "#1"}}}, {"from": [7, 5, 1.5], "to": [9, 7, 2.5], "rotation": {"angle": 0, "axis": "y", "origin": [8, 5, 3]}, "faces": {"north": {"uv": [7, 6, 9, 8], "texture": "#1"}, "east": {"uv": [7, 6, 8, 8], "texture": "#1"}, "south": {"uv": [7, 6, 9, 8], "texture": "#1"}, "west": {"uv": [8, 6, 9, 8], "texture": "#1"}, "up": {"uv": [7, 6, 9, 7], "rotation": 180, "texture": "#1"}, "down": {"uv": [7, 7, 9, 8], "rotation": 180, "texture": "#1"}}}, {"from": [6.5, 5, 2], "to": [7.5, 7, 4], "rotation": {"angle": 0, "axis": "y", "origin": [8, 5, 3]}, "faces": {"north": {"uv": [7, 6, 8, 8], "texture": "#1"}, "east": {"uv": [7, 6, 9, 8], "texture": "#1"}, "south": {"uv": [8, 6, 9, 8], "texture": "#1"}, "west": {"uv": [7, 6, 9, 8], "texture": "#1"}, "up": {"uv": [7, 6, 9, 7], "rotation": 90, "texture": "#1"}, "down": {"uv": [7, 7, 9, 8], "rotation": 270, "texture": "#1"}}}, {"from": [7, 5, 3.5], "to": [9, 7, 4.5], "rotation": {"angle": 0, "axis": "y", "origin": [8, 5, 3]}, "faces": {"north": {"uv": [7, 6, 9, 8], "texture": "#1"}, "east": {"uv": [8, 6, 9, 8], "texture": "#1"}, "south": {"uv": [7, 6, 9, 8], "texture": "#1"}, "west": {"uv": [7, 6, 8, 8], "texture": "#1"}, "up": {"uv": [7, 6, 9, 7], "texture": "#1"}, "down": {"uv": [7, 7, 9, 8], "texture": "#1"}}}, {"from": [8.5, 5, 2], "to": [9.5, 7, 4], "rotation": {"angle": 0, "axis": "y", "origin": [8, 5, 3]}, "faces": {"north": {"uv": [8, 6, 9, 8], "texture": "#1"}, "east": {"uv": [7, 6, 9, 8], "texture": "#1"}, "south": {"uv": [7, 6, 8, 8], "texture": "#1"}, "west": {"uv": [7, 6, 9, 8], "texture": "#1"}, "up": {"uv": [7, 6, 9, 7], "rotation": 270, "texture": "#1"}, "down": {"uv": [7, 7, 9, 8], "rotation": 90, "texture": "#1"}}}, {"from": [7, 6.5, 2], "to": [9, 7.5, 4], "rotation": {"angle": 0, "axis": "y", "origin": [8, 5, 3]}, "faces": {"north": {"uv": [7, 6, 9, 8], "rotation": 90, "texture": "#1"}, "east": {"uv": [7, 7, 9, 8], "texture": "#1"}, "south": {"uv": [7, 6, 9, 8], "rotation": 270, "texture": "#1"}, "west": {"uv": [8, 6, 9, 8], "rotation": 270, "texture": "#1"}, "up": {"uv": [7, 6, 9, 8], "rotation": 270, "texture": "#1"}, "down": {"uv": [7, 6, 9, 8], "rotation": 270, "texture": "#1"}}}], "display": {"thirdperson_righthand": {"translation": [0, 3, 1], "scale": [0.55, 0.55, 0.55]}, "thirdperson_lefthand": {"translation": [0, 3, 1], "scale": [0.55, 0.55, 0.55]}, "firstperson_righthand": {"rotation": [0, -90, 25], "translation": [1.13, 3.2, 1.13], "scale": [0.68, 0.68, 0.68]}, "firstperson_lefthand": {"rotation": [0, -90, 25], "translation": [1.13, 3.2, 1.13], "scale": [0.68, 0.68, 0.68]}, "ground": {"translation": [0, 2, 0], "scale": [0.5, 0.5, 0.5]}, "gui": {"rotation": [30, 225, 0], "translation": [0, 2, 0]}, "head": {"rotation": [0, 180, 0], "translation": [0, 13, 7]}, "fixed": {"rotation": [0, 180, 0], "translation": [0, 0, -1]}}, "groups": [{"name": "repeater_1tick", "origin": [8, 8, 8], "color": 0, "children": [0]}, {"name": "redstone_torch_off", "origin": [8, 8, 8], "color": 0, "children": [{"name": "redstone torch 1", "origin": [8, 8, 8], "color": 0, "children": [1, 2, 3, 4, 5, 6]}]}, {"name": "redstone torch 2", "origin": [8, 8, 8], "color": 0, "children": [7, 8, 9, 10, 11, 12]}]}