{"parent": "block/template_torch", "ambientocclusion": false, "textures": {"slab": "block/smooth_stone", "particle": "block/repeater_on", "top": "block/repeater_on", "torch": "block/redstone_torch"}, "elements": [{"from": [0, 0, 0], "to": [16, 2, 16], "faces": {"north": {"uv": [0, 14, 16, 16], "texture": "#slab", "cullface": "north"}, "east": {"uv": [0, 14, 16, 16], "texture": "#slab", "cullface": "east"}, "south": {"uv": [0, 14, 16, 16], "texture": "#slab", "cullface": "south"}, "west": {"uv": [0, 14, 16, 16], "texture": "#slab", "cullface": "west"}, "up": {"uv": [0, 0, 16, 16], "texture": "#top"}, "down": {"uv": [0, 0, 16, 16], "texture": "#slab", "cullface": "down"}}}, {"from": [7, 5, 6], "to": [9, 7, 8], "rotation": {"angle": 0, "axis": "y", "origin": [8, 5, 7]}, "faces": {"north": {"uv": [7, 6, 9, 8], "texture": "#torch"}, "east": {"uv": [7, 6, 9, 8], "texture": "#torch"}, "south": {"uv": [7, 6, 9, 8], "texture": "#torch"}, "west": {"uv": [7, 6, 9, 8], "texture": "#torch"}, "up": {"uv": [7, 6, 9, 8], "texture": "#torch"}}}, {"from": [7, 2, 6], "to": [9, 4, 8], "faces": {"north": {"uv": [7, 9, 9, 11], "texture": "#torch"}, "east": {"uv": [7, 9, 9, 11], "texture": "#torch"}, "south": {"uv": [7, 9, 9, 11], "texture": "#torch"}, "west": {"uv": [7, 9, 9, 11], "texture": "#torch"}}}, {"from": [7, 4, 6], "to": [9, 5, 8], "faces": {"north": {"uv": [7, 15, 9, 16], "texture": "#torch"}, "east": {"uv": [7, 15, 9, 16], "texture": "#torch"}, "south": {"uv": [7, 15, 9, 16], "texture": "#torch"}, "west": {"uv": [7, 15, 9, 16], "texture": "#torch"}}}, {"from": [7, 4.24, 5.25], "to": [9, 4.99, 6], "rotation": {"angle": 0, "axis": "y", "origin": [8, 5, 7]}, "faces": {"north": {"uv": [7, 8, 9, 9], "texture": "#torch"}, "east": {"uv": [7, 8, 8, 9], "texture": "#torch"}, "west": {"uv": [8, 8, 9, 9], "texture": "#torch"}, "up": {"uv": [7, 8, 9, 9], "rotation": 180, "texture": "#torch"}, "down": {"uv": [7, 8, 9, 9], "rotation": 180, "texture": "#torch"}}}, {"from": [6.25, 4.25, 6], "to": [7, 5, 8], "rotation": {"angle": 0, "axis": "y", "origin": [8, 5, 7]}, "faces": {"north": {"uv": [7, 8, 8, 9], "texture": "#torch"}, "south": {"uv": [8, 8, 9, 9], "texture": "#torch"}, "west": {"uv": [7, 8, 9, 9], "texture": "#torch"}, "up": {"uv": [7, 8, 9, 9], "rotation": 90, "texture": "#torch"}, "down": {"uv": [7, 8, 9, 9], "rotation": 270, "texture": "#torch"}}}, {"from": [7, 4.24, 8], "to": [9, 4.99, 8.75], "rotation": {"angle": 0, "axis": "y", "origin": [8, 5, 7]}, "faces": {"east": {"uv": [8, 8, 9, 9], "texture": "#torch"}, "south": {"uv": [7, 8, 9, 9], "texture": "#torch"}, "west": {"uv": [7, 8, 8, 9], "texture": "#torch"}, "up": {"uv": [7, 8, 9, 9], "texture": "#torch"}, "down": {"uv": [7, 8, 9, 9], "texture": "#torch"}}}, {"from": [9, 4.24, 6], "to": [9.75, 4.99, 8], "rotation": {"angle": 0, "axis": "y", "origin": [8, 5, 7]}, "faces": {"north": {"uv": [8, 8, 9, 9], "texture": "#torch"}, "east": {"uv": [7, 8, 9, 9], "texture": "#torch"}, "south": {"uv": [7, 8, 8, 9], "texture": "#torch"}, "up": {"uv": [7, 8, 9, 9], "rotation": 270, "texture": "#torch"}, "down": {"uv": [7, 8, 9, 9], "rotation": 90, "texture": "#torch"}}}, {"from": [9, 6.99, 6], "to": [9.75, 7.74, 8], "rotation": {"angle": 0, "axis": "y", "origin": [8, 5, 7]}, "faces": {"north": {"uv": [7, 5, 9, 6], "texture": "#torch"}, "east": {"uv": [7, 5, 9, 6], "texture": "#torch"}, "south": {"uv": [7, 5, 9, 6], "texture": "#torch"}, "west": {"uv": [7, 5, 9, 6], "texture": "#torch"}, "up": {"uv": [7, 5, 9, 6], "texture": "#torch"}, "down": {"uv": [7, 5, 9, 6], "texture": "#torch"}}}, {"from": [7, 6.99, 5.25], "to": [9, 7.74, 6], "rotation": {"angle": 0, "axis": "y", "origin": [8, 5, 7]}, "faces": {"north": {"uv": [7, 5, 9, 6], "rotation": 180, "texture": "#torch"}, "east": {"uv": [7, 5, 9, 6], "rotation": 180, "texture": "#torch"}, "south": {"uv": [7, 5, 9, 6], "rotation": 180, "texture": "#torch"}, "west": {"uv": [7, 5, 9, 6], "rotation": 180, "texture": "#torch"}, "up": {"uv": [7, 5, 9, 6], "rotation": 180, "texture": "#torch"}, "down": {"uv": [7, 5, 9, 6], "rotation": 180, "texture": "#torch"}}}, {"from": [6.25, 6.99, 6], "to": [7, 7.74, 8], "rotation": {"angle": 0, "axis": "y", "origin": [8, 5, 7]}, "faces": {"north": {"uv": [7, 5, 9, 6], "rotation": 90, "texture": "#torch"}, "east": {"uv": [7, 5, 9, 6], "rotation": 90, "texture": "#torch"}, "south": {"uv": [7, 5, 9, 6], "rotation": 90, "texture": "#torch"}, "west": {"uv": [7, 5, 9, 6], "rotation": 90, "texture": "#torch"}, "up": {"uv": [7, 5, 9, 6], "rotation": 90, "texture": "#torch"}, "down": {"uv": [7, 5, 9, 6], "rotation": 90, "texture": "#torch"}}}, {"from": [7, 6.99, 8], "to": [9, 7.74, 8.75], "rotation": {"angle": 0, "axis": "y", "origin": [8, 5, 7]}, "faces": {"north": {"uv": [7, 5, 9, 6], "texture": "#torch"}, "east": {"uv": [7, 5, 9, 6], "texture": "#torch"}, "south": {"uv": [7, 5, 9, 6], "texture": "#torch"}, "west": {"uv": [7, 5, 9, 6], "texture": "#torch"}, "up": {"uv": [7, 5, 9, 6], "texture": "#torch"}, "down": {"uv": [7, 5, 9, 6], "texture": "#torch"}}}, {"from": [9, 4.99, 5.25], "to": [9.75, 6.99, 6], "rotation": {"angle": 0, "axis": "y", "origin": [8, 5, 7]}, "faces": {"north": {"uv": [9, 6, 10, 8], "texture": "#torch"}, "east": {"uv": [9, 6, 10, 8], "texture": "#torch"}, "south": {"uv": [9, 6, 10, 8], "texture": "#torch"}, "west": {"uv": [9, 6, 10, 8], "texture": "#torch"}, "up": {"uv": [9, 6, 10, 8], "texture": "#torch"}, "down": {"uv": [9, 6, 10, 8], "texture": "#torch"}}}, {"from": [6.25, 4.99, 5.25], "to": [7, 6.99, 6], "rotation": {"angle": 0, "axis": "y", "origin": [8, 5, 7]}, "faces": {"north": {"uv": [9, 6, 10, 8], "texture": "#torch"}, "east": {"uv": [9, 6, 10, 8], "texture": "#torch"}, "south": {"uv": [9, 6, 10, 8], "texture": "#torch"}, "west": {"uv": [9, 6, 10, 8], "texture": "#torch"}, "up": {"uv": [9, 6, 10, 8], "texture": "#torch"}, "down": {"uv": [9, 6, 10, 8], "texture": "#torch"}}}, {"from": [6.25, 4.99, 8], "to": [7, 6.99, 8.75], "rotation": {"angle": 0, "axis": "y", "origin": [8, 5, 7]}, "faces": {"north": {"uv": [9, 6, 10, 8], "texture": "#torch"}, "east": {"uv": [9, 6, 10, 8], "texture": "#torch"}, "south": {"uv": [9, 6, 10, 8], "texture": "#torch"}, "west": {"uv": [9, 6, 10, 8], "texture": "#torch"}, "up": {"uv": [9, 6, 10, 8], "texture": "#torch"}, "down": {"uv": [9, 6, 10, 8], "texture": "#torch"}}}, {"from": [9, 4.99, 8], "to": [9.75, 6.99, 8.75], "rotation": {"angle": 0, "axis": "y", "origin": [8, 5, 7]}, "faces": {"north": {"uv": [9, 6, 10, 8], "texture": "#torch"}, "east": {"uv": [9, 6, 10, 8], "texture": "#torch"}, "south": {"uv": [9, 6, 10, 8], "texture": "#torch"}, "west": {"uv": [9, 6, 10, 8], "texture": "#torch"}, "up": {"uv": [9, 6, 10, 8], "texture": "#torch"}, "down": {"uv": [9, 6, 10, 8], "texture": "#torch"}}}, {"from": [7, 5, 2], "to": [9, 7, 4], "rotation": {"angle": 0, "axis": "y", "origin": [8, 5, 3]}, "faces": {"north": {"uv": [7, 6, 9, 8], "texture": "#torch"}, "east": {"uv": [7, 6, 9, 8], "texture": "#torch"}, "south": {"uv": [7, 6, 9, 8], "texture": "#torch"}, "west": {"uv": [7, 6, 9, 8], "texture": "#torch"}, "up": {"uv": [7, 6, 9, 8], "texture": "#torch"}}}, {"from": [7, 2, 2], "to": [9, 4, 4], "rotation": {"angle": 0, "axis": "y", "origin": [8, 8, 4]}, "faces": {"north": {"uv": [7, 9, 9, 11], "texture": "#torch"}, "east": {"uv": [7, 9, 9, 11], "texture": "#torch"}, "south": {"uv": [7, 9, 9, 11], "texture": "#torch"}, "west": {"uv": [7, 9, 9, 11], "texture": "#torch"}}}, {"from": [7, 4, 2], "to": [9, 5, 4], "rotation": {"angle": 0, "axis": "y", "origin": [8, 8, 4]}, "faces": {"north": {"uv": [7, 15, 9, 16], "texture": "#torch"}, "east": {"uv": [7, 15, 9, 16], "texture": "#torch"}, "south": {"uv": [7, 15, 9, 16], "texture": "#torch"}, "west": {"uv": [7, 15, 9, 16], "texture": "#torch"}}}, {"from": [7, 4.24, 1.25], "to": [9, 4.99, 2], "rotation": {"angle": 0, "axis": "y", "origin": [8, 5, 3]}, "faces": {"north": {"uv": [7, 8, 9, 9], "texture": "#torch"}, "east": {"uv": [7, 8, 8, 9], "texture": "#torch"}, "west": {"uv": [8, 8, 9, 9], "texture": "#torch"}, "up": {"uv": [7, 8, 9, 9], "rotation": 180, "texture": "#torch"}, "down": {"uv": [7, 8, 9, 9], "rotation": 180, "texture": "#torch"}}}, {"from": [6.25, 4.25, 2], "to": [7, 5, 4], "rotation": {"angle": 0, "axis": "y", "origin": [8, 5, 3]}, "faces": {"north": {"uv": [7, 8, 8, 9], "texture": "#torch"}, "south": {"uv": [8, 8, 9, 9], "texture": "#torch"}, "west": {"uv": [7, 8, 9, 9], "texture": "#torch"}, "up": {"uv": [7, 8, 9, 9], "rotation": 90, "texture": "#torch"}, "down": {"uv": [7, 8, 9, 9], "rotation": 270, "texture": "#torch"}}}, {"from": [7, 4.24, 4], "to": [9, 4.99, 4.75], "rotation": {"angle": 0, "axis": "y", "origin": [8, 5, 3]}, "faces": {"east": {"uv": [8, 8, 9, 9], "texture": "#torch"}, "south": {"uv": [7, 8, 9, 9], "texture": "#torch"}, "west": {"uv": [7, 8, 8, 9], "texture": "#torch"}, "up": {"uv": [7, 8, 9, 9], "texture": "#torch"}, "down": {"uv": [7, 8, 9, 9], "texture": "#torch"}}}, {"from": [9, 4.24, 2], "to": [9.75, 4.99, 4], "rotation": {"angle": 0, "axis": "y", "origin": [8, 5, 3]}, "faces": {"north": {"uv": [8, 8, 9, 9], "texture": "#torch"}, "east": {"uv": [7, 8, 9, 9], "texture": "#torch"}, "south": {"uv": [7, 8, 8, 9], "texture": "#torch"}, "up": {"uv": [7, 8, 9, 9], "rotation": 270, "texture": "#torch"}, "down": {"uv": [7, 8, 9, 9], "rotation": 90, "texture": "#torch"}}}, {"from": [9, 6.99, 2], "to": [9.75, 7.74, 4], "rotation": {"angle": 0, "axis": "y", "origin": [8, 5, 3]}, "faces": {"north": {"uv": [7, 5, 9, 6], "texture": "#torch"}, "east": {"uv": [7, 5, 9, 6], "texture": "#torch"}, "south": {"uv": [7, 5, 9, 6], "texture": "#torch"}, "west": {"uv": [7, 5, 9, 6], "texture": "#torch"}, "up": {"uv": [7, 5, 9, 6], "texture": "#torch"}, "down": {"uv": [7, 5, 9, 6], "texture": "#torch"}}}, {"from": [7, 6.99, 1.25], "to": [9, 7.74, 2], "rotation": {"angle": 0, "axis": "y", "origin": [8, 5, 3]}, "faces": {"north": {"uv": [7, 5, 9, 6], "rotation": 180, "texture": "#torch"}, "east": {"uv": [7, 5, 9, 6], "rotation": 180, "texture": "#torch"}, "south": {"uv": [7, 5, 9, 6], "rotation": 180, "texture": "#torch"}, "west": {"uv": [7, 5, 9, 6], "rotation": 180, "texture": "#torch"}, "up": {"uv": [7, 5, 9, 6], "rotation": 180, "texture": "#torch"}, "down": {"uv": [7, 5, 9, 6], "rotation": 180, "texture": "#torch"}}}, {"from": [6.25, 6.99, 2], "to": [7, 7.74, 4], "rotation": {"angle": 0, "axis": "y", "origin": [8, 5, 3]}, "faces": {"north": {"uv": [7, 5, 9, 6], "rotation": 90, "texture": "#torch"}, "east": {"uv": [7, 5, 9, 6], "rotation": 90, "texture": "#torch"}, "south": {"uv": [7, 5, 9, 6], "rotation": 90, "texture": "#torch"}, "west": {"uv": [7, 5, 9, 6], "rotation": 90, "texture": "#torch"}, "up": {"uv": [7, 5, 9, 6], "rotation": 90, "texture": "#torch"}, "down": {"uv": [7, 5, 9, 6], "rotation": 90, "texture": "#torch"}}}, {"from": [7, 6.99, 4], "to": [9, 7.74, 4.75], "rotation": {"angle": 0, "axis": "y", "origin": [8, 5, 3]}, "faces": {"north": {"uv": [7, 5, 9, 6], "texture": "#torch"}, "east": {"uv": [7, 5, 9, 6], "texture": "#torch"}, "south": {"uv": [7, 5, 9, 6], "texture": "#torch"}, "west": {"uv": [7, 5, 9, 6], "texture": "#torch"}, "up": {"uv": [7, 5, 9, 6], "texture": "#torch"}, "down": {"uv": [7, 5, 9, 6], "texture": "#torch"}}}, {"from": [9, 4.99, 1.25], "to": [9.75, 6.99, 2], "rotation": {"angle": 0, "axis": "y", "origin": [8, 5, 3]}, "faces": {"north": {"uv": [9, 6, 10, 8], "texture": "#torch"}, "east": {"uv": [9, 6, 10, 8], "texture": "#torch"}, "south": {"uv": [9, 6, 10, 8], "texture": "#torch"}, "west": {"uv": [9, 6, 10, 8], "texture": "#torch"}, "up": {"uv": [9, 6, 10, 8], "texture": "#torch"}, "down": {"uv": [9, 6, 10, 8], "texture": "#torch"}}}, {"from": [6.25, 4.99, 1.25], "to": [7, 6.99, 2], "rotation": {"angle": 0, "axis": "y", "origin": [8, 5, 3]}, "faces": {"north": {"uv": [9, 6, 10, 8], "texture": "#torch"}, "east": {"uv": [9, 6, 10, 8], "texture": "#torch"}, "south": {"uv": [9, 6, 10, 8], "texture": "#torch"}, "west": {"uv": [9, 6, 10, 8], "texture": "#torch"}, "up": {"uv": [9, 6, 10, 8], "texture": "#torch"}, "down": {"uv": [9, 6, 10, 8], "texture": "#torch"}}}, {"from": [6.25, 4.99, 4], "to": [7, 6.99, 4.75], "rotation": {"angle": 0, "axis": "y", "origin": [8, 5, 3]}, "faces": {"north": {"uv": [9, 6, 10, 8], "texture": "#torch"}, "east": {"uv": [9, 6, 10, 8], "texture": "#torch"}, "south": {"uv": [9, 6, 10, 8], "texture": "#torch"}, "west": {"uv": [9, 6, 10, 8], "texture": "#torch"}, "up": {"uv": [9, 6, 10, 8], "texture": "#torch"}, "down": {"uv": [9, 6, 10, 8], "texture": "#torch"}}}, {"from": [9, 4.99, 4], "to": [9.75, 6.99, 4.75], "rotation": {"angle": 0, "axis": "y", "origin": [8, 5, 3]}, "faces": {"north": {"uv": [9, 6, 10, 8], "texture": "#torch"}, "east": {"uv": [9, 6, 10, 8], "texture": "#torch"}, "south": {"uv": [9, 6, 10, 8], "texture": "#torch"}, "west": {"uv": [9, 6, 10, 8], "texture": "#torch"}, "up": {"uv": [9, 6, 10, 8], "texture": "#torch"}, "down": {"uv": [9, 6, 10, 8], "texture": "#torch"}}}], "display": {"thirdperson_righthand": {"translation": [0, 3, 1], "scale": [0.55, 0.55, 0.55]}, "thirdperson_lefthand": {"translation": [0, 3, 1], "scale": [0.55, 0.55, 0.55]}, "firstperson_righthand": {"rotation": [0, -90, 25], "translation": [1.13, 3.2, 1.13], "scale": [0.68, 0.68, 0.68]}, "firstperson_lefthand": {"rotation": [0, -90, 25], "translation": [1.13, 3.2, 1.13], "scale": [0.68, 0.68, 0.68]}, "ground": {"translation": [0, 2, 0], "scale": [0.5, 0.5, 0.5]}, "gui": {"rotation": [30, 225, 0], "translation": [0, 2, 0]}, "head": {"rotation": [0, 180, 0], "translation": [0, 13, 7]}, "fixed": {"rotation": [0, 180, 0], "translation": [0, 0, -1]}}, "groups": [0, {"name": "redstone torch 1", "origin": [8, 8, 8], "children": [1, 2, 3, 4, 5, 6, 7, 8, 9, 10, 11, 12, 13, 14, 15]}, {"name": "redstone torch 2", "origin": [8, 8, 8], "children": []}, 16, 17, 18, 19, 20, 21, 22, 23, 24, 25, 26, 27, 28, 29, 30]}