{"ambientocclusion": false, "textures": {"particle": "block/sculk_vein", "sculk_vein": "block/sculk_vein"}, "elements": [{"from": [4, 0, 0], "to": [12, 1, 1], "faces": {"north": {"uv": [12, 15, 4, 16], "texture": "#sculk_vein", "cullface": "north"}, "east": {"uv": [11, 15, 12, 16], "texture": "#sculk_vein"}, "south": {"uv": [4, 15, 12, 16], "texture": "#sculk_vein"}, "west": {"uv": [4, 15, 5, 16], "texture": "#sculk_vein"}, "up": {"uv": [4, 15, 12, 16], "texture": "#sculk_vein"}, "down": {"uv": [4, 15, 12, 16], "texture": "#sculk_vein", "cullface": "down"}}}, {"from": [14, 0, 0], "to": [16, 1, 1], "faces": {"north": {"uv": [16, 15, 14, 16], "texture": "#sculk_vein", "cullface": "north"}, "east": {"uv": [15, 15, 16, 16], "texture": "#sculk_vein", "cullface": "east"}, "south": {"uv": [14, 15, 16, 16], "texture": "#sculk_vein"}, "west": {"uv": [14, 15, 15, 16], "texture": "#sculk_vein"}, "up": {"uv": [14, 15, 16, 16], "texture": "#sculk_vein"}, "down": {"uv": [14, 15, 16, 16], "texture": "#sculk_vein", "cullface": "down"}}}, {"from": [5, 1, 0], "to": [7, 2, 1], "faces": {"north": {"uv": [7, 14, 5, 15], "texture": "#sculk_vein", "cullface": "north"}, "east": {"uv": [6, 14, 7, 15], "texture": "#sculk_vein"}, "south": {"uv": [5, 14, 7, 15], "texture": "#sculk_vein"}, "west": {"uv": [5, 14, 6, 15], "texture": "#sculk_vein"}, "up": {"uv": [5, 14, 7, 15], "texture": "#sculk_vein"}}}, {"from": [8, 1, 0], "to": [11, 2, 1], "faces": {"north": {"uv": [11, 14, 8, 15], "texture": "#sculk_vein", "cullface": "north"}, "east": {"uv": [10, 14, 11, 15], "texture": "#sculk_vein"}, "south": {"uv": [8, 14, 11, 15], "texture": "#sculk_vein"}, "west": {"uv": [8, 14, 9, 15], "texture": "#sculk_vein"}, "up": {"uv": [8, 14, 11, 15], "texture": "#sculk_vein"}}}, {"from": [1, 1, 0], "to": [4, 5, 1], "faces": {"north": {"uv": [4, 11, 1, 15], "texture": "#sculk_vein", "cullface": "north"}, "east": {"uv": [3, 11, 4, 15], "texture": "#sculk_vein"}, "south": {"uv": [1, 11, 4, 15], "texture": "#sculk_vein"}, "west": {"uv": [1, 11, 2, 15], "texture": "#sculk_vein"}, "up": {"uv": [1, 11, 4, 12], "texture": "#sculk_vein"}, "down": {"uv": [1, 14, 4, 15], "texture": "#sculk_vein"}}}, {"from": [0, 2, 0], "to": [5, 4, 1], "faces": {"north": {"uv": [5, 12, 0, 14], "texture": "#sculk_vein", "cullface": "north"}, "east": {"uv": [4, 12, 5, 14], "texture": "#sculk_vein"}, "south": {"uv": [0, 12, 5, 14], "texture": "#sculk_vein"}, "west": {"uv": [0, 12, 1, 14], "texture": "#sculk_vein", "cullface": "west"}, "up": {"uv": [0, 12, 5, 13], "texture": "#sculk_vein"}, "down": {"uv": [0, 13, 5, 14], "texture": "#sculk_vein"}}}, {"from": [6, 3, 0], "to": [10, 8, 1], "faces": {"north": {"uv": [10, 8, 6, 13], "texture": "#sculk_vein", "cullface": "north"}, "east": {"uv": [9, 8, 10, 13], "texture": "#sculk_vein"}, "south": {"uv": [6, 8, 10, 13], "texture": "#sculk_vein"}, "west": {"uv": [6, 8, 7, 13], "texture": "#sculk_vein"}, "up": {"uv": [6, 8, 10, 9], "texture": "#sculk_vein"}, "down": {"uv": [6, 12, 10, 13], "texture": "#sculk_vein"}}}, {"from": [5, 4, 0], "to": [11, 7, 1], "faces": {"north": {"uv": [11, 9, 5, 12], "texture": "#sculk_vein", "cullface": "north"}, "east": {"uv": [10, 9, 11, 12], "texture": "#sculk_vein"}, "south": {"uv": [5, 9, 11, 12], "texture": "#sculk_vein"}, "west": {"uv": [5, 9, 6, 12], "texture": "#sculk_vein"}, "up": {"uv": [5, 9, 11, 10], "texture": "#sculk_vein"}, "down": {"uv": [5, 11, 11, 12], "texture": "#sculk_vein"}}}, {"from": [12, 2, 0], "to": [15, 6, 1], "faces": {"north": {"uv": [15, 10, 12, 14], "texture": "#sculk_vein", "cullface": "north"}, "east": {"uv": [14, 10, 15, 14], "texture": "#sculk_vein"}, "south": {"uv": [12, 10, 15, 14], "texture": "#sculk_vein"}, "west": {"uv": [12, 10, 13, 14], "texture": "#sculk_vein"}, "up": {"uv": [12, 10, 15, 11], "texture": "#sculk_vein"}, "down": {"uv": [12, 13, 15, 14], "texture": "#sculk_vein"}}}, {"from": [11, 3, 0], "to": [16, 5, 1], "faces": {"north": {"uv": [16, 11, 11, 13], "texture": "#sculk_vein", "cullface": "north"}, "east": {"uv": [15, 11, 16, 13], "texture": "#sculk_vein", "cullface": "east"}, "south": {"uv": [11, 11, 16, 13], "texture": "#sculk_vein"}, "west": {"uv": [11, 11, 12, 13], "texture": "#sculk_vein"}, "up": {"uv": [11, 11, 16, 12], "texture": "#sculk_vein"}, "down": {"uv": [11, 12, 16, 13], "texture": "#sculk_vein"}}}, {"from": [15, 6, 0], "to": [16, 8, 1], "faces": {"north": {"uv": [16, 8, 15, 10], "texture": "#sculk_vein", "cullface": "north"}, "east": {"uv": [15, 8, 16, 10], "texture": "#sculk_vein", "cullface": "east"}, "south": {"uv": [15, 8, 16, 10], "texture": "#sculk_vein"}, "west": {"uv": [15, 8, 16, 10], "texture": "#sculk_vein"}, "up": {"uv": [15, 8, 16, 9], "texture": "#sculk_vein"}, "down": {"uv": [15, 9, 16, 10], "texture": "#sculk_vein"}}}, {"from": [11, 7, 0], "to": [14, 11, 1], "faces": {"north": {"uv": [14, 5, 11, 9], "texture": "#sculk_vein", "cullface": "north"}, "east": {"uv": [13, 5, 14, 9], "texture": "#sculk_vein"}, "south": {"uv": [11, 5, 14, 9], "texture": "#sculk_vein"}, "west": {"uv": [11, 5, 12, 9], "texture": "#sculk_vein"}, "up": {"uv": [11, 5, 14, 6], "texture": "#sculk_vein"}, "down": {"uv": [11, 8, 14, 9], "texture": "#sculk_vein"}}}, {"from": [0, 5, 0], "to": [2, 9, 1], "faces": {"north": {"uv": [2, 7, 0, 11], "texture": "#sculk_vein", "cullface": "north"}, "east": {"uv": [1, 7, 2, 11], "texture": "#sculk_vein"}, "south": {"uv": [0, 7, 2, 11], "texture": "#sculk_vein"}, "west": {"uv": [0, 7, 1, 11], "texture": "#sculk_vein", "cullface": "west"}, "up": {"uv": [0, 7, 2, 8], "texture": "#sculk_vein"}, "down": {"uv": [0, 10, 2, 11], "texture": "#sculk_vein"}}}, {"from": [2, 6, 0], "to": [3, 8, 1], "faces": {"north": {"uv": [3, 8, 2, 10], "texture": "#sculk_vein", "cullface": "north"}, "east": {"uv": [2, 8, 3, 10], "texture": "#sculk_vein"}, "south": {"uv": [2, 8, 3, 10], "texture": "#sculk_vein"}, "up": {"uv": [2, 8, 3, 9], "texture": "#sculk_vein"}, "down": {"uv": [2, 9, 3, 10], "texture": "#sculk_vein"}}}, {"from": [1, 10, 0], "to": [9, 12, 1], "faces": {"north": {"uv": [9, 4, 1, 6], "texture": "#sculk_vein", "cullface": "north"}, "east": {"uv": [8, 4, 9, 6], "texture": "#sculk_vein"}, "south": {"uv": [1, 4, 9, 6], "texture": "#sculk_vein"}, "west": {"uv": [1, 4, 2, 6], "texture": "#sculk_vein"}, "up": {"uv": [1, 4, 9, 5], "texture": "#sculk_vein"}, "down": {"uv": [1, 5, 9, 6], "texture": "#sculk_vein"}}}, {"from": [2, 9, 0], "to": [8, 13, 1], "faces": {"north": {"uv": [8, 3, 2, 7], "texture": "#sculk_vein", "cullface": "north"}, "east": {"uv": [7, 3, 8, 7], "texture": "#sculk_vein"}, "south": {"uv": [2, 3, 8, 7], "texture": "#sculk_vein"}, "west": {"uv": [2, 3, 3, 7], "texture": "#sculk_vein"}, "up": {"uv": [2, 3, 8, 4], "texture": "#sculk_vein"}, "down": {"uv": [2, 6, 8, 7], "texture": "#sculk_vein"}}}, {"from": [3, 8, 0], "to": [7, 14, 1], "faces": {"north": {"uv": [7, 2, 3, 8], "texture": "#sculk_vein", "cullface": "north"}, "east": {"uv": [6, 2, 7, 8], "texture": "#sculk_vein"}, "south": {"uv": [3, 2, 7, 8], "texture": "#sculk_vein"}, "west": {"uv": [3, 2, 4, 8], "texture": "#sculk_vein"}, "up": {"uv": [3, 2, 7, 3], "texture": "#sculk_vein"}, "down": {"uv": [3, 7, 7, 8], "texture": "#sculk_vein"}}}, {"from": [0, 12, 0], "to": [1, 16, 1], "faces": {"north": {"uv": [1, 0, 0, 4], "texture": "#sculk_vein", "cullface": "north"}, "east": {"uv": [0, 0, 1, 4], "texture": "#sculk_vein"}, "south": {"uv": [0, 0, 1, 4], "texture": "#sculk_vein"}, "west": {"uv": [0, 0, 1, 4], "texture": "#sculk_vein", "cullface": "west"}, "up": {"uv": [0, 0, 1, 1], "texture": "#sculk_vein", "cullface": "up"}, "down": {"uv": [0, 3, 1, 4], "texture": "#sculk_vein"}}}, {"from": [1, 13, 0], "to": [2, 15, 1], "faces": {"north": {"uv": [2, 1, 1, 3], "texture": "#sculk_vein", "cullface": "north"}, "east": {"uv": [1, 1, 2, 3], "texture": "#sculk_vein"}, "south": {"uv": [1, 1, 2, 3], "texture": "#sculk_vein"}, "up": {"uv": [1, 1, 2, 2], "texture": "#sculk_vein"}, "down": {"uv": [1, 2, 2, 3], "texture": "#sculk_vein"}}}, {"from": [4, 15, 0], "to": [12, 16, 1], "faces": {"north": {"uv": [12, 0, 4, 1], "texture": "#sculk_vein", "cullface": "north"}, "east": {"uv": [11, 0, 12, 1], "texture": "#sculk_vein"}, "south": {"uv": [4, 0, 12, 1], "texture": "#sculk_vein"}, "west": {"uv": [4, 0, 5, 1], "texture": "#sculk_vein"}, "up": {"uv": [4, 0, 12, 1], "texture": "#sculk_vein", "cullface": "up"}, "down": {"uv": [4, 0, 12, 1], "texture": "#sculk_vein"}}}, {"from": [13, 12, 0], "to": [16, 16, 1], "faces": {"north": {"uv": [16, 0, 13, 4], "texture": "#sculk_vein", "cullface": "north"}, "east": {"uv": [15, 0, 16, 4], "texture": "#sculk_vein", "cullface": "east"}, "south": {"uv": [13, 0, 16, 4], "texture": "#sculk_vein"}, "west": {"uv": [13, 0, 14, 4], "texture": "#sculk_vein"}, "up": {"uv": [13, 0, 16, 1], "texture": "#sculk_vein", "cullface": "up"}, "down": {"uv": [13, 3, 16, 4], "texture": "#sculk_vein"}}}, {"from": [5, 14, 0], "to": [13, 15, 1], "faces": {"north": {"uv": [13, 1, 5, 2], "texture": "#sculk_vein", "cullface": "north"}, "south": {"uv": [5, 1, 13, 2], "texture": "#sculk_vein"}, "west": {"uv": [5, 1, 6, 2], "texture": "#sculk_vein"}, "up": {"uv": [5, 1, 13, 2], "texture": "#sculk_vein"}, "down": {"uv": [5, 1, 13, 2], "texture": "#sculk_vein"}}}, {"from": [12, 13, 0], "to": [13, 14, 1], "faces": {"north": {"uv": [13, 2, 12, 3], "texture": "#sculk_vein", "cullface": "north"}, "south": {"uv": [12, 2, 13, 3], "texture": "#sculk_vein"}, "west": {"uv": [12, 2, 13, 3], "texture": "#sculk_vein"}, "down": {"uv": [12, 2, 13, 3], "texture": "#sculk_vein"}}}, {"from": [8, 13, 0], "to": [11, 14, 1], "faces": {"north": {"uv": [11, 2, 8, 3], "texture": "#sculk_vein", "cullface": "north"}, "east": {"uv": [10, 2, 11, 3], "texture": "#sculk_vein"}, "south": {"uv": [8, 2, 11, 3], "texture": "#sculk_vein"}, "west": {"uv": [8, 2, 9, 3], "texture": "#sculk_vein"}, "down": {"uv": [8, 2, 11, 3], "texture": "#sculk_vein"}}}, {"from": [14, 11, 0], "to": [16, 12, 1], "faces": {"north": {"uv": [16, 4, 14, 5], "texture": "#sculk_vein", "cullface": "north"}, "east": {"uv": [15, 4, 16, 5], "texture": "#sculk_vein", "cullface": "east"}, "south": {"uv": [14, 4, 16, 5], "texture": "#sculk_vein"}, "west": {"uv": [14, 4, 15, 5], "texture": "#sculk_vein"}, "down": {"uv": [14, 4, 16, 5], "texture": "#sculk_vein"}}}, {"from": [10, 8, 0], "to": [15, 10, 1], "faces": {"north": {"uv": [15, 6, 10, 8], "texture": "#sculk_vein", "cullface": "north"}, "east": {"uv": [14, 6, 15, 8], "texture": "#sculk_vein"}, "south": {"uv": [10, 6, 15, 8], "texture": "#sculk_vein"}, "west": {"uv": [10, 6, 11, 8], "texture": "#sculk_vein"}, "up": {"uv": [10, 6, 15, 7], "texture": "#sculk_vein"}, "down": {"uv": [10, 7, 15, 8], "texture": "#sculk_vein"}}}]}