{"ambientocclusion": false, "textures": {"particle": "block/sculk_vein", "sculk_vein": "block/sculk_vein"}, "elements": [{"from": [15, 0, 4], "to": [16, 1, 12], "rotation": {"angle": 0, "axis": "y", "origin": [8, 8, 8]}, "faces": {"north": {"uv": [4, 15, 5, 16], "texture": "#sculk_vein"}, "east": {"uv": [12, 15, 4, 16], "texture": "#sculk_vein", "cullface": "east"}, "south": {"uv": [11, 15, 12, 16], "texture": "#sculk_vein"}, "west": {"uv": [4, 15, 12, 16], "texture": "#sculk_vein"}, "up": {"uv": [4, 15, 12, 16], "rotation": 90, "texture": "#sculk_vein"}, "down": {"uv": [4, 15, 12, 16], "rotation": 270, "texture": "#sculk_vein", "cullface": "down"}}}, {"from": [15, 0, 14], "to": [16, 1, 16], "rotation": {"angle": 0, "axis": "y", "origin": [8, 8, 8]}, "faces": {"north": {"uv": [14, 15, 15, 16], "texture": "#sculk_vein"}, "east": {"uv": [16, 15, 14, 16], "texture": "#sculk_vein", "cullface": "east"}, "south": {"uv": [15, 15, 16, 16], "texture": "#sculk_vein", "cullface": "south"}, "west": {"uv": [14, 15, 16, 16], "texture": "#sculk_vein"}, "up": {"uv": [14, 15, 16, 16], "rotation": 90, "texture": "#sculk_vein"}, "down": {"uv": [14, 15, 16, 16], "rotation": 270, "texture": "#sculk_vein", "cullface": "down"}}}, {"from": [15, 1, 5], "to": [16, 2, 7], "rotation": {"angle": 0, "axis": "y", "origin": [8, 8, 8]}, "faces": {"north": {"uv": [5, 14, 6, 15], "texture": "#sculk_vein"}, "east": {"uv": [7, 14, 5, 15], "texture": "#sculk_vein", "cullface": "east"}, "south": {"uv": [6, 14, 7, 15], "texture": "#sculk_vein"}, "west": {"uv": [5, 14, 7, 15], "texture": "#sculk_vein"}, "up": {"uv": [5, 14, 7, 15], "rotation": 90, "texture": "#sculk_vein"}}}, {"from": [15, 1, 8], "to": [16, 2, 11], "rotation": {"angle": 0, "axis": "y", "origin": [8, 8, 8]}, "faces": {"north": {"uv": [8, 14, 9, 15], "texture": "#sculk_vein"}, "east": {"uv": [11, 14, 8, 15], "texture": "#sculk_vein", "cullface": "east"}, "south": {"uv": [10, 14, 11, 15], "texture": "#sculk_vein"}, "west": {"uv": [8, 14, 11, 15], "texture": "#sculk_vein"}, "up": {"uv": [8, 14, 11, 15], "rotation": 90, "texture": "#sculk_vein"}}}, {"from": [15, 1, 1], "to": [16, 5, 4], "rotation": {"angle": 0, "axis": "y", "origin": [8, 8, 8]}, "faces": {"north": {"uv": [1, 11, 2, 15], "texture": "#sculk_vein"}, "east": {"uv": [4, 11, 1, 15], "texture": "#sculk_vein", "cullface": "east"}, "south": {"uv": [3, 11, 4, 15], "texture": "#sculk_vein"}, "west": {"uv": [1, 11, 4, 15], "texture": "#sculk_vein"}, "up": {"uv": [1, 11, 4, 12], "rotation": 90, "texture": "#sculk_vein"}, "down": {"uv": [1, 14, 4, 15], "rotation": 270, "texture": "#sculk_vein"}}}, {"from": [15, 2, 0], "to": [16, 4, 5], "rotation": {"angle": 0, "axis": "y", "origin": [8, 8, 8]}, "faces": {"north": {"uv": [0, 12, 1, 14], "texture": "#sculk_vein", "cullface": "north"}, "east": {"uv": [5, 12, 0, 14], "texture": "#sculk_vein", "cullface": "east"}, "south": {"uv": [4, 12, 5, 14], "texture": "#sculk_vein"}, "west": {"uv": [0, 12, 5, 14], "texture": "#sculk_vein"}, "up": {"uv": [0, 12, 5, 13], "rotation": 90, "texture": "#sculk_vein"}, "down": {"uv": [0, 13, 5, 14], "rotation": 270, "texture": "#sculk_vein"}}}, {"from": [15, 3, 6], "to": [16, 8, 10], "rotation": {"angle": 0, "axis": "y", "origin": [8, 8, 8]}, "faces": {"north": {"uv": [6, 8, 7, 13], "texture": "#sculk_vein"}, "east": {"uv": [10, 8, 6, 13], "texture": "#sculk_vein", "cullface": "east"}, "south": {"uv": [9, 8, 10, 13], "texture": "#sculk_vein"}, "west": {"uv": [6, 8, 10, 13], "texture": "#sculk_vein"}, "up": {"uv": [6, 8, 10, 9], "rotation": 90, "texture": "#sculk_vein"}, "down": {"uv": [6, 12, 10, 13], "rotation": 270, "texture": "#sculk_vein"}}}, {"from": [15, 4, 5], "to": [16, 7, 11], "rotation": {"angle": 0, "axis": "y", "origin": [8, 8, 8]}, "faces": {"north": {"uv": [5, 9, 6, 12], "texture": "#sculk_vein"}, "east": {"uv": [11, 9, 5, 12], "texture": "#sculk_vein", "cullface": "east"}, "south": {"uv": [10, 9, 11, 12], "texture": "#sculk_vein"}, "west": {"uv": [5, 9, 11, 12], "texture": "#sculk_vein"}, "up": {"uv": [5, 9, 11, 10], "rotation": 90, "texture": "#sculk_vein"}, "down": {"uv": [5, 11, 11, 12], "rotation": 270, "texture": "#sculk_vein"}}}, {"from": [15, 2, 12], "to": [16, 6, 15], "rotation": {"angle": 0, "axis": "y", "origin": [8, 8, 8]}, "faces": {"north": {"uv": [12, 10, 13, 14], "texture": "#sculk_vein"}, "east": {"uv": [15, 10, 12, 14], "texture": "#sculk_vein", "cullface": "east"}, "south": {"uv": [14, 10, 15, 14], "texture": "#sculk_vein"}, "west": {"uv": [12, 10, 15, 14], "texture": "#sculk_vein"}, "up": {"uv": [12, 10, 15, 11], "rotation": 90, "texture": "#sculk_vein"}, "down": {"uv": [12, 13, 15, 14], "rotation": 270, "texture": "#sculk_vein"}}}, {"from": [15, 3, 11], "to": [16, 5, 16], "rotation": {"angle": 0, "axis": "y", "origin": [8, 8, 8]}, "faces": {"north": {"uv": [11, 11, 12, 13], "texture": "#sculk_vein"}, "east": {"uv": [16, 11, 11, 13], "texture": "#sculk_vein", "cullface": "east"}, "south": {"uv": [15, 11, 16, 13], "texture": "#sculk_vein", "cullface": "south"}, "west": {"uv": [11, 11, 16, 13], "texture": "#sculk_vein"}, "up": {"uv": [11, 11, 16, 12], "rotation": 90, "texture": "#sculk_vein"}, "down": {"uv": [11, 12, 16, 13], "rotation": 270, "texture": "#sculk_vein"}}}, {"from": [15, 6, 15], "to": [16, 8, 16], "rotation": {"angle": 0, "axis": "y", "origin": [8, 8, 8]}, "faces": {"north": {"uv": [15, 8, 16, 10], "texture": "#sculk_vein"}, "east": {"uv": [16, 8, 15, 10], "texture": "#sculk_vein", "cullface": "east"}, "south": {"uv": [15, 8, 16, 10], "texture": "#sculk_vein", "cullface": "south"}, "west": {"uv": [15, 8, 16, 10], "texture": "#sculk_vein"}, "up": {"uv": [15, 8, 16, 9], "rotation": 90, "texture": "#sculk_vein"}, "down": {"uv": [15, 9, 16, 10], "rotation": 270, "texture": "#sculk_vein"}}}, {"from": [15, 7, 11], "to": [16, 11, 14], "rotation": {"angle": 0, "axis": "y", "origin": [8, 8, 8]}, "faces": {"north": {"uv": [11, 5, 12, 9], "texture": "#sculk_vein"}, "east": {"uv": [14, 5, 11, 9], "texture": "#sculk_vein", "cullface": "east"}, "south": {"uv": [13, 5, 14, 9], "texture": "#sculk_vein"}, "west": {"uv": [11, 5, 14, 9], "texture": "#sculk_vein"}, "up": {"uv": [11, 5, 14, 6], "rotation": 90, "texture": "#sculk_vein"}, "down": {"uv": [11, 8, 14, 9], "rotation": 270, "texture": "#sculk_vein"}}}, {"from": [15, 5, 0], "to": [16, 9, 2], "rotation": {"angle": 0, "axis": "y", "origin": [8, 8, 8]}, "faces": {"north": {"uv": [0, 7, 1, 11], "texture": "#sculk_vein", "cullface": "north"}, "east": {"uv": [2, 7, 0, 11], "texture": "#sculk_vein", "cullface": "east"}, "south": {"uv": [1, 7, 2, 11], "texture": "#sculk_vein"}, "west": {"uv": [0, 7, 2, 11], "texture": "#sculk_vein"}, "up": {"uv": [0, 7, 2, 8], "rotation": 90, "texture": "#sculk_vein"}, "down": {"uv": [0, 10, 2, 11], "rotation": 270, "texture": "#sculk_vein"}}}, {"from": [15, 6, 2], "to": [16, 8, 3], "rotation": {"angle": 0, "axis": "y", "origin": [8, 8, 8]}, "faces": {"east": {"uv": [3, 8, 2, 10], "texture": "#sculk_vein", "cullface": "east"}, "south": {"uv": [2, 8, 3, 10], "texture": "#sculk_vein"}, "west": {"uv": [2, 8, 3, 10], "texture": "#sculk_vein"}, "up": {"uv": [2, 8, 3, 9], "rotation": 90, "texture": "#sculk_vein"}, "down": {"uv": [2, 9, 3, 10], "rotation": 270, "texture": "#sculk_vein"}}}, {"from": [15, 10, 1], "to": [16, 12, 9], "rotation": {"angle": 0, "axis": "y", "origin": [8, 8, 8]}, "faces": {"north": {"uv": [1, 4, 2, 6], "texture": "#sculk_vein"}, "east": {"uv": [9, 4, 1, 6], "texture": "#sculk_vein", "cullface": "east"}, "south": {"uv": [8, 4, 9, 6], "texture": "#sculk_vein"}, "west": {"uv": [1, 4, 9, 6], "texture": "#sculk_vein"}, "up": {"uv": [1, 4, 9, 5], "rotation": 90, "texture": "#sculk_vein"}, "down": {"uv": [1, 5, 9, 6], "rotation": 270, "texture": "#sculk_vein"}}}, {"from": [15, 9, 2], "to": [16, 13, 8], "rotation": {"angle": 0, "axis": "y", "origin": [8, 8, 8]}, "faces": {"north": {"uv": [2, 3, 3, 7], "texture": "#sculk_vein"}, "east": {"uv": [8, 3, 2, 7], "texture": "#sculk_vein", "cullface": "east"}, "south": {"uv": [7, 3, 8, 7], "texture": "#sculk_vein"}, "west": {"uv": [2, 3, 8, 7], "texture": "#sculk_vein"}, "up": {"uv": [2, 3, 8, 4], "rotation": 90, "texture": "#sculk_vein"}, "down": {"uv": [2, 6, 8, 7], "rotation": 270, "texture": "#sculk_vein"}}}, {"from": [15, 8, 3], "to": [16, 14, 7], "rotation": {"angle": 0, "axis": "y", "origin": [8, 8, 8]}, "faces": {"north": {"uv": [3, 2, 4, 8], "texture": "#sculk_vein"}, "east": {"uv": [7, 2, 3, 8], "texture": "#sculk_vein", "cullface": "east"}, "south": {"uv": [6, 2, 7, 8], "texture": "#sculk_vein"}, "west": {"uv": [3, 2, 7, 8], "texture": "#sculk_vein"}, "up": {"uv": [3, 2, 7, 3], "rotation": 90, "texture": "#sculk_vein"}, "down": {"uv": [3, 7, 7, 8], "rotation": 270, "texture": "#sculk_vein"}}}, {"from": [15, 12, 0], "to": [16, 16, 1], "rotation": {"angle": 0, "axis": "y", "origin": [8, 8, 8]}, "faces": {"north": {"uv": [0, 0, 1, 4], "texture": "#sculk_vein", "cullface": "north"}, "east": {"uv": [1, 0, 0, 4], "texture": "#sculk_vein", "cullface": "east"}, "south": {"uv": [0, 0, 1, 4], "texture": "#sculk_vein"}, "west": {"uv": [0, 0, 1, 4], "texture": "#sculk_vein"}, "up": {"uv": [0, 0, 1, 1], "rotation": 90, "texture": "#sculk_vein", "cullface": "up"}, "down": {"uv": [0, 3, 1, 4], "rotation": 270, "texture": "#sculk_vein"}}}, {"from": [15, 13, 1], "to": [16, 15, 2], "rotation": {"angle": 0, "axis": "y", "origin": [8, 8, 8]}, "faces": {"east": {"uv": [2, 1, 1, 3], "texture": "#sculk_vein", "cullface": "east"}, "south": {"uv": [1, 1, 2, 3], "texture": "#sculk_vein"}, "west": {"uv": [1, 1, 2, 3], "texture": "#sculk_vein"}, "up": {"uv": [1, 1, 2, 2], "rotation": 90, "texture": "#sculk_vein"}, "down": {"uv": [1, 2, 2, 3], "rotation": 270, "texture": "#sculk_vein"}}}, {"from": [15, 15, 4], "to": [16, 16, 12], "rotation": {"angle": 0, "axis": "y", "origin": [8, 8, 8]}, "faces": {"north": {"uv": [4, 0, 5, 1], "texture": "#sculk_vein"}, "east": {"uv": [12, 0, 4, 1], "texture": "#sculk_vein", "cullface": "east"}, "south": {"uv": [11, 0, 12, 1], "texture": "#sculk_vein"}, "west": {"uv": [4, 0, 12, 1], "texture": "#sculk_vein"}, "up": {"uv": [4, 0, 12, 1], "rotation": 90, "texture": "#sculk_vein", "cullface": "up"}, "down": {"uv": [4, 0, 12, 1], "rotation": 270, "texture": "#sculk_vein"}}}, {"from": [15, 12, 13], "to": [16, 16, 16], "rotation": {"angle": 0, "axis": "y", "origin": [8, 8, 8]}, "faces": {"north": {"uv": [13, 0, 14, 4], "texture": "#sculk_vein"}, "east": {"uv": [16, 0, 13, 4], "texture": "#sculk_vein", "cullface": "east"}, "south": {"uv": [15, 0, 16, 4], "texture": "#sculk_vein", "cullface": "south"}, "west": {"uv": [13, 0, 16, 4], "texture": "#sculk_vein"}, "up": {"uv": [13, 0, 16, 1], "rotation": 90, "texture": "#sculk_vein", "cullface": "up"}, "down": {"uv": [13, 3, 16, 4], "rotation": 270, "texture": "#sculk_vein"}}}, {"from": [15, 14, 5], "to": [16, 15, 13], "rotation": {"angle": 0, "axis": "y", "origin": [8, 8, 8]}, "faces": {"north": {"uv": [5, 1, 6, 2], "texture": "#sculk_vein"}, "east": {"uv": [13, 1, 5, 2], "texture": "#sculk_vein", "cullface": "east"}, "west": {"uv": [5, 1, 13, 2], "texture": "#sculk_vein"}, "up": {"uv": [5, 1, 13, 2], "rotation": 90, "texture": "#sculk_vein"}, "down": {"uv": [5, 1, 13, 2], "rotation": 270, "texture": "#sculk_vein"}}}, {"from": [15, 13, 12], "to": [16, 14, 13], "rotation": {"angle": 0, "axis": "y", "origin": [8, 8, 8]}, "faces": {"north": {"uv": [12, 2, 13, 3], "texture": "#sculk_vein"}, "east": {"uv": [13, 2, 12, 3], "texture": "#sculk_vein", "cullface": "east"}, "west": {"uv": [12, 2, 13, 3], "texture": "#sculk_vein"}, "down": {"uv": [12, 2, 13, 3], "rotation": 270, "texture": "#sculk_vein"}}}, {"from": [15, 13, 8], "to": [16, 14, 11], "rotation": {"angle": 0, "axis": "y", "origin": [8, 8, 8]}, "faces": {"north": {"uv": [8, 2, 9, 3], "texture": "#sculk_vein"}, "east": {"uv": [11, 2, 8, 3], "texture": "#sculk_vein", "cullface": "east"}, "south": {"uv": [10, 2, 11, 3], "texture": "#sculk_vein"}, "west": {"uv": [8, 2, 11, 3], "texture": "#sculk_vein"}, "down": {"uv": [8, 2, 11, 3], "rotation": 270, "texture": "#sculk_vein"}}}, {"from": [15, 11, 14], "to": [16, 12, 16], "rotation": {"angle": 0, "axis": "y", "origin": [8, 8, 8]}, "faces": {"north": {"uv": [14, 4, 15, 5], "texture": "#sculk_vein"}, "east": {"uv": [16, 4, 14, 5], "texture": "#sculk_vein", "cullface": "east"}, "south": {"uv": [15, 4, 16, 5], "texture": "#sculk_vein", "cullface": "south"}, "west": {"uv": [14, 4, 16, 5], "texture": "#sculk_vein"}, "down": {"uv": [14, 4, 16, 5], "rotation": 270, "texture": "#sculk_vein"}}}, {"from": [15, 8, 10], "to": [16, 10, 15], "rotation": {"angle": 0, "axis": "y", "origin": [8, 8, 8]}, "faces": {"north": {"uv": [10, 6, 11, 8], "texture": "#sculk_vein"}, "east": {"uv": [15, 6, 10, 8], "texture": "#sculk_vein", "cullface": "east"}, "south": {"uv": [14, 6, 15, 8], "texture": "#sculk_vein"}, "west": {"uv": [10, 6, 15, 8], "texture": "#sculk_vein"}, "up": {"uv": [10, 6, 15, 7], "rotation": 90, "texture": "#sculk_vein"}, "down": {"uv": [10, 7, 15, 8], "rotation": 270, "texture": "#sculk_vein"}}}]}