{"parent": "block/cube_all", "textures": {"all": "block/snow"}, "elements": [{"from": [0, 0, 16], "to": [16, 14, 16.25], "faces": {"east": {"uv": [15, 2, 16, 16], "texture": "#all", "cullface": "south"}, "south": {"uv": [0, 1, 16, 15], "texture": "#all", "cullface": "south"}, "west": {"uv": [0, 2, 1, 16], "texture": "#all", "cullface": "south"}, "up": {"uv": [0, 0, 16, 1], "texture": "#all", "cullface": "south"}, "down": {"uv": [0, 15, 16, 16], "texture": "#all", "cullface": "south"}}}, {"from": [-0.25, 0, 0], "to": [0, 14, 16], "faces": {"north": {"uv": [0, 2, 1, 16], "texture": "#all", "cullface": "west"}, "south": {"uv": [15, 2, 16, 16], "texture": "#all", "cullface": "west"}, "west": {"uv": [0, 2, 16, 16], "texture": "#all", "cullface": "west"}, "up": {"uv": [0, 0, 16, 1], "rotation": 90, "texture": "#all", "cullface": "west"}, "down": {"uv": [0, 15, 16, 16], "rotation": 270, "texture": "#all", "cullface": "west"}}}, {"from": [0, 0, -0.25], "to": [16, 14, 0], "faces": {"north": {"uv": [0, 2, 16, 16], "texture": "#all", "cullface": "north"}, "east": {"uv": [0, 2, 1, 16], "texture": "#all", "cullface": "north"}, "west": {"uv": [15, 2, 16, 16], "texture": "#all", "cullface": "north"}, "up": {"uv": [0, 0, 16, 1], "rotation": 180, "texture": "#all", "cullface": "north"}, "down": {"uv": [0, 15, 16, 16], "rotation": 180, "texture": "#all", "cullface": "north"}}}, {"from": [16, 0, 0], "to": [16.25, 14, 16], "faces": {"north": {"uv": [15, 2, 16, 16], "texture": "#all", "cullface": "east"}, "east": {"uv": [0, 2, 16, 16], "texture": "#all", "cullface": "east"}, "south": {"uv": [0, 2, 1, 16], "texture": "#all", "cullface": "east"}, "up": {"uv": [0, 0, 16, 1], "rotation": 270, "texture": "#all", "cullface": "east"}, "down": {"uv": [0, 15, 16, 16], "rotation": 90, "texture": "#all", "cullface": "east"}}}, {"from": [0, 0, 0], "to": [16, 14.25, 16], "faces": {"north": {"uv": [0, 0, 16, 14.25], "rotation": 180, "texture": "#all", "cullface": "north"}, "east": {"uv": [0, 0, 16, 14.25], "texture": "#all", "cullface": "east"}, "south": {"uv": [0, 0, 16, 14.25], "texture": "#all", "cullface": "south"}, "west": {"uv": [0, 0, 16, 14.25], "texture": "#all", "cullface": "west"}, "up": {"uv": [0, 0, 16, 16], "texture": "#all"}, "down": {"uv": [0, 0, 16, 16], "texture": "#all", "cullface": "down"}}}]}