{"parent": "block/cross", "ambientocclusion": false, "textures": {"cross": "block/sunflower_bottom"}, "elements": [{"from": [7, 0, 7], "to": [9, 16, 9], "faces": {"north": {"uv": [7, 0, 9, 16], "texture": "#cross"}, "east": {"uv": [7, 0, 9, 16], "texture": "#cross"}, "south": {"uv": [7, 0, 9, 16], "texture": "#cross"}, "west": {"uv": [7, 0, 9, 16], "texture": "#cross"}, "up": {"uv": [7, 14, 9, 16], "texture": "#cross", "cullface": "up"}, "down": {"uv": [7, 14, 9, 16], "texture": "#cross", "cullface": "down"}}}, {"from": [8, 0, 0], "to": [8, 16, 16], "rotation": {"angle": 45, "axis": "y", "origin": [8, 8, 8]}, "faces": {"east": {"uv": [0, 0, 16, 16], "texture": "#cross"}, "west": {"uv": [0, 0, 16, 16], "texture": "#cross"}}}, {"from": [0, 0, 8], "to": [16, 16, 8], "rotation": {"angle": 45, "axis": "y", "origin": [8, 8, 8]}, "faces": {"north": {"uv": [16, 0, 0, 16], "texture": "#cross"}, "south": {"uv": [16, 0, 0, 16], "texture": "#cross"}}}]}