{"parent": "block/thin_block", "textures": {"particle": "#texture"}, "elements": [{"from": [1, 0, 1], "to": [15, 0.5, 15], "faces": {"north": {"uv": [1, 15, 15, 16], "texture": "#texture"}, "east": {"uv": [1, 15, 15, 16], "texture": "#texture"}, "south": {"uv": [1, 15, 15, 16], "texture": "#texture"}, "west": {"uv": [1, 15, 15, 16], "texture": "#texture"}, "up": {"uv": [1, 1, 15, 15], "texture": "#texture"}, "down": {"uv": [1, 1, 15, 15], "texture": "#texture", "cullface": "down"}}}, {"from": [1.01, 0.49, 1.01], "to": [15.01, 0.99, 2.99], "rotation": {"angle": 0, "axis": "y", "origin": [8, -7.5, 8]}, "faces": {"north": {"uv": [1, 0, 15, 0.5], "rotation": 180, "texture": "#texture"}, "east": {"uv": [14, 0, 15, 3], "rotation": 90, "texture": "#texture"}, "south": {"uv": [1, 2, 15, 2.5], "texture": "#texture"}, "west": {"uv": [0, 0, 1, 3], "rotation": 270, "texture": "#texture"}, "up": {"uv": [1, 1, 15, 2.98], "texture": "#texture"}}}, {"from": [7.99, 0.49, 12], "to": [14.99, 0.99, 15], "rotation": {"angle": 0, "axis": "y", "origin": [8, -7.5, 8]}, "faces": {"north": {"uv": [8, 12, 15, 12.5], "rotation": 180, "texture": "#texture"}, "east": {"uv": [15, 12, 16, 15], "rotation": 90, "texture": "#texture"}, "south": {"uv": [8, 14, 15, 14.5], "texture": "#texture"}, "west": {"uv": [8, 12, 9, 15], "rotation": 270, "texture": "#texture"}, "up": {"uv": [8, 12, 15, 15], "texture": "#texture"}}}, {"from": [7.99, 0.49, 4.01], "to": [14.99, 0.99, 7.01], "rotation": {"angle": 0, "axis": "y", "origin": [8, -7.5, 8]}, "faces": {"north": {"uv": [8, 4, 15, 4.5], "rotation": 180, "texture": "#texture"}, "east": {"uv": [15, 4, 16, 7], "rotation": 90, "texture": "#texture"}, "south": {"uv": [8, 6, 15, 6.5], "texture": "#texture"}, "west": {"uv": [8, 4, 9, 7], "rotation": 270, "texture": "#texture"}, "up": {"uv": [8, 4, 15, 7], "texture": "#texture"}}}, {"from": [1.01, 0.49, 4.01], "to": [7.01, 0.99, 7.01], "rotation": {"angle": 0, "axis": "y", "origin": [8, -7.5, 8]}, "faces": {"north": {"uv": [1, 4, 7, 4.5], "rotation": 180, "texture": "#texture"}, "east": {"uv": [6, 4, 7, 7], "rotation": 90, "texture": "#texture"}, "south": {"uv": [1, 6, 7, 6.5], "texture": "#texture"}, "west": {"uv": [0, 4, 1, 7], "rotation": 270, "texture": "#texture"}, "up": {"uv": [1, 4, 7, 7], "texture": "#texture"}}}, {"from": [1.01, 0.49, 12], "to": [7.01, 0.99, 15], "rotation": {"angle": 0, "axis": "y", "origin": [8, -7.5, 8]}, "faces": {"north": {"uv": [1, 12, 7, 12.5], "rotation": 180, "texture": "#texture"}, "east": {"uv": [6, 12, 7, 15], "rotation": 90, "texture": "#texture"}, "south": {"uv": [1, 14, 7, 14.5], "texture": "#texture"}, "west": {"uv": [0, 12, 1, 15], "rotation": 270, "texture": "#texture"}, "up": {"uv": [1, 12, 7, 15], "texture": "#texture"}}}, {"from": [1.01, 0.49, 7.99], "to": [15.01, 0.99, 10.99], "rotation": {"angle": 0, "axis": "y", "origin": [8, -7.5, 8]}, "faces": {"north": {"uv": [1, 8, 15, 8.5], "rotation": 180, "texture": "#texture"}, "east": {"uv": [14, 8, 15, 11], "rotation": 90, "texture": "#texture"}, "south": {"uv": [1, 10, 15, 10.5], "texture": "#texture"}, "west": {"uv": [0, 8, 1, 11], "rotation": 270, "texture": "#texture"}, "up": {"uv": [1, 8, 15, 11], "texture": "#texture"}}}, {"from": [1.01, -0.49, 13.01], "to": [15.01, 0.01, 14.99], "faces": {"north": {"uv": [1, 2, 15, 2.5], "rotation": 180, "texture": "#texture"}, "east": {"uv": [14, 0, 15, 3], "rotation": 270, "texture": "#texture"}, "south": {"uv": [1, 0, 15, 0.5], "texture": "#texture"}, "west": {"uv": [0, 0, 1, 3], "rotation": 90, "texture": "#texture", "cullface": "down"}, "down": {"uv": [1, 1, 15, 2.98], "texture": "#texture", "cullface": "down"}}}, {"from": [7.99, -0.49, 1], "to": [14.99, 0.01, 4], "faces": {"north": {"uv": [8, 14, 15, 14.5], "rotation": 180, "texture": "#texture", "cullface": "down"}, "east": {"uv": [15, 12, 16, 15], "rotation": 270, "texture": "#texture", "cullface": "down"}, "south": {"uv": [8, 12, 15, 12.5], "texture": "#texture", "cullface": "down"}, "west": {"uv": [8, 12, 9, 15], "rotation": 90, "texture": "#texture", "cullface": "down"}, "down": {"uv": [8, 12, 15, 15], "texture": "#texture", "cullface": "down"}}}, {"from": [7.99, -0.49, 8.99], "to": [14.99, 0.01, 11.99], "faces": {"north": {"uv": [8, 6, 15, 6.5], "rotation": 180, "texture": "#texture", "cullface": "down"}, "east": {"uv": [15, 4, 16, 7], "rotation": 270, "texture": "#texture", "cullface": "down"}, "south": {"uv": [8, 4, 15, 4.5], "texture": "#texture", "cullface": "down"}, "west": {"uv": [8, 4, 9, 7], "rotation": 90, "texture": "#texture", "cullface": "down"}, "down": {"uv": [8, 4, 15, 7], "texture": "#texture", "cullface": "down"}}}, {"from": [1.01, -0.49, 8.99], "to": [7.01, 0.01, 11.99], "faces": {"north": {"uv": [1, 6, 7, 6.5], "rotation": 180, "texture": "#texture", "cullface": "down"}, "east": {"uv": [6, 4, 7, 7], "rotation": 270, "texture": "#texture", "cullface": "down"}, "south": {"uv": [1, 4, 7, 4.5], "texture": "#texture", "cullface": "down"}, "west": {"uv": [0, 4, 1, 7], "rotation": 90, "texture": "#texture", "cullface": "down"}, "down": {"uv": [1, 4, 7, 7], "texture": "#texture", "cullface": "down"}}}, {"from": [1.01, -0.49, 1], "to": [7.01, 0.01, 4], "faces": {"north": {"uv": [1, 14, 7, 14.5], "rotation": 180, "texture": "#texture", "cullface": "down"}, "east": {"uv": [6, 12, 7, 15], "rotation": 270, "texture": "#texture", "cullface": "down"}, "south": {"uv": [1, 12, 7, 12.5], "texture": "#texture", "cullface": "down"}, "west": {"uv": [0, 12, 1, 15], "rotation": 90, "texture": "#texture", "cullface": "down"}, "down": {"uv": [1, 12, 7, 15], "texture": "#texture", "cullface": "down"}}}, {"from": [1.01, -0.49, 5.01], "to": [15.01, 0.01, 8.01], "faces": {"north": {"uv": [1, 10, 15, 10.5], "rotation": 180, "texture": "#texture"}, "east": {"uv": [14, 8, 15, 11], "rotation": 270, "texture": "#texture"}, "south": {"uv": [1, 8, 15, 8.5], "texture": "#texture"}, "west": {"uv": [0, 8, 1, 11], "rotation": 90, "texture": "#texture", "cullface": "down"}, "down": {"uv": [1, 8, 15, 11], "texture": "#texture", "cullface": "down"}}}], "display": {"thirdperson_righthand": {"rotation": [75, 45, 0], "translation": [0, 2.5, 0], "scale": [0.375, 0.375, 0.375]}, "thirdperson_lefthand": {"rotation": [75, 45, 0], "translation": [0, 2.5, 0], "scale": [0.375, 0.375, 0.375]}, "firstperson_righthand": {"rotation": [0, 45, 0], "scale": [0.4, 0.4, 0.4]}, "firstperson_lefthand": {"rotation": [0, 225, 0], "scale": [0.4, 0.4, 0.4]}, "ground": {"translation": [0, 3, 0], "scale": [0.25, 0.25, 0.25]}, "gui": {"rotation": [30, 225, 0], "scale": [0.625, 0.625, 0.625]}, "fixed": {"scale": [0.5, 0.5, 0.5]}}, "groups": [0, {"name": "up", "origin": [8, 8, 8], "children": [1, 2, 3, 4, 5, 6]}, {"name": "down", "origin": [8, 8, 8], "children": [7, 8, 9, 10, 11, 12]}]}