{"elements": [{"from": [5, 0, 8], "to": [11, 16, 16], "faces": {"east": {"uv": [0, 0, 8, 16], "texture": "#wall"}, "south": {"uv": [5, 0, 11, 16], "texture": "#wall", "cullface": "south"}, "west": {"uv": [8, 0, 16, 16], "texture": "#wall"}, "up": {"uv": [5, 8, 11, 16], "texture": "#wall", "cullface": "up"}, "down": {"uv": [5, 0, 11, 8], "texture": "#wall", "cullface": "down"}}}, {"from": [4.5, 0, 13], "to": [5, 3, 16], "faces": {"north": {"uv": [13, 13, 14, 16], "texture": "#wall"}, "south": {"uv": [15, 13, 16, 16], "texture": "#wall"}, "west": {"uv": [13, 13, 16, 16], "texture": "#wall"}, "up": {"uv": [13, 13, 16, 14], "rotation": 90, "texture": "#wall"}, "down": {"uv": [13, 15, 16, 16], "rotation": 270, "texture": "#wall"}}}, {"from": [4.5, 4, 8], "to": [5, 7, 10], "faces": {"south": {"uv": [9, 9, 10, 12], "texture": "#wall"}, "west": {"uv": [8, 9, 10, 12], "texture": "#wall"}, "up": {"uv": [8, 9, 10, 10], "rotation": 90, "texture": "#wall"}, "down": {"uv": [8, 11, 10, 12], "rotation": 270, "texture": "#wall"}}}, {"from": [4.5, 4, 11], "to": [5, 7, 14], "faces": {"north": {"uv": [11, 9, 12, 12], "texture": "#wall"}, "south": {"uv": [13, 9, 14, 12], "texture": "#wall"}, "west": {"uv": [11, 9, 14, 12], "texture": "#wall"}, "up": {"uv": [11, 9, 14, 10], "rotation": 90, "texture": "#wall"}, "down": {"uv": [11, 11, 14, 12], "rotation": 270, "texture": "#wall"}}}, {"from": [4.5, 12, 13], "to": [5, 15, 16], "faces": {"north": {"uv": [13, 1, 14, 4], "texture": "#wall"}, "south": {"uv": [15, 1, 16, 4], "texture": "#wall"}, "west": {"uv": [13, 1, 16, 4], "texture": "#wall"}, "up": {"uv": [13, 1, 16, 2], "rotation": 90, "texture": "#wall"}, "down": {"uv": [13, 3, 16, 4], "rotation": 270, "texture": "#wall"}}}, {"from": [4.5, 4, 15], "to": [5, 7, 16], "faces": {"north": {"uv": [15, 9, 16, 12], "texture": "#wall"}, "south": {"uv": [15, 9, 16, 12], "texture": "#wall"}, "west": {"uv": [15, 9, 16, 12], "texture": "#wall"}, "up": {"uv": [15, 9, 16, 10], "rotation": 90, "texture": "#wall"}, "down": {"uv": [15, 11, 16, 12], "rotation": 270, "texture": "#wall"}}}, {"from": [4.5, 8, 9], "to": [5, 11, 16], "faces": {"north": {"uv": [9, 5, 10, 8], "texture": "#wall"}, "south": {"uv": [15, 5, 16, 8], "texture": "#wall"}, "west": {"uv": [9, 5, 16, 8], "texture": "#wall"}, "up": {"uv": [9, 5, 16, 6], "rotation": 90, "texture": "#wall"}, "down": {"uv": [9, 7, 16, 8], "rotation": 270, "texture": "#wall"}}}, {"from": [4.5, 12, 8], "to": [5, 15, 12], "faces": {"south": {"uv": [11, 1, 12, 4], "texture": "#wall"}, "west": {"uv": [8, 1, 12, 4], "texture": "#wall"}, "up": {"uv": [8, 1, 12, 2], "rotation": 90, "texture": "#wall"}, "down": {"uv": [8, 3, 12, 4], "rotation": 270, "texture": "#wall"}}}, {"from": [4.5, 0, 8], "to": [5, 3, 12], "faces": {"south": {"uv": [11, 13, 12, 16], "texture": "#wall"}, "west": {"uv": [8, 13, 12, 16], "texture": "#wall"}, "up": {"uv": [8, 13, 12, 14], "rotation": 90, "texture": "#wall"}, "down": {"uv": [8, 15, 12, 16], "rotation": 270, "texture": "#wall"}}}, {"from": [5, 4, 16], "to": [6, 7, 16.5], "faces": {"east": {"uv": [9, 9, 10, 12], "texture": "#wall", "cullface": "south"}, "south": {"uv": [5, 9, 6, 12], "texture": "#wall", "cullface": "south"}, "west": {"uv": [5, 9, 6, 12], "texture": "#wall", "cullface": "south"}, "up": {"uv": [5, 9, 6, 10], "texture": "#wall", "cullface": "south"}, "down": {"uv": [5, 11, 6, 12], "texture": "#wall", "cullface": "south"}}}, {"from": [7, 4, 16], "to": [10, 7, 16.5], "faces": {"east": {"uv": [9, 9, 10, 12], "texture": "#wall", "cullface": "south"}, "south": {"uv": [7, 9, 10, 12], "texture": "#wall", "cullface": "south"}, "west": {"uv": [7, 9, 8, 12], "texture": "#wall", "cullface": "south"}, "up": {"uv": [7, 9, 10, 10], "texture": "#wall", "cullface": "south"}, "down": {"uv": [7, 11, 10, 12], "texture": "#wall", "cullface": "south"}}}, {"from": [5, 8, 16], "to": [8, 11, 16.5], "faces": {"east": {"uv": [7, 5, 8, 8], "texture": "#wall", "cullface": "south"}, "south": {"uv": [5, 5, 8, 8], "texture": "#wall", "cullface": "south"}, "west": {"uv": [5, 5, 6, 8], "texture": "#wall", "cullface": "south"}, "up": {"uv": [5, 5, 8, 6], "texture": "#wall", "cullface": "south"}, "down": {"uv": [5, 7, 8, 8], "texture": "#wall", "cullface": "south"}}}, {"from": [9, 8, 16], "to": [11, 11, 16.5], "faces": {"east": {"uv": [10, 5, 11, 8], "texture": "#wall", "cullface": "south"}, "south": {"uv": [9, 5, 11, 8], "texture": "#wall", "cullface": "south"}, "west": {"uv": [9, 5, 10, 8], "texture": "#wall", "cullface": "south"}, "up": {"uv": [9, 5, 11, 6], "texture": "#wall", "cullface": "south"}, "down": {"uv": [9, 7, 11, 8], "texture": "#wall", "cullface": "south"}}}, {"from": [5, 12, 16], "to": [11, 15, 16.5], "faces": {"east": {"uv": [10, 1, 11, 4], "texture": "#wall", "cullface": "south"}, "south": {"uv": [5, 1, 11, 4], "texture": "#wall", "cullface": "south"}, "west": {"uv": [5, 1, 6, 4], "texture": "#wall", "cullface": "south"}, "up": {"uv": [5, 1, 11, 2], "texture": "#wall", "cullface": "south"}, "down": {"uv": [5, 3, 11, 4], "texture": "#wall", "cullface": "south"}}}, {"from": [5, 0, 16], "to": [11, 3, 16.5], "faces": {"east": {"uv": [10, 13, 11, 16], "texture": "#wall", "cullface": "south"}, "south": {"uv": [5, 13, 11, 16], "texture": "#wall", "cullface": "south"}, "west": {"uv": [5, 13, 6, 16], "texture": "#wall", "cullface": "south"}, "up": {"uv": [5, 13, 11, 14], "texture": "#wall", "cullface": "south"}, "down": {"uv": [5, 15, 11, 16], "texture": "#wall", "cullface": "south"}}}, {"from": [11, 4, 10], "to": [11.5, 7, 13], "faces": {"north": {"uv": [9, 9, 10, 12], "texture": "#wall"}, "east": {"uv": [3, 9, 6, 12], "texture": "#wall"}, "south": {"uv": [3, 9, 4, 12], "texture": "#wall"}, "up": {"uv": [3, 9, 6, 10], "rotation": 270, "texture": "#wall"}, "down": {"uv": [3, 11, 6, 12], "rotation": 90, "texture": "#wall"}}}, {"from": [11, 4, 8], "to": [11.5, 7, 9], "faces": {"east": {"uv": [7, 9, 8, 12], "texture": "#wall"}, "south": {"uv": [7, 9, 8, 12], "texture": "#wall"}, "up": {"uv": [7, 9, 8, 10], "rotation": 270, "texture": "#wall"}, "down": {"uv": [7, 11, 8, 12], "rotation": 90, "texture": "#wall"}}}, {"from": [11, 4, 14], "to": [11.5, 7, 16], "faces": {"north": {"uv": [1, 9, 2, 12], "texture": "#wall"}, "east": {"uv": [0, 9, 2, 12], "texture": "#wall"}, "south": {"uv": [0, 9, 1, 12], "texture": "#wall"}, "up": {"uv": [0, 9, 2, 10], "rotation": 270, "texture": "#wall"}, "down": {"uv": [0, 11, 2, 12], "rotation": 90, "texture": "#wall"}}}, {"from": [11, 12, 12], "to": [11.5, 15, 16], "faces": {"north": {"uv": [3, 1, 4, 4], "texture": "#wall"}, "east": {"uv": [0, 1, 4, 4], "texture": "#wall"}, "south": {"uv": [0, 1, 1, 4], "texture": "#wall"}, "up": {"uv": [0, 1, 4, 2], "rotation": 270, "texture": "#wall"}, "down": {"uv": [0, 3, 4, 4], "rotation": 90, "texture": "#wall"}}}, {"from": [11, 0, 12], "to": [11.5, 3, 16], "faces": {"north": {"uv": [3, 13, 4, 16], "texture": "#wall"}, "east": {"uv": [0, 13, 4, 16], "texture": "#wall"}, "south": {"uv": [0, 13, 1, 16], "texture": "#wall"}, "up": {"uv": [0, 13, 4, 14], "rotation": 270, "texture": "#wall"}, "down": {"uv": [0, 15, 4, 16], "rotation": 90, "texture": "#wall"}}}, {"from": [11, 8, 8], "to": [11.5, 11, 15], "faces": {"north": {"uv": [7, 5, 8, 8], "texture": "#wall"}, "east": {"uv": [1, 5, 8, 8], "texture": "#wall"}, "south": {"uv": [1, 5, 2, 8], "texture": "#wall"}, "up": {"uv": [1, 5, 8, 6], "rotation": 270, "texture": "#wall"}, "down": {"uv": [1, 7, 8, 8], "rotation": 90, "texture": "#wall"}}}, {"from": [11, 12, 8], "to": [11.5, 15, 11], "faces": {"east": {"uv": [5, 1, 8, 4], "texture": "#wall"}, "south": {"uv": [5, 1, 6, 4], "texture": "#wall"}, "up": {"uv": [5, 1, 8, 2], "rotation": 270, "texture": "#wall"}, "down": {"uv": [5, 3, 8, 4], "rotation": 90, "texture": "#wall"}}}, {"from": [11, 0, 8], "to": [11.5, 3, 11], "faces": {"east": {"uv": [5, 13, 8, 16], "texture": "#wall"}, "south": {"uv": [5, 13, 6, 16], "texture": "#wall"}, "up": {"uv": [5, 13, 8, 14], "rotation": 270, "texture": "#wall"}, "down": {"uv": [5, 15, 8, 16], "rotation": 90, "texture": "#wall"}}}, {"from": [5, -0.5, 8], "to": [8, 0, 11], "faces": {"north": {"uv": [8, 8, 5, 7], "texture": "#wall", "cullface": "down"}, "east": {"uv": [8, 8, 7, 5], "rotation": 90, "texture": "#wall", "cullface": "down"}, "south": {"uv": [8, 6, 5, 5], "rotation": 180, "texture": "#wall", "cullface": "down"}, "west": {"uv": [6, 8, 5, 5], "rotation": 270, "texture": "#wall", "cullface": "down"}, "down": {"uv": [8, 8, 5, 5], "rotation": 180, "texture": "#wall", "cullface": "down"}}}, {"from": [9, -0.5, 8], "to": [11, 0, 11], "faces": {"north": {"uv": [11, 8, 9, 7], "texture": "#wall", "cullface": "down"}, "east": {"uv": [11, 8, 10, 5], "rotation": 90, "texture": "#wall", "cullface": "down"}, "south": {"uv": [11, 6, 9, 5], "rotation": 180, "texture": "#wall", "cullface": "down"}, "west": {"uv": [10, 8, 9, 5], "rotation": 270, "texture": "#wall", "cullface": "down"}, "down": {"uv": [11, 8, 9, 5], "rotation": 180, "texture": "#wall", "cullface": "down"}}}, {"from": [5, -0.5, 12], "to": [11, 0, 15], "faces": {"north": {"uv": [12, 4, 5, 3], "texture": "#wall", "cullface": "down"}, "east": {"uv": [12, 4, 11, 1], "rotation": 90, "texture": "#wall", "cullface": "down"}, "south": {"uv": [12, 2, 5, 1], "rotation": 180, "texture": "#wall", "cullface": "down"}, "west": {"uv": [6, 4, 5, 1], "rotation": 270, "texture": "#wall", "cullface": "down"}, "down": {"uv": [12, 4, 5, 1], "rotation": 180, "texture": "#wall", "cullface": "down"}}}, {"from": [5, 16, 9], "to": [6, 16.5, 12], "faces": {"north": {"uv": [6, 10, 5, 9], "texture": "#wall", "cullface": "up"}, "east": {"uv": [6, 12, 5, 9], "rotation": 270, "texture": "#wall", "cullface": "up"}, "south": {"uv": [6, 12, 5, 11], "rotation": 180, "texture": "#wall", "cullface": "up"}, "west": {"uv": [6, 12, 5, 9], "rotation": 90, "texture": "#wall", "cullface": "up"}, "up": {"uv": [6, 12, 5, 9], "rotation": 180, "texture": "#wall", "cullface": "up"}}}, {"from": [7, 16, 9], "to": [10, 16.5, 12], "faces": {"north": {"uv": [10, 10, 7, 9], "texture": "#wall", "cullface": "up"}, "east": {"uv": [10, 12, 9, 9], "rotation": 270, "texture": "#wall", "cullface": "up"}, "south": {"uv": [10, 12, 7, 11], "rotation": 180, "texture": "#wall", "cullface": "up"}, "west": {"uv": [8, 12, 7, 9], "rotation": 90, "texture": "#wall", "cullface": "up"}, "up": {"uv": [10, 12, 7, 9], "rotation": 180, "texture": "#wall", "cullface": "up"}}}, {"from": [5, 16, 13], "to": [11, 16.5, 16], "faces": {"north": {"uv": [11, 14, 5, 13], "texture": "#wall", "cullface": "up"}, "east": {"uv": [11, 16, 10, 13], "rotation": 270, "texture": "#wall", "cullface": "up"}, "south": {"uv": [11, 16, 5, 15], "rotation": 180, "texture": "#wall", "cullface": "up"}, "west": {"uv": [6, 16, 5, 13], "rotation": 90, "texture": "#wall", "cullface": "up"}, "up": {"uv": [11, 16, 5, 13], "rotation": 180, "texture": "#wall", "cullface": "up"}}}], "display": {"thirdperson_righthand": {"rotation": [75, 45, 0], "translation": [0, 2.5, 0], "scale": [0.375, 0.375, 0.375]}, "thirdperson_lefthand": {"rotation": [75, 45, 0], "translation": [0, 2.5, 0], "scale": [0.375, 0.375, 0.375]}, "firstperson_righthand": {"rotation": [0, 45, 0], "scale": [0.4, 0.4, 0.4]}, "firstperson_lefthand": {"rotation": [0, 225, 0], "scale": [0.4, 0.4, 0.4]}, "ground": {"translation": [0, 3, 0], "scale": [0.25, 0.25, 0.25]}, "gui": {"rotation": [30, 225, 0], "scale": [0.625, 0.625, 0.625]}, "fixed": {"scale": [0.5, 0.5, 0.5]}}, "groups": [0, {"name": "south", "origin": [8, 8, 8], "color": 0, "children": [1, 2, 3, 4, 5, 6, 7, 8]}, {"name": "east", "origin": [8, 8, 8], "color": 0, "children": [9, 10, 11, 12, 13, 14]}, {"name": "north", "origin": [8, 8, 8], "color": 0, "children": [15, 16, 17, 18, 19, 20, 21, 22]}, {"name": "up", "origin": [8, 8, 8], "color": 0, "children": [23, 24, 25]}, {"name": "down", "origin": [8, 8, 8], "color": 0, "children": [26, 27, 28]}]}