{"textures": {"particle": "#side"}, "elements": [{"from": [0, 0, 0], "to": [16, 16, 16], "faces": {"north": {"uv": [0, 0, 16, 16], "texture": "#side", "cullface": "north"}, "east": {"uv": [0, 0, 16, 16], "texture": "#side", "cullface": "east"}, "south": {"uv": [0, 0, 16, 16], "texture": "#side", "cullface": "south"}, "west": {"uv": [0, 0, 16, 16], "texture": "#side", "cullface": "west"}, "up": {"uv": [0, 0, 16, 16], "texture": "#top", "cullface": "up"}, "down": {"uv": [0, 0, 16, 16], "texture": "#bottom", "cullface": "down"}}}, {"from": [2, 2, -0.4892876423474838], "to": [3, 3, 0], "faces": {"north": {"uv": [13, 13, 14, 14], "texture": "#side", "cullface": "north"}, "east": {"uv": [13, 13, 14, 14], "texture": "#side", "cullface": "north"}, "up": {"uv": [13, 13, 14, 14], "rotation": 180, "texture": "#side", "cullface": "north"}, "down": {"uv": [13, 13, 14, 14], "rotation": 180, "texture": "#side", "cullface": "north"}}}, {"from": [2, 0.010151023173863988, -0.4892876423474838], "to": [7, 1, 0], "faces": {"north": {"uv": [9, 15, 14, 16], "texture": "#side", "cullface": "north"}, "east": {"uv": [9, 15, 10, 16], "texture": "#side", "cullface": "north"}, "west": {"uv": [13, 15, 14, 16], "texture": "#side", "cullface": "north"}, "up": {"uv": [9, 15, 14, 16], "rotation": 180, "texture": "#side", "cullface": "north"}, "down": {"uv": [9, 15, 14, 16], "rotation": 180, "texture": "#side", "cullface": "north"}}}, {"from": [9, 0.010333408388029867, -0.4892876423474838], "to": [11, 1, 0], "faces": {"north": {"uv": [5, 15, 7, 16], "texture": "#side", "cullface": "north"}, "east": {"uv": [5, 15, 6, 16], "texture": "#side", "cullface": "north"}, "west": {"uv": [6, 15, 7, 16], "texture": "#side", "cullface": "north"}, "up": {"uv": [5, 15, 7, 16], "rotation": 180, "texture": "#side", "cullface": "north"}, "down": {"uv": [5, 15, 7, 16], "rotation": 180, "texture": "#side", "cullface": "north"}}}, {"from": [14, 0.010789623158925782, -0.4892876423474838], "to": [15, 1, 0], "faces": {"north": {"uv": [1, 15, 2, 16], "texture": "#side", "cullface": "north"}, "west": {"uv": [1, 15, 2, 16], "texture": "#side", "cullface": "north"}, "up": {"uv": [1, 15, 2, 16], "rotation": 180, "texture": "#side", "cullface": "north"}, "down": {"uv": [1, 15, 2, 16], "rotation": 180, "texture": "#side", "cullface": "north"}}}, {"from": [15, 0.01071849942277154, -0.4892876423474838], "to": [15.989281500577228, 3, 0], "faces": {"north": {"uv": [0, 13, 1, 16], "texture": "#side", "cullface": "north"}, "east": {"uv": [0, 13, 1, 16], "texture": "#side", "cullface": "north"}, "west": {"uv": [0, 13, 1, 16], "texture": "#side", "cullface": "north"}, "up": {"uv": [0, 13, 1, 14], "rotation": 180, "texture": "#side", "cullface": "north"}, "down": {"uv": [0, 15, 1, 16], "rotation": 180, "texture": "#side", "cullface": "north"}}}, {"from": [12, 1, -0.4892876423474838], "to": [14, 2, 0], "faces": {"north": {"uv": [2, 14, 4, 15], "texture": "#side", "cullface": "north"}, "east": {"uv": [2, 14, 3, 15], "texture": "#side", "cullface": "north"}, "west": {"uv": [3, 14, 4, 15], "texture": "#side", "cullface": "north"}, "down": {"uv": [2, 14, 4, 15], "rotation": 180, "texture": "#side", "cullface": "north"}}}, {"from": [11, 2, -0.4892876423474838], "to": [14, 3, 0], "faces": {"north": {"uv": [2, 13, 5, 14], "texture": "#side", "cullface": "north"}, "east": {"uv": [2, 13, 3, 14], "texture": "#side", "cullface": "north"}, "west": {"uv": [4, 13, 5, 14], "texture": "#side", "cullface": "north"}, "up": {"uv": [2, 13, 5, 14], "rotation": 180, "texture": "#side", "cullface": "north"}, "down": {"uv": [2, 13, 5, 14], "rotation": 180, "texture": "#side", "cullface": "north"}}}, {"from": [10, 3, -0.4892876423474838], "to": [13, 4, 0], "faces": {"north": {"uv": [3, 12, 6, 13], "texture": "#side", "cullface": "north"}, "east": {"uv": [3, 12, 4, 13], "texture": "#side", "cullface": "north"}, "west": {"uv": [5, 12, 6, 13], "texture": "#side", "cullface": "north"}, "up": {"uv": [3, 12, 6, 13], "rotation": 180, "texture": "#side", "cullface": "north"}, "down": {"uv": [3, 12, 6, 13], "rotation": 180, "texture": "#side", "cullface": "north"}}}, {"from": [13, 4, -0.4892876423474838], "to": [15.989836139454324, 6, 0], "faces": {"north": {"uv": [0, 10, 3, 12], "texture": "#side", "cullface": "north"}, "east": {"uv": [0, 10, 1, 12], "texture": "#side", "cullface": "north"}, "west": {"uv": [2, 10, 3, 12], "texture": "#side", "cullface": "north"}, "up": {"uv": [0, 10, 3, 11], "rotation": 180, "texture": "#side", "cullface": "north"}, "down": {"uv": [0, 11, 3, 12], "rotation": 180, "texture": "#side", "cullface": "north"}}}, {"from": [14, 3, -0.4892876423474838], "to": [15, 4, 0], "faces": {"north": {"uv": [1, 12, 2, 13], "texture": "#side", "cullface": "north"}, "east": {"uv": [1, 12, 2, 13], "texture": "#side", "cullface": "north"}, "west": {"uv": [1, 12, 2, 13], "texture": "#side", "cullface": "north"}, "down": {"uv": [1, 12, 2, 13], "rotation": 180, "texture": "#side", "cullface": "north"}}}, {"from": [14, 7, -0.4892876423474838], "to": [15, 8, 0], "faces": {"north": {"uv": [1, 8, 2, 9], "texture": "#side", "cullface": "north"}, "east": {"uv": [1, 8, 2, 9], "texture": "#side", "cullface": "north"}, "west": {"uv": [1, 8, 2, 9], "texture": "#side", "cullface": "north"}, "down": {"uv": [1, 8, 2, 9], "rotation": 180, "texture": "#side", "cullface": "north"}}}, {"from": [12, 8, -0.4892876423474838], "to": [15.989605208017013, 9, 0], "faces": {"north": {"uv": [0, 7, 4, 8], "texture": "#side", "cullface": "north"}, "east": {"uv": [0, 7, 1, 8], "texture": "#side", "cullface": "north"}, "west": {"uv": [3, 7, 4, 8], "texture": "#side", "cullface": "north"}, "up": {"uv": [0, 7, 4, 8], "rotation": 180, "texture": "#side", "cullface": "north"}, "down": {"uv": [0, 7, 4, 8], "rotation": 180, "texture": "#side", "cullface": "north"}}}, {"from": [13, 9, -0.4892876423474838], "to": [15.989451515703427, 10, 0], "faces": {"north": {"uv": [0, 6, 3, 7], "texture": "#side", "cullface": "north"}, "east": {"uv": [0, 6, 1, 7], "texture": "#side", "cullface": "north"}, "west": {"uv": [2, 6, 3, 7], "texture": "#side", "cullface": "north"}, "up": {"uv": [0, 6, 3, 7], "rotation": 180, "texture": "#side", "cullface": "north"}}}, {"from": [14, 10, -0.4892876423474838], "to": [15.989706592998543, 11, 0], "faces": {"north": {"uv": [0, 5, 2, 6], "texture": "#side", "cullface": "north"}, "east": {"uv": [0, 5, 1, 6], "texture": "#side", "cullface": "north"}, "west": {"uv": [1, 5, 2, 6], "texture": "#side", "cullface": "north"}, "up": {"uv": [0, 5, 2, 6], "rotation": 180, "texture": "#side", "cullface": "north"}}}, {"from": [15, 11, -0.4892876423474838], "to": [15.989521935330849, 13, 0], "faces": {"north": {"uv": [0, 3, 1, 5], "texture": "#side", "cullface": "north"}, "east": {"uv": [0, 3, 1, 5], "texture": "#side", "cullface": "north"}, "west": {"uv": [0, 3, 1, 5], "texture": "#side", "cullface": "north"}, "up": {"uv": [0, 3, 1, 4], "rotation": 180, "texture": "#side", "cullface": "north"}}}, {"from": [0.010239706083638623, 14, -0.4892876423474838], "to": [15.989760293916362, 15.989760293916362, 0], "faces": {"north": {"uv": [0, 0, 16, 2], "texture": "#side", "cullface": "north"}, "east": {"uv": [0, 0, 1, 2], "texture": "#side", "cullface": "north"}, "west": {"uv": [15, 0, 16, 2], "texture": "#side", "cullface": "north"}, "up": {"uv": [0, 0, 16, 1], "rotation": 180, "texture": "#side", "cullface": "north"}, "down": {"uv": [0, 1, 16, 2], "rotation": 180, "texture": "#side", "cullface": "north"}}}, {"from": [9, 11, -0.4892876423474838], "to": [14, 13, 0], "faces": {"north": {"uv": [2, 3, 7, 5], "texture": "#side", "cullface": "north"}, "east": {"uv": [2, 3, 3, 5], "texture": "#side", "cullface": "north"}, "west": {"uv": [6, 3, 7, 5], "texture": "#side", "cullface": "north"}, "up": {"uv": [2, 3, 7, 4], "rotation": 180, "texture": "#side", "cullface": "north"}, "down": {"uv": [2, 4, 7, 5], "rotation": 180, "texture": "#side", "cullface": "north"}}}, {"from": [9, 10, -0.4892876423474838], "to": [12, 11, 0], "faces": {"north": {"uv": [4, 5, 7, 6], "texture": "#side", "cullface": "north"}, "east": {"uv": [4, 5, 5, 6], "texture": "#side", "cullface": "north"}, "west": {"uv": [6, 5, 7, 6], "texture": "#side", "cullface": "north"}, "down": {"uv": [4, 5, 7, 6], "rotation": 180, "texture": "#side", "cullface": "north"}}}, {"from": [8, 12, -0.4892876423474838], "to": [9, 13, 0], "faces": {"north": {"uv": [7, 3, 8, 4], "texture": "#side", "cullface": "north"}, "west": {"uv": [7, 3, 8, 4], "texture": "#side", "cullface": "north"}, "up": {"uv": [7, 3, 8, 4], "rotation": 180, "texture": "#side", "cullface": "north"}, "down": {"uv": [7, 3, 8, 4], "rotation": 180, "texture": "#side", "cullface": "north"}}}, {"from": [4, 12, -0.4892876423474838], "to": [7, 13, 0], "faces": {"north": {"uv": [9, 3, 12, 4], "texture": "#side", "cullface": "north"}, "east": {"uv": [9, 3, 10, 4], "texture": "#side", "cullface": "north"}, "west": {"uv": [11, 3, 12, 4], "texture": "#side", "cullface": "north"}, "up": {"uv": [9, 3, 12, 4], "rotation": 180, "texture": "#side", "cullface": "north"}}}, {"from": [3, 10, -0.4892876423474838], "to": [8, 12, 0], "faces": {"north": {"uv": [8, 4, 13, 6], "texture": "#side", "cullface": "north"}, "east": {"uv": [8, 4, 9, 6], "texture": "#side", "cullface": "north"}, "west": {"uv": [12, 4, 13, 6], "texture": "#side", "cullface": "north"}, "up": {"uv": [8, 4, 13, 5], "rotation": 180, "texture": "#side", "cullface": "north"}, "down": {"uv": [8, 5, 13, 6], "rotation": 180, "texture": "#side", "cullface": "north"}}}, {"from": [6, 8, -0.4892876423474838], "to": [7, 10, 0], "faces": {"north": {"uv": [9, 6, 10, 8], "texture": "#side", "cullface": "north"}, "east": {"uv": [9, 6, 10, 8], "texture": "#side", "cullface": "north"}, "west": {"uv": [9, 6, 10, 8], "texture": "#side", "cullface": "north"}, "down": {"uv": [9, 7, 10, 8], "rotation": 180, "texture": "#side", "cullface": "north"}}}, {"from": [5, 9, -0.4892876423474838], "to": [6, 10, 0], "faces": {"north": {"uv": [10, 6, 11, 7], "texture": "#side", "cullface": "north"}, "west": {"uv": [10, 6, 11, 7], "texture": "#side", "cullface": "north"}, "down": {"uv": [10, 6, 11, 7], "rotation": 180, "texture": "#side", "cullface": "north"}}}, {"from": [5, 6, -0.4892876423474838], "to": [6, 8, 0], "faces": {"north": {"uv": [10, 8, 11, 10], "texture": "#side", "cullface": "north"}, "east": {"uv": [10, 8, 11, 10], "texture": "#side", "cullface": "north"}, "up": {"uv": [10, 8, 11, 9], "rotation": 180, "texture": "#side", "cullface": "north"}, "down": {"uv": [10, 9, 11, 10], "rotation": 180, "texture": "#side", "cullface": "north"}}}, {"from": [0.01090865755439678, 6, -0.4892876423474838], "to": [1, 7, 0], "faces": {"north": {"uv": [15, 9, 16, 10], "texture": "#side", "cullface": "north"}, "west": {"uv": [15, 9, 16, 10], "texture": "#side", "cullface": "north"}, "up": {"uv": [15, 9, 16, 10], "rotation": 180, "texture": "#side", "cullface": "north"}, "down": {"uv": [15, 9, 16, 10], "rotation": 180, "texture": "#side", "cullface": "north"}}}, {"from": [8, 6, -0.4892876423474838], "to": [13, 7, 0], "faces": {"north": {"uv": [3, 9, 8, 10], "texture": "#side", "cullface": "north"}, "east": {"uv": [3, 9, 4, 10], "texture": "#side", "cullface": "north"}, "west": {"uv": [7, 9, 8, 10], "texture": "#side", "cullface": "north"}, "up": {"uv": [3, 9, 8, 10], "rotation": 180, "texture": "#side", "cullface": "north"}, "down": {"uv": [3, 9, 8, 10], "rotation": 180, "texture": "#side", "cullface": "north"}}}, {"from": [7, 7, -0.4892876423474838], "to": [12, 8, 0], "faces": {"north": {"uv": [4, 8, 9, 9], "texture": "#side", "cullface": "north"}, "east": {"uv": [4, 8, 5, 9], "texture": "#side", "cullface": "north"}, "west": {"uv": [8, 8, 9, 9], "texture": "#side", "cullface": "north"}, "up": {"uv": [4, 8, 9, 9], "rotation": 180, "texture": "#side", "cullface": "north"}, "down": {"uv": [4, 8, 9, 9], "rotation": 180, "texture": "#side", "cullface": "north"}}}, {"from": [8, 8, -0.4892876423474838], "to": [11, 9, 0], "faces": {"north": {"uv": [5, 7, 8, 8], "texture": "#side", "cullface": "north"}, "east": {"uv": [5, 7, 6, 8], "texture": "#side", "cullface": "north"}, "west": {"uv": [7, 7, 8, 8], "texture": "#side", "cullface": "north"}, "up": {"uv": [5, 7, 8, 8], "rotation": 180, "texture": "#side", "cullface": "north"}}}, {"from": [9, 5, -0.4892876423474838], "to": [12, 6, 0], "faces": {"north": {"uv": [4, 10, 7, 11], "texture": "#side", "cullface": "north"}, "east": {"uv": [4, 10, 5, 11], "texture": "#side", "cullface": "north"}, "west": {"uv": [6, 10, 7, 11], "texture": "#side", "cullface": "north"}, "down": {"uv": [4, 10, 7, 11], "rotation": 180, "texture": "#side", "cullface": "north"}}}, {"from": [6, 5, -0.4892876423474838], "to": [8, 6, 0], "faces": {"north": {"uv": [8, 10, 10, 11], "texture": "#side", "cullface": "north"}, "east": {"uv": [8, 10, 9, 11], "texture": "#side", "cullface": "north"}, "west": {"uv": [9, 10, 10, 11], "texture": "#side", "cullface": "north"}, "up": {"uv": [8, 10, 10, 11], "rotation": 180, "texture": "#side", "cullface": "north"}}}, {"from": [5, 4, -0.4892876423474838], "to": [9, 5, 0], "faces": {"north": {"uv": [7, 11, 11, 12], "texture": "#side", "cullface": "north"}, "east": {"uv": [7, 11, 8, 12], "texture": "#side", "cullface": "north"}, "west": {"uv": [10, 11, 11, 12], "texture": "#side", "cullface": "north"}, "up": {"uv": [7, 11, 11, 12], "rotation": 180, "texture": "#side", "cullface": "north"}}}, {"from": [4, 2, -0.4892876423474838], "to": [10, 3, 0], "faces": {"north": {"uv": [6, 13, 12, 14], "texture": "#side", "cullface": "north"}, "east": {"uv": [6, 13, 7, 14], "texture": "#side", "cullface": "north"}, "west": {"uv": [11, 13, 12, 14], "texture": "#side", "cullface": "north"}, "up": {"uv": [6, 13, 12, 14], "rotation": 180, "texture": "#side", "cullface": "north"}, "down": {"uv": [6, 13, 12, 14], "rotation": 180, "texture": "#side", "cullface": "north"}}}, {"from": [7, 1, -0.4892876423474838], "to": [9, 2, 0], "faces": {"north": {"uv": [7, 14, 9, 15], "texture": "#side", "cullface": "north"}, "east": {"uv": [7, 14, 8, 15], "texture": "#side", "cullface": "north"}, "west": {"uv": [8, 14, 9, 15], "texture": "#side", "cullface": "north"}, "down": {"uv": [7, 14, 9, 15], "rotation": 180, "texture": "#side", "cullface": "north"}}}, {"from": [3, 3, -0.4892876423474838], "to": [9, 4, 0], "faces": {"north": {"uv": [7, 12, 13, 13], "texture": "#side", "cullface": "north"}, "east": {"uv": [7, 12, 8, 13], "texture": "#side", "cullface": "north"}, "west": {"uv": [12, 12, 13, 13], "texture": "#side", "cullface": "north"}, "up": {"uv": [7, 12, 13, 13], "rotation": 180, "texture": "#side", "cullface": "north"}, "down": {"uv": [7, 12, 13, 13], "rotation": 180, "texture": "#side", "cullface": "north"}}}, {"from": [0.010894399778214575, 1, -0.4892876423474838], "to": [2, 4, 0], "faces": {"north": {"uv": [14, 12, 16, 15], "texture": "#side", "cullface": "north"}, "east": {"uv": [14, 12, 15, 15], "texture": "#side", "cullface": "north"}, "west": {"uv": [15, 12, 16, 15], "texture": "#side", "cullface": "north"}, "up": {"uv": [14, 12, 16, 13], "rotation": 180, "texture": "#side", "cullface": "north"}, "down": {"uv": [14, 14, 16, 15], "rotation": 180, "texture": "#side", "cullface": "north"}}}, {"from": [2, 4, -0.4892876423474838], "to": [3, 5, 0], "faces": {"north": {"uv": [13, 11, 14, 12], "texture": "#side", "cullface": "north"}, "east": {"uv": [13, 11, 14, 12], "texture": "#side", "cullface": "north"}, "west": {"uv": [13, 11, 14, 12], "texture": "#side", "cullface": "north"}, "down": {"uv": [13, 11, 14, 12], "rotation": 180, "texture": "#side", "cullface": "north"}}}, {"from": [0.010626742046806867, 9, -0.4892876423474838], "to": [1, 13, 0], "faces": {"north": {"uv": [15, 3, 16, 7], "texture": "#side", "cullface": "north"}, "east": {"uv": [15, 3, 16, 7], "texture": "#side", "cullface": "north"}, "west": {"uv": [15, 3, 16, 7], "texture": "#side", "cullface": "north"}, "up": {"uv": [15, 3, 16, 4], "rotation": 180, "texture": "#side", "cullface": "north"}, "down": {"uv": [15, 6, 16, 7], "rotation": 180, "texture": "#side", "cullface": "north"}}}, {"from": [1, 10, -0.4892876423474838], "to": [2, 12, 0], "faces": {"north": {"uv": [14, 4, 15, 6], "texture": "#side", "cullface": "north"}, "east": {"uv": [14, 4, 15, 6], "texture": "#side", "cullface": "north"}, "up": {"uv": [14, 4, 15, 5], "rotation": 180, "texture": "#side", "cullface": "north"}, "down": {"uv": [14, 5, 15, 6], "rotation": 180, "texture": "#side", "cullface": "north"}}}, {"from": [1, 5, -0.4892876423474838], "to": [5, 9, 0], "faces": {"north": {"uv": [11, 7, 15, 11], "texture": "#side", "cullface": "north"}, "east": {"uv": [11, 7, 12, 11], "texture": "#side", "cullface": "north"}, "west": {"uv": [14, 7, 15, 11], "texture": "#side", "cullface": "north"}, "up": {"uv": [11, 7, 15, 8], "rotation": 180, "texture": "#side", "cullface": "north"}, "down": {"uv": [11, 10, 15, 11], "rotation": 180, "texture": "#side", "cullface": "north"}}}, {"from": [16, 2, 2], "to": [16.48909728984938, 3, 3], "faces": {"east": {"uv": [13, 13, 14, 14], "texture": "#side", "cullface": "east"}, "south": {"uv": [13, 13, 14, 14], "texture": "#side", "cullface": "east"}, "up": {"uv": [13, 13, 14, 14], "rotation": 270, "texture": "#side", "cullface": "east"}, "down": {"uv": [13, 13, 14, 14], "rotation": 90, "texture": "#side", "cullface": "east"}}}, {"from": [16, 0.010065834677277301, 2], "to": [16.48909728984938, 1, 7], "faces": {"north": {"uv": [13, 15, 14, 16], "texture": "#side", "cullface": "east"}, "east": {"uv": [9, 15, 14, 16], "texture": "#side", "cullface": "east"}, "south": {"uv": [9, 15, 10, 16], "texture": "#side", "cullface": "east"}, "up": {"uv": [9, 15, 14, 16], "rotation": 270, "texture": "#side", "cullface": "east"}, "down": {"uv": [9, 15, 14, 16], "rotation": 90, "texture": "#side", "cullface": "east"}}}, {"from": [16, 0.010084669569120111, 9], "to": [16.48909728984938, 1, 11], "faces": {"north": {"uv": [6, 15, 7, 16], "texture": "#side", "cullface": "east"}, "east": {"uv": [5, 15, 7, 16], "texture": "#side", "cullface": "east"}, "south": {"uv": [5, 15, 6, 16], "texture": "#side", "cullface": "east"}, "up": {"uv": [5, 15, 7, 16], "rotation": 270, "texture": "#side", "cullface": "east"}, "down": {"uv": [5, 15, 7, 16], "rotation": 90, "texture": "#side", "cullface": "east"}}}, {"from": [16, 0.010749869571783087, 14], "to": [16.48909728984938, 1, 15], "faces": {"north": {"uv": [1, 15, 2, 16], "texture": "#side", "cullface": "east"}, "east": {"uv": [1, 15, 2, 16], "texture": "#side", "cullface": "east"}, "up": {"uv": [1, 15, 2, 16], "rotation": 270, "texture": "#side", "cullface": "east"}, "down": {"uv": [1, 15, 2, 16], "rotation": 90, "texture": "#side", "cullface": "east"}}}, {"from": [16, 0.010061156156545967, 15], "to": [16.48909728984938, 3, 15.989938843843454], "faces": {"north": {"uv": [0, 13, 1, 16], "texture": "#side", "cullface": "east"}, "east": {"uv": [0, 13, 1, 16], "texture": "#side", "cullface": "east"}, "south": {"uv": [0, 13, 1, 16], "texture": "#side", "cullface": "east"}, "up": {"uv": [0, 13, 1, 14], "rotation": 270, "texture": "#side", "cullface": "east"}, "down": {"uv": [0, 15, 1, 16], "rotation": 90, "texture": "#side", "cullface": "east"}}}, {"from": [16, 1, 12], "to": [16.48909728984938, 2, 14], "faces": {"north": {"uv": [3, 14, 4, 15], "texture": "#side", "cullface": "east"}, "east": {"uv": [2, 14, 4, 15], "texture": "#side", "cullface": "east"}, "south": {"uv": [2, 14, 3, 15], "texture": "#side", "cullface": "east"}, "down": {"uv": [2, 14, 4, 15], "rotation": 90, "texture": "#side", "cullface": "east"}}}, {"from": [16, 2, 11], "to": [16.48909728984938, 3, 14], "faces": {"north": {"uv": [4, 13, 5, 14], "texture": "#side", "cullface": "east"}, "east": {"uv": [2, 13, 5, 14], "texture": "#side", "cullface": "east"}, "south": {"uv": [2, 13, 3, 14], "texture": "#side", "cullface": "east"}, "up": {"uv": [2, 13, 5, 14], "rotation": 270, "texture": "#side", "cullface": "east"}, "down": {"uv": [2, 13, 5, 14], "rotation": 90, "texture": "#side", "cullface": "east"}}}, {"from": [16, 3, 10], "to": [16.48909728984938, 4, 13], "faces": {"north": {"uv": [5, 12, 6, 13], "texture": "#side", "cullface": "east"}, "east": {"uv": [3, 12, 6, 13], "texture": "#side", "cullface": "east"}, "south": {"uv": [3, 12, 4, 13], "texture": "#side", "cullface": "east"}, "up": {"uv": [3, 12, 6, 13], "rotation": 270, "texture": "#side", "cullface": "east"}, "down": {"uv": [3, 12, 6, 13], "rotation": 90, "texture": "#side", "cullface": "east"}}}, {"from": [16, 4, 13], "to": [16.48909728984938, 6, 15.989551455714404], "faces": {"north": {"uv": [2, 10, 3, 12], "texture": "#side", "cullface": "east"}, "east": {"uv": [0, 10, 3, 12], "texture": "#side", "cullface": "east"}, "south": {"uv": [0, 10, 1, 12], "texture": "#side", "cullface": "east"}, "up": {"uv": [0, 10, 3, 11], "rotation": 270, "texture": "#side", "cullface": "east"}, "down": {"uv": [0, 11, 3, 12], "rotation": 90, "texture": "#side", "cullface": "east"}}}, {"from": [16, 3, 14], "to": [16.48909728984938, 4, 15], "faces": {"north": {"uv": [1, 12, 2, 13], "texture": "#side", "cullface": "east"}, "east": {"uv": [1, 12, 2, 13], "texture": "#side", "cullface": "east"}, "south": {"uv": [1, 12, 2, 13], "texture": "#side", "cullface": "east"}, "down": {"uv": [1, 12, 2, 13], "rotation": 90, "texture": "#side", "cullface": "east"}}}, {"from": [16, 7, 14], "to": [16.48909728984938, 8, 15], "faces": {"north": {"uv": [1, 8, 2, 9], "texture": "#side", "cullface": "east"}, "east": {"uv": [1, 8, 2, 9], "texture": "#side", "cullface": "east"}, "south": {"uv": [1, 8, 2, 9], "texture": "#side", "cullface": "east"}, "down": {"uv": [1, 8, 2, 9], "rotation": 90, "texture": "#side", "cullface": "east"}}}, {"from": [16, 8, 12], "to": [16.48909728984938, 9, 15.989320697432628], "faces": {"north": {"uv": [3, 7, 4, 8], "texture": "#side", "cullface": "east"}, "east": {"uv": [0, 7, 4, 8], "texture": "#side", "cullface": "east"}, "south": {"uv": [0, 7, 1, 8], "texture": "#side", "cullface": "east"}, "up": {"uv": [0, 7, 4, 8], "rotation": 270, "texture": "#side", "cullface": "east"}, "down": {"uv": [0, 7, 4, 8], "rotation": 90, "texture": "#side", "cullface": "east"}}}, {"from": [16, 9, 13], "to": [16.48909728984938, 10, 15.989576961926492], "faces": {"north": {"uv": [2, 6, 3, 7], "texture": "#side", "cullface": "east"}, "east": {"uv": [0, 6, 3, 7], "texture": "#side", "cullface": "east"}, "south": {"uv": [0, 6, 1, 7], "texture": "#side", "cullface": "east"}, "up": {"uv": [0, 6, 3, 7], "rotation": 270, "texture": "#side", "cullface": "east"}}}, {"from": [16, 10, 14], "to": [16.48909728984938, 11, 15.989631668543666], "faces": {"north": {"uv": [1, 5, 2, 6], "texture": "#side", "cullface": "east"}, "east": {"uv": [0, 5, 2, 6], "texture": "#side", "cullface": "east"}, "south": {"uv": [0, 5, 1, 6], "texture": "#side", "cullface": "east"}, "up": {"uv": [0, 5, 2, 6], "rotation": 270, "texture": "#side", "cullface": "east"}}}, {"from": [16, 11, 15], "to": [16.48909728984938, 13, 15.9890115409419], "faces": {"north": {"uv": [0, 3, 1, 5], "texture": "#side", "cullface": "east"}, "east": {"uv": [0, 3, 1, 5], "texture": "#side", "cullface": "east"}, "south": {"uv": [0, 3, 1, 5], "texture": "#side", "cullface": "east"}, "up": {"uv": [0, 3, 1, 4], "rotation": 270, "texture": "#side", "cullface": "east"}}}, {"from": [16, 14, 0.010260916535446257], "to": [16.48909728984938, 15.989739083464555, 15.989739083464555], "faces": {"north": {"uv": [15, 0, 16, 2], "texture": "#side", "cullface": "east"}, "east": {"uv": [0, 0, 16, 2], "texture": "#side", "cullface": "east"}, "south": {"uv": [0, 0, 1, 2], "texture": "#side", "cullface": "east"}, "up": {"uv": [0, 0, 16, 1], "rotation": 270, "texture": "#side", "cullface": "east"}, "down": {"uv": [0, 1, 16, 2], "rotation": 90, "texture": "#side", "cullface": "east"}}}, {"from": [16, 11, 9], "to": [16.48909728984938, 13, 14], "faces": {"north": {"uv": [6, 3, 7, 5], "texture": "#side", "cullface": "east"}, "east": {"uv": [2, 3, 7, 5], "texture": "#side", "cullface": "east"}, "south": {"uv": [2, 3, 3, 5], "texture": "#side", "cullface": "east"}, "up": {"uv": [2, 3, 7, 4], "rotation": 270, "texture": "#side", "cullface": "east"}, "down": {"uv": [2, 4, 7, 5], "rotation": 90, "texture": "#side", "cullface": "east"}}}, {"from": [16, 10, 9], "to": [16.48909728984938, 11, 12], "faces": {"north": {"uv": [6, 5, 7, 6], "texture": "#side", "cullface": "east"}, "east": {"uv": [4, 5, 7, 6], "texture": "#side", "cullface": "east"}, "south": {"uv": [4, 5, 5, 6], "texture": "#side", "cullface": "east"}, "down": {"uv": [4, 5, 7, 6], "rotation": 90, "texture": "#side", "cullface": "east"}}}, {"from": [16, 12, 8], "to": [16.48909728984938, 13, 9], "faces": {"north": {"uv": [7, 3, 8, 4], "texture": "#side", "cullface": "east"}, "east": {"uv": [7, 3, 8, 4], "texture": "#side", "cullface": "east"}, "up": {"uv": [7, 3, 8, 4], "rotation": 270, "texture": "#side", "cullface": "east"}, "down": {"uv": [7, 3, 8, 4], "rotation": 90, "texture": "#side", "cullface": "east"}}}, {"from": [16, 12, 4], "to": [16.48909728984938, 13, 7], "faces": {"north": {"uv": [11, 3, 12, 4], "texture": "#side", "cullface": "east"}, "east": {"uv": [9, 3, 12, 4], "texture": "#side", "cullface": "east"}, "south": {"uv": [9, 3, 10, 4], "texture": "#side", "cullface": "east"}, "up": {"uv": [9, 3, 12, 4], "rotation": 270, "texture": "#side", "cullface": "east"}}}, {"from": [16, 10, 3], "to": [16.48909728984938, 12, 8], "faces": {"north": {"uv": [12, 4, 13, 6], "texture": "#side", "cullface": "east"}, "east": {"uv": [8, 4, 13, 6], "texture": "#side", "cullface": "east"}, "south": {"uv": [8, 4, 9, 6], "texture": "#side", "cullface": "east"}, "up": {"uv": [8, 4, 13, 5], "rotation": 270, "texture": "#side", "cullface": "east"}, "down": {"uv": [8, 5, 13, 6], "rotation": 90, "texture": "#side", "cullface": "east"}}}, {"from": [16, 8, 6], "to": [16.48909728984938, 10, 7], "faces": {"north": {"uv": [9, 6, 10, 8], "texture": "#side", "cullface": "east"}, "east": {"uv": [9, 6, 10, 8], "texture": "#side", "cullface": "east"}, "south": {"uv": [9, 6, 10, 8], "texture": "#side", "cullface": "east"}, "down": {"uv": [9, 7, 10, 8], "rotation": 90, "texture": "#side", "cullface": "east"}}}, {"from": [16, 9, 5], "to": [16.48909728984938, 10, 6], "faces": {"north": {"uv": [10, 6, 11, 7], "texture": "#side", "cullface": "east"}, "east": {"uv": [10, 6, 11, 7], "texture": "#side", "cullface": "east"}, "down": {"uv": [10, 6, 11, 7], "rotation": 90, "texture": "#side", "cullface": "east"}}}, {"from": [16, 6, 5], "to": [16.48909728984938, 8, 6], "faces": {"east": {"uv": [10, 8, 11, 10], "texture": "#side", "cullface": "east"}, "south": {"uv": [10, 8, 11, 10], "texture": "#side", "cullface": "east"}, "up": {"uv": [10, 8, 11, 9], "rotation": 270, "texture": "#side", "cullface": "east"}, "down": {"uv": [10, 9, 11, 10], "rotation": 90, "texture": "#side", "cullface": "east"}}}, {"from": [16, 6, 0.010676920966816604], "to": [16.48909728984938, 7, 1], "faces": {"north": {"uv": [15, 9, 16, 10], "texture": "#side", "cullface": "east"}, "east": {"uv": [15, 9, 16, 10], "texture": "#side", "cullface": "east"}, "up": {"uv": [15, 9, 16, 10], "rotation": 270, "texture": "#side", "cullface": "east"}, "down": {"uv": [15, 9, 16, 10], "rotation": 90, "texture": "#side", "cullface": "east"}}}, {"from": [16, 6, 8], "to": [16.48909728984938, 7, 13], "faces": {"north": {"uv": [7, 9, 8, 10], "texture": "#side", "cullface": "east"}, "east": {"uv": [3, 9, 8, 10], "texture": "#side", "cullface": "east"}, "south": {"uv": [3, 9, 4, 10], "texture": "#side", "cullface": "east"}, "up": {"uv": [3, 9, 8, 10], "rotation": 270, "texture": "#side", "cullface": "east"}, "down": {"uv": [3, 9, 8, 10], "rotation": 90, "texture": "#side", "cullface": "east"}}}, {"from": [16, 7, 7], "to": [16.48909728984938, 8, 12], "faces": {"north": {"uv": [8, 8, 9, 9], "texture": "#side", "cullface": "east"}, "east": {"uv": [4, 8, 9, 9], "texture": "#side", "cullface": "east"}, "south": {"uv": [4, 8, 5, 9], "texture": "#side", "cullface": "east"}, "up": {"uv": [4, 8, 9, 9], "rotation": 270, "texture": "#side", "cullface": "east"}, "down": {"uv": [4, 8, 9, 9], "rotation": 90, "texture": "#side", "cullface": "east"}}}, {"from": [16, 8, 8], "to": [16.48909728984938, 9, 11], "faces": {"north": {"uv": [7, 7, 8, 8], "texture": "#side", "cullface": "east"}, "east": {"uv": [5, 7, 8, 8], "texture": "#side", "cullface": "east"}, "south": {"uv": [5, 7, 6, 8], "texture": "#side", "cullface": "east"}, "up": {"uv": [5, 7, 8, 8], "rotation": 270, "texture": "#side", "cullface": "east"}}}, {"from": [16, 5, 9], "to": [16.48909728984938, 6, 12], "faces": {"north": {"uv": [6, 10, 7, 11], "texture": "#side", "cullface": "east"}, "east": {"uv": [4, 10, 7, 11], "texture": "#side", "cullface": "east"}, "south": {"uv": [4, 10, 5, 11], "texture": "#side", "cullface": "east"}, "down": {"uv": [4, 10, 7, 11], "rotation": 90, "texture": "#side", "cullface": "east"}}}, {"from": [16, 5, 6], "to": [16.48909728984938, 6, 8], "faces": {"north": {"uv": [9, 10, 10, 11], "texture": "#side", "cullface": "east"}, "east": {"uv": [8, 10, 10, 11], "texture": "#side", "cullface": "east"}, "south": {"uv": [8, 10, 9, 11], "texture": "#side", "cullface": "east"}, "up": {"uv": [8, 10, 10, 11], "rotation": 270, "texture": "#side", "cullface": "east"}}}, {"from": [16, 4, 5], "to": [16.48909728984938, 5, 9], "faces": {"north": {"uv": [10, 11, 11, 12], "texture": "#side", "cullface": "east"}, "east": {"uv": [7, 11, 11, 12], "texture": "#side", "cullface": "east"}, "south": {"uv": [7, 11, 8, 12], "texture": "#side", "cullface": "east"}, "up": {"uv": [7, 11, 11, 12], "rotation": 270, "texture": "#side", "cullface": "east"}}}, {"from": [16, 2, 4], "to": [16.48909728984938, 3, 10], "faces": {"north": {"uv": [11, 13, 12, 14], "texture": "#side", "cullface": "east"}, "east": {"uv": [6, 13, 12, 14], "texture": "#side", "cullface": "east"}, "south": {"uv": [6, 13, 7, 14], "texture": "#side", "cullface": "east"}, "up": {"uv": [6, 13, 12, 14], "rotation": 270, "texture": "#side", "cullface": "east"}, "down": {"uv": [6, 13, 12, 14], "rotation": 90, "texture": "#side", "cullface": "east"}}}, {"from": [16, 1, 7], "to": [16.48909728984938, 2, 9], "faces": {"north": {"uv": [8, 14, 9, 15], "texture": "#side", "cullface": "east"}, "east": {"uv": [7, 14, 9, 15], "texture": "#side", "cullface": "east"}, "south": {"uv": [7, 14, 8, 15], "texture": "#side", "cullface": "east"}, "down": {"uv": [7, 14, 9, 15], "rotation": 90, "texture": "#side", "cullface": "east"}}}, {"from": [16, 3, 3], "to": [16.48909728984938, 4, 9], "faces": {"north": {"uv": [12, 12, 13, 13], "texture": "#side", "cullface": "east"}, "east": {"uv": [7, 12, 13, 13], "texture": "#side", "cullface": "east"}, "south": {"uv": [7, 12, 8, 13], "texture": "#side", "cullface": "east"}, "up": {"uv": [7, 12, 13, 13], "rotation": 270, "texture": "#side", "cullface": "east"}, "down": {"uv": [7, 12, 13, 13], "rotation": 90, "texture": "#side", "cullface": "east"}}}, {"from": [16, 1, 0.010546391262315115], "to": [16.48909728984938, 4, 2], "faces": {"north": {"uv": [15, 12, 16, 15], "texture": "#side", "cullface": "east"}, "east": {"uv": [14, 12, 16, 15], "texture": "#side", "cullface": "east"}, "south": {"uv": [14, 12, 15, 15], "texture": "#side", "cullface": "east"}, "up": {"uv": [14, 12, 16, 13], "rotation": 270, "texture": "#side", "cullface": "east"}, "down": {"uv": [14, 14, 16, 15], "rotation": 90, "texture": "#side", "cullface": "east"}}}, {"from": [16, 4, 2], "to": [16.48909728984938, 5, 3], "faces": {"north": {"uv": [13, 11, 14, 12], "texture": "#side", "cullface": "east"}, "east": {"uv": [13, 11, 14, 12], "texture": "#side", "cullface": "east"}, "south": {"uv": [13, 11, 14, 12], "texture": "#side", "cullface": "east"}, "down": {"uv": [13, 11, 14, 12], "rotation": 90, "texture": "#side", "cullface": "east"}}}, {"from": [16, 9, 0.010988689888985756], "to": [16.48909728984938, 13, 1], "faces": {"north": {"uv": [15, 3, 16, 7], "texture": "#side", "cullface": "east"}, "east": {"uv": [15, 3, 16, 7], "texture": "#side", "cullface": "east"}, "south": {"uv": [15, 3, 16, 7], "texture": "#side", "cullface": "east"}, "up": {"uv": [15, 3, 16, 4], "rotation": 270, "texture": "#side", "cullface": "east"}, "down": {"uv": [15, 6, 16, 7], "rotation": 90, "texture": "#side", "cullface": "east"}}}, {"from": [16, 10, 1], "to": [16.48909728984938, 12, 2], "faces": {"east": {"uv": [14, 4, 15, 6], "texture": "#side", "cullface": "east"}, "south": {"uv": [14, 4, 15, 6], "texture": "#side", "cullface": "east"}, "up": {"uv": [14, 4, 15, 5], "rotation": 270, "texture": "#side", "cullface": "east"}, "down": {"uv": [14, 5, 15, 6], "rotation": 90, "texture": "#side", "cullface": "east"}}}, {"from": [16, 5, 1], "to": [16.48909728984938, 9, 5], "faces": {"north": {"uv": [14, 7, 15, 11], "texture": "#side", "cullface": "east"}, "east": {"uv": [11, 7, 15, 11], "texture": "#side", "cullface": "east"}, "south": {"uv": [11, 7, 12, 11], "texture": "#side", "cullface": "east"}, "up": {"uv": [11, 7, 15, 8], "rotation": 270, "texture": "#side", "cullface": "east"}, "down": {"uv": [11, 10, 15, 11], "rotation": 90, "texture": "#side", "cullface": "east"}}}, {"from": [13, 2, 16], "to": [14, 3, 16.489359858800206], "faces": {"south": {"uv": [13, 13, 14, 14], "texture": "#side", "cullface": "south"}, "west": {"uv": [13, 13, 14, 14], "texture": "#side", "cullface": "south"}, "up": {"uv": [13, 13, 14, 14], "texture": "#side", "cullface": "south"}, "down": {"uv": [13, 13, 14, 14], "texture": "#side", "cullface": "south"}}}, {"from": [9, 0.010679929483110003, 16], "to": [14, 1, 16.489359858800206], "faces": {"east": {"uv": [13, 15, 14, 16], "texture": "#side", "cullface": "south"}, "south": {"uv": [9, 15, 14, 16], "texture": "#side", "cullface": "south"}, "west": {"uv": [9, 15, 10, 16], "texture": "#side", "cullface": "south"}, "up": {"uv": [9, 15, 14, 16], "texture": "#side", "cullface": "south"}, "down": {"uv": [9, 15, 14, 16], "texture": "#side", "cullface": "south"}}}, {"from": [5, 0.010877656582901095, 16], "to": [7, 1, 16.489359858800206], "faces": {"east": {"uv": [6, 15, 7, 16], "texture": "#side", "cullface": "south"}, "south": {"uv": [5, 15, 7, 16], "texture": "#side", "cullface": "south"}, "west": {"uv": [5, 15, 6, 16], "texture": "#side", "cullface": "south"}, "up": {"uv": [5, 15, 7, 16], "texture": "#side", "cullface": "south"}, "down": {"uv": [5, 15, 7, 16], "texture": "#side", "cullface": "south"}}}, {"from": [1, 0.010495405924911189, 16], "to": [2, 1, 16.489359858800206], "faces": {"east": {"uv": [1, 15, 2, 16], "texture": "#side", "cullface": "south"}, "south": {"uv": [1, 15, 2, 16], "texture": "#side", "cullface": "south"}, "up": {"uv": [1, 15, 2, 16], "texture": "#side", "cullface": "south"}, "down": {"uv": [1, 15, 2, 16], "texture": "#side", "cullface": "south"}}}, {"from": [0.010917046672759815, 0.010917046672759815, 16], "to": [1, 3, 16.489359858800206], "faces": {"east": {"uv": [0, 13, 1, 16], "texture": "#side", "cullface": "south"}, "south": {"uv": [0, 13, 1, 16], "texture": "#side", "cullface": "south"}, "west": {"uv": [0, 13, 1, 16], "texture": "#side", "cullface": "south"}, "up": {"uv": [0, 13, 1, 14], "texture": "#side", "cullface": "south"}, "down": {"uv": [0, 15, 1, 16], "texture": "#side", "cullface": "south"}}}, {"from": [2, 1, 16], "to": [4, 2, 16.489359858800206], "faces": {"east": {"uv": [3, 14, 4, 15], "texture": "#side", "cullface": "south"}, "south": {"uv": [2, 14, 4, 15], "texture": "#side", "cullface": "south"}, "west": {"uv": [2, 14, 3, 15], "texture": "#side", "cullface": "south"}, "down": {"uv": [2, 14, 4, 15], "texture": "#side", "cullface": "south"}}}, {"from": [2, 2, 16], "to": [5, 3, 16.489359858800206], "faces": {"east": {"uv": [4, 13, 5, 14], "texture": "#side", "cullface": "south"}, "south": {"uv": [2, 13, 5, 14], "texture": "#side", "cullface": "south"}, "west": {"uv": [2, 13, 3, 14], "texture": "#side", "cullface": "south"}, "up": {"uv": [2, 13, 5, 14], "texture": "#side", "cullface": "south"}, "down": {"uv": [2, 13, 5, 14], "texture": "#side", "cullface": "south"}}}, {"from": [3, 3, 16], "to": [6, 4, 16.489359858800206], "faces": {"east": {"uv": [5, 12, 6, 13], "texture": "#side", "cullface": "south"}, "south": {"uv": [3, 12, 6, 13], "texture": "#side", "cullface": "south"}, "west": {"uv": [3, 12, 4, 13], "texture": "#side", "cullface": "south"}, "up": {"uv": [3, 12, 6, 13], "texture": "#side", "cullface": "south"}, "down": {"uv": [3, 12, 6, 13], "texture": "#side", "cullface": "south"}}}, {"from": [0.010670068151315295, 4, 16], "to": [3, 6, 16.489359858800206], "faces": {"east": {"uv": [2, 10, 3, 12], "texture": "#side", "cullface": "south"}, "south": {"uv": [0, 10, 3, 12], "texture": "#side", "cullface": "south"}, "west": {"uv": [0, 10, 1, 12], "texture": "#side", "cullface": "south"}, "up": {"uv": [0, 10, 3, 11], "texture": "#side", "cullface": "south"}, "down": {"uv": [0, 11, 3, 12], "texture": "#side", "cullface": "south"}}}, {"from": [1, 3, 16], "to": [2, 4, 16.489359858800206], "faces": {"east": {"uv": [1, 12, 2, 13], "texture": "#side", "cullface": "south"}, "south": {"uv": [1, 12, 2, 13], "texture": "#side", "cullface": "south"}, "west": {"uv": [1, 12, 2, 13], "texture": "#side", "cullface": "south"}, "down": {"uv": [1, 12, 2, 13], "texture": "#side", "cullface": "south"}}}, {"from": [1, 7, 16], "to": [2, 8, 16.489359858800206], "faces": {"east": {"uv": [1, 8, 2, 9], "texture": "#side", "cullface": "south"}, "south": {"uv": [1, 8, 2, 9], "texture": "#side", "cullface": "south"}, "west": {"uv": [1, 8, 2, 9], "texture": "#side", "cullface": "south"}, "down": {"uv": [1, 8, 2, 9], "texture": "#side", "cullface": "south"}}}, {"from": [0.010218773096872157, 8, 16], "to": [4, 9, 16.489359858800206], "faces": {"east": {"uv": [3, 7, 4, 8], "texture": "#side", "cullface": "south"}, "south": {"uv": [0, 7, 4, 8], "texture": "#side", "cullface": "south"}, "west": {"uv": [0, 7, 1, 8], "texture": "#side", "cullface": "south"}, "up": {"uv": [0, 7, 4, 8], "texture": "#side", "cullface": "south"}, "down": {"uv": [0, 7, 4, 8], "texture": "#side", "cullface": "south"}}}, {"from": [0.010340220315051033, 9, 16], "to": [3, 10, 16.489359858800206], "faces": {"east": {"uv": [2, 6, 3, 7], "texture": "#side", "cullface": "south"}, "south": {"uv": [0, 6, 3, 7], "texture": "#side", "cullface": "south"}, "west": {"uv": [0, 6, 1, 7], "texture": "#side", "cullface": "south"}, "up": {"uv": [0, 6, 3, 7], "texture": "#side", "cullface": "south"}}}, {"from": [0.010962566463254681, 10, 16], "to": [2, 11, 16.489359858800206], "faces": {"east": {"uv": [1, 5, 2, 6], "texture": "#side", "cullface": "south"}, "south": {"uv": [0, 5, 2, 6], "texture": "#side", "cullface": "south"}, "west": {"uv": [0, 5, 1, 6], "texture": "#side", "cullface": "south"}, "up": {"uv": [0, 5, 2, 6], "texture": "#side", "cullface": "south"}}}, {"from": [0.010899008038031007, 11, 16], "to": [1, 13, 16.489359858800206], "faces": {"east": {"uv": [0, 3, 1, 5], "texture": "#side", "cullface": "south"}, "south": {"uv": [0, 3, 1, 5], "texture": "#side", "cullface": "south"}, "west": {"uv": [0, 3, 1, 5], "texture": "#side", "cullface": "south"}, "up": {"uv": [0, 3, 1, 4], "texture": "#side", "cullface": "south"}}}, {"from": [0.010818118380917794, 14, 16], "to": [15.989181881619082, 15.989181881619082, 16.489359858800206], "faces": {"east": {"uv": [15, 0, 16, 2], "texture": "#side", "cullface": "south"}, "south": {"uv": [0, 0, 16, 2], "texture": "#side", "cullface": "south"}, "west": {"uv": [0, 0, 1, 2], "texture": "#side", "cullface": "south"}, "up": {"uv": [0, 0, 16, 1], "texture": "#side", "cullface": "south"}, "down": {"uv": [0, 1, 16, 2], "texture": "#side", "cullface": "south"}}}, {"from": [2, 11, 16], "to": [7, 13, 16.489359858800206], "faces": {"east": {"uv": [6, 3, 7, 5], "texture": "#side", "cullface": "south"}, "south": {"uv": [2, 3, 7, 5], "texture": "#side", "cullface": "south"}, "west": {"uv": [2, 3, 3, 5], "texture": "#side", "cullface": "south"}, "up": {"uv": [2, 3, 7, 4], "texture": "#side", "cullface": "south"}, "down": {"uv": [2, 4, 7, 5], "texture": "#side", "cullface": "south"}}}, {"from": [4, 10, 16], "to": [7, 11, 16.489359858800206], "faces": {"east": {"uv": [6, 5, 7, 6], "texture": "#side", "cullface": "south"}, "south": {"uv": [4, 5, 7, 6], "texture": "#side", "cullface": "south"}, "west": {"uv": [4, 5, 5, 6], "texture": "#side", "cullface": "south"}, "down": {"uv": [4, 5, 7, 6], "texture": "#side", "cullface": "south"}}}, {"from": [7, 12, 16], "to": [8, 13, 16.489359858800206], "faces": {"east": {"uv": [7, 3, 8, 4], "texture": "#side", "cullface": "south"}, "south": {"uv": [7, 3, 8, 4], "texture": "#side", "cullface": "south"}, "up": {"uv": [7, 3, 8, 4], "texture": "#side", "cullface": "south"}, "down": {"uv": [7, 3, 8, 4], "texture": "#side", "cullface": "south"}}}, {"from": [9, 12, 16], "to": [12, 13, 16.489359858800206], "faces": {"east": {"uv": [11, 3, 12, 4], "texture": "#side", "cullface": "south"}, "south": {"uv": [9, 3, 12, 4], "texture": "#side", "cullface": "south"}, "west": {"uv": [9, 3, 10, 4], "texture": "#side", "cullface": "south"}, "up": {"uv": [9, 3, 12, 4], "texture": "#side", "cullface": "south"}}}, {"from": [8, 10, 16], "to": [13, 12, 16.489359858800206], "faces": {"east": {"uv": [12, 4, 13, 6], "texture": "#side", "cullface": "south"}, "south": {"uv": [8, 4, 13, 6], "texture": "#side", "cullface": "south"}, "west": {"uv": [8, 4, 9, 6], "texture": "#side", "cullface": "south"}, "up": {"uv": [8, 4, 13, 5], "texture": "#side", "cullface": "south"}, "down": {"uv": [8, 5, 13, 6], "texture": "#side", "cullface": "south"}}}, {"from": [9, 8, 16], "to": [10, 10, 16.489359858800206], "faces": {"east": {"uv": [9, 6, 10, 8], "texture": "#side", "cullface": "south"}, "south": {"uv": [9, 6, 10, 8], "texture": "#side", "cullface": "south"}, "west": {"uv": [9, 6, 10, 8], "texture": "#side", "cullface": "south"}, "down": {"uv": [9, 7, 10, 8], "texture": "#side", "cullface": "south"}}}, {"from": [10, 9, 16], "to": [11, 10, 16.489359858800206], "faces": {"east": {"uv": [10, 6, 11, 7], "texture": "#side", "cullface": "south"}, "south": {"uv": [10, 6, 11, 7], "texture": "#side", "cullface": "south"}, "down": {"uv": [10, 6, 11, 7], "texture": "#side", "cullface": "south"}}}, {"from": [10, 6, 16], "to": [11, 8, 16.489359858800206], "faces": {"south": {"uv": [10, 8, 11, 10], "texture": "#side", "cullface": "south"}, "west": {"uv": [10, 8, 11, 10], "texture": "#side", "cullface": "south"}, "up": {"uv": [10, 8, 11, 9], "texture": "#side", "cullface": "south"}, "down": {"uv": [10, 9, 11, 10], "texture": "#side", "cullface": "south"}}}, {"from": [15, 6, 16], "to": [15.989933640868962, 7, 16.489359858800206], "faces": {"east": {"uv": [15, 9, 16, 10], "texture": "#side", "cullface": "south"}, "south": {"uv": [15, 9, 16, 10], "texture": "#side", "cullface": "south"}, "up": {"uv": [15, 9, 16, 10], "texture": "#side", "cullface": "south"}, "down": {"uv": [15, 9, 16, 10], "texture": "#side", "cullface": "south"}}}, {"from": [3, 6, 16], "to": [8, 7, 16.489359858800206], "faces": {"east": {"uv": [7, 9, 8, 10], "texture": "#side", "cullface": "south"}, "south": {"uv": [3, 9, 8, 10], "texture": "#side", "cullface": "south"}, "west": {"uv": [3, 9, 4, 10], "texture": "#side", "cullface": "south"}, "up": {"uv": [3, 9, 8, 10], "texture": "#side", "cullface": "south"}, "down": {"uv": [3, 9, 8, 10], "texture": "#side", "cullface": "south"}}}, {"from": [4, 7, 16], "to": [9, 8, 16.489359858800206], "faces": {"east": {"uv": [8, 8, 9, 9], "texture": "#side", "cullface": "south"}, "south": {"uv": [4, 8, 9, 9], "texture": "#side", "cullface": "south"}, "west": {"uv": [4, 8, 5, 9], "texture": "#side", "cullface": "south"}, "up": {"uv": [4, 8, 9, 9], "texture": "#side", "cullface": "south"}, "down": {"uv": [4, 8, 9, 9], "texture": "#side", "cullface": "south"}}}, {"from": [5, 8, 16], "to": [8, 9, 16.489359858800206], "faces": {"east": {"uv": [7, 7, 8, 8], "texture": "#side", "cullface": "south"}, "south": {"uv": [5, 7, 8, 8], "texture": "#side", "cullface": "south"}, "west": {"uv": [5, 7, 6, 8], "texture": "#side", "cullface": "south"}, "up": {"uv": [5, 7, 8, 8], "texture": "#side", "cullface": "south"}}}, {"from": [4, 5, 16], "to": [7, 6, 16.489359858800206], "faces": {"east": {"uv": [6, 10, 7, 11], "texture": "#side", "cullface": "south"}, "south": {"uv": [4, 10, 7, 11], "texture": "#side", "cullface": "south"}, "west": {"uv": [4, 10, 5, 11], "texture": "#side", "cullface": "south"}, "down": {"uv": [4, 10, 7, 11], "texture": "#side", "cullface": "south"}}}, {"from": [8, 5, 16], "to": [10, 6, 16.489359858800206], "faces": {"east": {"uv": [9, 10, 10, 11], "texture": "#side", "cullface": "south"}, "south": {"uv": [8, 10, 10, 11], "texture": "#side", "cullface": "south"}, "west": {"uv": [8, 10, 9, 11], "texture": "#side", "cullface": "south"}, "up": {"uv": [8, 10, 10, 11], "texture": "#side", "cullface": "south"}}}, {"from": [7, 4, 16], "to": [11, 5, 16.489359858800206], "faces": {"east": {"uv": [10, 11, 11, 12], "texture": "#side", "cullface": "south"}, "south": {"uv": [7, 11, 11, 12], "texture": "#side", "cullface": "south"}, "west": {"uv": [7, 11, 8, 12], "texture": "#side", "cullface": "south"}, "up": {"uv": [7, 11, 11, 12], "texture": "#side", "cullface": "south"}}}, {"from": [6, 2, 16], "to": [12, 3, 16.489359858800206], "faces": {"east": {"uv": [11, 13, 12, 14], "texture": "#side", "cullface": "south"}, "south": {"uv": [6, 13, 12, 14], "texture": "#side", "cullface": "south"}, "west": {"uv": [6, 13, 7, 14], "texture": "#side", "cullface": "south"}, "up": {"uv": [6, 13, 12, 14], "texture": "#side", "cullface": "south"}, "down": {"uv": [6, 13, 12, 14], "texture": "#side", "cullface": "south"}}}, {"from": [7, 1, 16], "to": [9, 2, 16.489359858800206], "faces": {"east": {"uv": [8, 14, 9, 15], "texture": "#side", "cullface": "south"}, "south": {"uv": [7, 14, 9, 15], "texture": "#side", "cullface": "south"}, "west": {"uv": [7, 14, 8, 15], "texture": "#side", "cullface": "south"}, "down": {"uv": [7, 14, 9, 15], "texture": "#side", "cullface": "south"}}}, {"from": [7, 3, 16], "to": [13, 4, 16.489359858800206], "faces": {"east": {"uv": [12, 12, 13, 13], "texture": "#side", "cullface": "south"}, "south": {"uv": [7, 12, 13, 13], "texture": "#side", "cullface": "south"}, "west": {"uv": [7, 12, 8, 13], "texture": "#side", "cullface": "south"}, "up": {"uv": [7, 12, 13, 13], "texture": "#side", "cullface": "south"}, "down": {"uv": [7, 12, 13, 13], "texture": "#side", "cullface": "south"}}}, {"from": [14, 1, 16], "to": [15.989851180509712, 4, 16.489359858800206], "faces": {"east": {"uv": [15, 12, 16, 15], "texture": "#side", "cullface": "south"}, "south": {"uv": [14, 12, 16, 15], "texture": "#side", "cullface": "south"}, "west": {"uv": [14, 12, 15, 15], "texture": "#side", "cullface": "south"}, "up": {"uv": [14, 12, 16, 13], "texture": "#side", "cullface": "south"}, "down": {"uv": [14, 14, 16, 15], "texture": "#side", "cullface": "south"}}}, {"from": [13, 4, 16], "to": [14, 5, 16.489359858800206], "faces": {"east": {"uv": [13, 11, 14, 12], "texture": "#side", "cullface": "south"}, "south": {"uv": [13, 11, 14, 12], "texture": "#side", "cullface": "south"}, "west": {"uv": [13, 11, 14, 12], "texture": "#side", "cullface": "south"}, "down": {"uv": [13, 11, 14, 12], "texture": "#side", "cullface": "south"}}}, {"from": [15, 9, 16], "to": [15.989031401728308, 13, 16.489359858800206], "faces": {"east": {"uv": [15, 3, 16, 7], "texture": "#side", "cullface": "south"}, "south": {"uv": [15, 3, 16, 7], "texture": "#side", "cullface": "south"}, "west": {"uv": [15, 3, 16, 7], "texture": "#side", "cullface": "south"}, "up": {"uv": [15, 3, 16, 4], "texture": "#side", "cullface": "south"}, "down": {"uv": [15, 6, 16, 7], "texture": "#side", "cullface": "south"}}}, {"from": [14, 10, 16], "to": [15, 12, 16.489359858800206], "faces": {"south": {"uv": [14, 4, 15, 6], "texture": "#side", "cullface": "south"}, "west": {"uv": [14, 4, 15, 6], "texture": "#side", "cullface": "south"}, "up": {"uv": [14, 4, 15, 5], "texture": "#side", "cullface": "south"}, "down": {"uv": [14, 5, 15, 6], "texture": "#side", "cullface": "south"}}}, {"from": [11, 5, 16], "to": [15, 9, 16.489359858800206], "faces": {"east": {"uv": [14, 7, 15, 11], "texture": "#side", "cullface": "south"}, "south": {"uv": [11, 7, 15, 11], "texture": "#side", "cullface": "south"}, "west": {"uv": [11, 7, 12, 11], "texture": "#side", "cullface": "south"}, "up": {"uv": [11, 7, 15, 8], "texture": "#side", "cullface": "south"}, "down": {"uv": [11, 10, 15, 11], "texture": "#side", "cullface": "south"}}}, {"from": [-0.48962755073702774, 2, 13], "to": [0, 3, 14], "faces": {"north": {"uv": [13, 13, 14, 14], "texture": "#side", "cullface": "west"}, "west": {"uv": [13, 13, 14, 14], "texture": "#side", "cullface": "west"}, "up": {"uv": [13, 13, 14, 14], "rotation": 90, "texture": "#side", "cullface": "west"}, "down": {"uv": [13, 13, 14, 14], "rotation": 270, "texture": "#side", "cullface": "west"}}}, {"from": [-0.48962755073702774, 0.01057387247749155, 9], "to": [0, 1, 14], "faces": {"north": {"uv": [9, 15, 10, 16], "texture": "#side", "cullface": "west"}, "south": {"uv": [13, 15, 14, 16], "texture": "#side", "cullface": "west"}, "west": {"uv": [9, 15, 14, 16], "texture": "#side", "cullface": "west"}, "up": {"uv": [9, 15, 14, 16], "rotation": 90, "texture": "#side", "cullface": "west"}, "down": {"uv": [9, 15, 14, 16], "rotation": 270, "texture": "#side", "cullface": "west"}}}, {"from": [-0.48962755073702774, 0.01067857135678936, 5], "to": [0, 1, 7], "faces": {"north": {"uv": [5, 15, 6, 16], "texture": "#side", "cullface": "west"}, "south": {"uv": [6, 15, 7, 16], "texture": "#side", "cullface": "west"}, "west": {"uv": [5, 15, 7, 16], "texture": "#side", "cullface": "west"}, "up": {"uv": [5, 15, 7, 16], "rotation": 90, "texture": "#side", "cullface": "west"}, "down": {"uv": [5, 15, 7, 16], "rotation": 270, "texture": "#side", "cullface": "west"}}}, {"from": [-0.48962755073702774, 0.010805109989032138, 1], "to": [0, 1, 2], "faces": {"south": {"uv": [1, 15, 2, 16], "texture": "#side", "cullface": "west"}, "west": {"uv": [1, 15, 2, 16], "texture": "#side", "cullface": "west"}, "up": {"uv": [1, 15, 2, 16], "rotation": 90, "texture": "#side", "cullface": "west"}, "down": {"uv": [1, 15, 2, 16], "rotation": 270, "texture": "#side", "cullface": "west"}}}, {"from": [-0.48962755073702774, 0.010757846382261382, 0.010757846382261382], "to": [0, 3, 1], "faces": {"north": {"uv": [0, 13, 1, 16], "texture": "#side", "cullface": "west"}, "south": {"uv": [0, 13, 1, 16], "texture": "#side", "cullface": "west"}, "west": {"uv": [0, 13, 1, 16], "texture": "#side", "cullface": "west"}, "up": {"uv": [0, 13, 1, 14], "rotation": 90, "texture": "#side", "cullface": "west"}, "down": {"uv": [0, 15, 1, 16], "rotation": 270, "texture": "#side", "cullface": "west"}}}, {"from": [-0.48962755073702774, 1, 2], "to": [0, 2, 4], "faces": {"north": {"uv": [2, 14, 3, 15], "texture": "#side", "cullface": "west"}, "south": {"uv": [3, 14, 4, 15], "texture": "#side", "cullface": "west"}, "west": {"uv": [2, 14, 4, 15], "texture": "#side", "cullface": "west"}, "down": {"uv": [2, 14, 4, 15], "rotation": 270, "texture": "#side", "cullface": "west"}}}, {"from": [-0.48962755073702774, 2, 2], "to": [0, 3, 5], "faces": {"north": {"uv": [2, 13, 3, 14], "texture": "#side", "cullface": "west"}, "south": {"uv": [4, 13, 5, 14], "texture": "#side", "cullface": "west"}, "west": {"uv": [2, 13, 5, 14], "texture": "#side", "cullface": "west"}, "up": {"uv": [2, 13, 5, 14], "rotation": 90, "texture": "#side", "cullface": "west"}, "down": {"uv": [2, 13, 5, 14], "rotation": 270, "texture": "#side", "cullface": "west"}}}, {"from": [-0.48962755073702774, 3, 3], "to": [0, 4, 6], "faces": {"north": {"uv": [3, 12, 4, 13], "texture": "#side", "cullface": "west"}, "south": {"uv": [5, 12, 6, 13], "texture": "#side", "cullface": "west"}, "west": {"uv": [3, 12, 6, 13], "texture": "#side", "cullface": "west"}, "up": {"uv": [3, 12, 6, 13], "rotation": 90, "texture": "#side", "cullface": "west"}, "down": {"uv": [3, 12, 6, 13], "rotation": 270, "texture": "#side", "cullface": "west"}}}, {"from": [-0.48962755073702774, 4, 0.010206104832065584], "to": [0, 6, 3], "faces": {"north": {"uv": [0, 10, 1, 12], "texture": "#side", "cullface": "west"}, "south": {"uv": [2, 10, 3, 12], "texture": "#side", "cullface": "west"}, "west": {"uv": [0, 10, 3, 12], "texture": "#side", "cullface": "west"}, "up": {"uv": [0, 10, 3, 11], "rotation": 90, "texture": "#side", "cullface": "west"}, "down": {"uv": [0, 11, 3, 12], "rotation": 270, "texture": "#side", "cullface": "west"}}}, {"from": [-0.48962755073702774, 3, 1], "to": [0, 4, 2], "faces": {"north": {"uv": [1, 12, 2, 13], "texture": "#side", "cullface": "west"}, "south": {"uv": [1, 12, 2, 13], "texture": "#side", "cullface": "west"}, "west": {"uv": [1, 12, 2, 13], "texture": "#side", "cullface": "west"}, "down": {"uv": [1, 12, 2, 13], "rotation": 270, "texture": "#side", "cullface": "west"}}}, {"from": [-0.48962755073702774, 7, 1], "to": [0, 8, 2], "faces": {"north": {"uv": [1, 8, 2, 9], "texture": "#side", "cullface": "west"}, "south": {"uv": [1, 8, 2, 9], "texture": "#side", "cullface": "west"}, "west": {"uv": [1, 8, 2, 9], "texture": "#side", "cullface": "west"}, "down": {"uv": [1, 8, 2, 9], "rotation": 270, "texture": "#side", "cullface": "west"}}}, {"from": [-0.48962755073702774, 8, 0.010825696617160353], "to": [0, 9, 4], "faces": {"north": {"uv": [0, 7, 1, 8], "texture": "#side", "cullface": "west"}, "south": {"uv": [3, 7, 4, 8], "texture": "#side", "cullface": "west"}, "west": {"uv": [0, 7, 4, 8], "texture": "#side", "cullface": "west"}, "up": {"uv": [0, 7, 4, 8], "rotation": 90, "texture": "#side", "cullface": "west"}, "down": {"uv": [0, 7, 4, 8], "rotation": 270, "texture": "#side", "cullface": "west"}}}, {"from": [-0.48962755073702774, 9, 0.010482213563065916], "to": [0, 10, 3], "faces": {"north": {"uv": [0, 6, 1, 7], "texture": "#side", "cullface": "west"}, "south": {"uv": [2, 6, 3, 7], "texture": "#side", "cullface": "west"}, "west": {"uv": [0, 6, 3, 7], "texture": "#side", "cullface": "west"}, "up": {"uv": [0, 6, 3, 7], "rotation": 90, "texture": "#side", "cullface": "west"}}}, {"from": [-0.48962755073702774, 10, 0.010791040211709096], "to": [0, 11, 2], "faces": {"north": {"uv": [0, 5, 1, 6], "texture": "#side", "cullface": "west"}, "south": {"uv": [1, 5, 2, 6], "texture": "#side", "cullface": "west"}, "west": {"uv": [0, 5, 2, 6], "texture": "#side", "cullface": "west"}, "up": {"uv": [0, 5, 2, 6], "rotation": 90, "texture": "#side", "cullface": "west"}}}, {"from": [-0.48962755073702774, 11, 0.010388568890150114], "to": [0, 13, 1], "faces": {"north": {"uv": [0, 3, 1, 5], "texture": "#side", "cullface": "west"}, "south": {"uv": [0, 3, 1, 5], "texture": "#side", "cullface": "west"}, "west": {"uv": [0, 3, 1, 5], "texture": "#side", "cullface": "west"}, "up": {"uv": [0, 3, 1, 4], "rotation": 90, "texture": "#side", "cullface": "west"}}}, {"from": [-0.48962755073702774, 14, 0.01058638845558145], "to": [0, 15.98941361154442, 15.98941361154442], "faces": {"north": {"uv": [0, 0, 1, 2], "texture": "#side", "cullface": "west"}, "south": {"uv": [15, 0, 16, 2], "texture": "#side", "cullface": "west"}, "west": {"uv": [0, 0, 16, 2], "texture": "#side", "cullface": "west"}, "up": {"uv": [0, 0, 16, 1], "rotation": 90, "texture": "#side", "cullface": "west"}, "down": {"uv": [0, 1, 16, 2], "rotation": 270, "texture": "#side", "cullface": "west"}}}, {"from": [-0.48962755073702774, 11, 2], "to": [0, 13, 7], "faces": {"north": {"uv": [2, 3, 3, 5], "texture": "#side", "cullface": "west"}, "south": {"uv": [6, 3, 7, 5], "texture": "#side", "cullface": "west"}, "west": {"uv": [2, 3, 7, 5], "texture": "#side", "cullface": "west"}, "up": {"uv": [2, 3, 7, 4], "rotation": 90, "texture": "#side", "cullface": "west"}, "down": {"uv": [2, 4, 7, 5], "rotation": 270, "texture": "#side", "cullface": "west"}}}, {"from": [-0.48962755073702774, 10, 4], "to": [0, 11, 7], "faces": {"north": {"uv": [4, 5, 5, 6], "texture": "#side", "cullface": "west"}, "south": {"uv": [6, 5, 7, 6], "texture": "#side", "cullface": "west"}, "west": {"uv": [4, 5, 7, 6], "texture": "#side", "cullface": "west"}, "down": {"uv": [4, 5, 7, 6], "rotation": 270, "texture": "#side", "cullface": "west"}}}, {"from": [-0.48962755073702774, 12, 7], "to": [0, 13, 8], "faces": {"south": {"uv": [7, 3, 8, 4], "texture": "#side", "cullface": "west"}, "west": {"uv": [7, 3, 8, 4], "texture": "#side", "cullface": "west"}, "up": {"uv": [7, 3, 8, 4], "rotation": 90, "texture": "#side", "cullface": "west"}, "down": {"uv": [7, 3, 8, 4], "rotation": 270, "texture": "#side", "cullface": "west"}}}, {"from": [-0.48962755073702774, 12, 9], "to": [0, 13, 12], "faces": {"north": {"uv": [9, 3, 10, 4], "texture": "#side", "cullface": "west"}, "south": {"uv": [11, 3, 12, 4], "texture": "#side", "cullface": "west"}, "west": {"uv": [9, 3, 12, 4], "texture": "#side", "cullface": "west"}, "up": {"uv": [9, 3, 12, 4], "rotation": 90, "texture": "#side", "cullface": "west"}}}, {"from": [-0.48962755073702774, 10, 8], "to": [0, 12, 13], "faces": {"north": {"uv": [8, 4, 9, 6], "texture": "#side", "cullface": "west"}, "south": {"uv": [12, 4, 13, 6], "texture": "#side", "cullface": "west"}, "west": {"uv": [8, 4, 13, 6], "texture": "#side", "cullface": "west"}, "up": {"uv": [8, 4, 13, 5], "rotation": 90, "texture": "#side", "cullface": "west"}, "down": {"uv": [8, 5, 13, 6], "rotation": 270, "texture": "#side", "cullface": "west"}}}, {"from": [-0.48962755073702774, 8, 9], "to": [0, 10, 10], "faces": {"north": {"uv": [9, 6, 10, 8], "texture": "#side", "cullface": "west"}, "south": {"uv": [9, 6, 10, 8], "texture": "#side", "cullface": "west"}, "west": {"uv": [9, 6, 10, 8], "texture": "#side", "cullface": "west"}, "down": {"uv": [9, 7, 10, 8], "rotation": 270, "texture": "#side", "cullface": "west"}}}, {"from": [-0.48962755073702774, 9, 10], "to": [0, 10, 11], "faces": {"south": {"uv": [10, 6, 11, 7], "texture": "#side", "cullface": "west"}, "west": {"uv": [10, 6, 11, 7], "texture": "#side", "cullface": "west"}, "down": {"uv": [10, 6, 11, 7], "rotation": 270, "texture": "#side", "cullface": "west"}}}, {"from": [-0.48962755073702774, 6, 10], "to": [0, 8, 11], "faces": {"north": {"uv": [10, 8, 11, 10], "texture": "#side", "cullface": "west"}, "west": {"uv": [10, 8, 11, 10], "texture": "#side", "cullface": "west"}, "up": {"uv": [10, 8, 11, 9], "rotation": 90, "texture": "#side", "cullface": "west"}, "down": {"uv": [10, 9, 11, 10], "rotation": 270, "texture": "#side", "cullface": "west"}}}, {"from": [-0.48962755073702774, 6, 15], "to": [0, 7, 15.989140116577879], "faces": {"south": {"uv": [15, 9, 16, 10], "texture": "#side", "cullface": "west"}, "west": {"uv": [15, 9, 16, 10], "texture": "#side", "cullface": "west"}, "up": {"uv": [15, 9, 16, 10], "rotation": 90, "texture": "#side", "cullface": "west"}, "down": {"uv": [15, 9, 16, 10], "rotation": 270, "texture": "#side", "cullface": "west"}}}, {"from": [-0.48962755073702774, 6, 3], "to": [0, 7, 8], "faces": {"north": {"uv": [3, 9, 4, 10], "texture": "#side", "cullface": "west"}, "south": {"uv": [7, 9, 8, 10], "texture": "#side", "cullface": "west"}, "west": {"uv": [3, 9, 8, 10], "texture": "#side", "cullface": "west"}, "up": {"uv": [3, 9, 8, 10], "rotation": 90, "texture": "#side", "cullface": "west"}, "down": {"uv": [3, 9, 8, 10], "rotation": 270, "texture": "#side", "cullface": "west"}}}, {"from": [-0.48962755073702774, 7, 4], "to": [0, 8, 9], "faces": {"north": {"uv": [4, 8, 5, 9], "texture": "#side", "cullface": "west"}, "south": {"uv": [8, 8, 9, 9], "texture": "#side", "cullface": "west"}, "west": {"uv": [4, 8, 9, 9], "texture": "#side", "cullface": "west"}, "up": {"uv": [4, 8, 9, 9], "rotation": 90, "texture": "#side", "cullface": "west"}, "down": {"uv": [4, 8, 9, 9], "rotation": 270, "texture": "#side", "cullface": "west"}}}, {"from": [-0.48962755073702774, 8, 5], "to": [0, 9, 8], "faces": {"north": {"uv": [5, 7, 6, 8], "texture": "#side", "cullface": "west"}, "south": {"uv": [7, 7, 8, 8], "texture": "#side", "cullface": "west"}, "west": {"uv": [5, 7, 8, 8], "texture": "#side", "cullface": "west"}, "up": {"uv": [5, 7, 8, 8], "rotation": 90, "texture": "#side", "cullface": "west"}}}, {"from": [-0.48962755073702774, 5, 4], "to": [0, 6, 7], "faces": {"north": {"uv": [4, 10, 5, 11], "texture": "#side", "cullface": "west"}, "south": {"uv": [6, 10, 7, 11], "texture": "#side", "cullface": "west"}, "west": {"uv": [4, 10, 7, 11], "texture": "#side", "cullface": "west"}, "down": {"uv": [4, 10, 7, 11], "rotation": 270, "texture": "#side", "cullface": "west"}}}, {"from": [-0.48962755073702774, 5, 8], "to": [0, 6, 10], "faces": {"north": {"uv": [8, 10, 9, 11], "texture": "#side", "cullface": "west"}, "south": {"uv": [9, 10, 10, 11], "texture": "#side", "cullface": "west"}, "west": {"uv": [8, 10, 10, 11], "texture": "#side", "cullface": "west"}, "up": {"uv": [8, 10, 10, 11], "rotation": 90, "texture": "#side", "cullface": "west"}}}, {"from": [-0.48962755073702774, 4, 7], "to": [0, 5, 11], "faces": {"north": {"uv": [7, 11, 8, 12], "texture": "#side", "cullface": "west"}, "south": {"uv": [10, 11, 11, 12], "texture": "#side", "cullface": "west"}, "west": {"uv": [7, 11, 11, 12], "texture": "#side", "cullface": "west"}, "up": {"uv": [7, 11, 11, 12], "rotation": 90, "texture": "#side", "cullface": "west"}}}, {"from": [-0.48962755073702774, 2, 6], "to": [0, 3, 12], "faces": {"north": {"uv": [6, 13, 7, 14], "texture": "#side", "cullface": "west"}, "south": {"uv": [11, 13, 12, 14], "texture": "#side", "cullface": "west"}, "west": {"uv": [6, 13, 12, 14], "texture": "#side", "cullface": "west"}, "up": {"uv": [6, 13, 12, 14], "rotation": 90, "texture": "#side", "cullface": "west"}, "down": {"uv": [6, 13, 12, 14], "rotation": 270, "texture": "#side", "cullface": "west"}}}, {"from": [-0.48962755073702774, 1, 7], "to": [0, 2, 9], "faces": {"north": {"uv": [7, 14, 8, 15], "texture": "#side", "cullface": "west"}, "south": {"uv": [8, 14, 9, 15], "texture": "#side", "cullface": "west"}, "west": {"uv": [7, 14, 9, 15], "texture": "#side", "cullface": "west"}, "down": {"uv": [7, 14, 9, 15], "rotation": 270, "texture": "#side", "cullface": "west"}}}, {"from": [-0.48962755073702774, 3, 7], "to": [0, 4, 13], "faces": {"north": {"uv": [7, 12, 8, 13], "texture": "#side", "cullface": "west"}, "south": {"uv": [12, 12, 13, 13], "texture": "#side", "cullface": "west"}, "west": {"uv": [7, 12, 13, 13], "texture": "#side", "cullface": "west"}, "up": {"uv": [7, 12, 13, 13], "rotation": 90, "texture": "#side", "cullface": "west"}, "down": {"uv": [7, 12, 13, 13], "rotation": 270, "texture": "#side", "cullface": "west"}}}, {"from": [-0.48962755073702774, 1, 14], "to": [0, 4, 15.989944472954111], "faces": {"north": {"uv": [14, 12, 15, 15], "texture": "#side", "cullface": "west"}, "south": {"uv": [15, 12, 16, 15], "texture": "#side", "cullface": "west"}, "west": {"uv": [14, 12, 16, 15], "texture": "#side", "cullface": "west"}, "up": {"uv": [14, 12, 16, 13], "rotation": 90, "texture": "#side", "cullface": "west"}, "down": {"uv": [14, 14, 16, 15], "rotation": 270, "texture": "#side", "cullface": "west"}}}, {"from": [-0.48962755073702774, 4, 13], "to": [0, 5, 14], "faces": {"north": {"uv": [13, 11, 14, 12], "texture": "#side", "cullface": "west"}, "south": {"uv": [13, 11, 14, 12], "texture": "#side", "cullface": "west"}, "west": {"uv": [13, 11, 14, 12], "texture": "#side", "cullface": "west"}, "down": {"uv": [13, 11, 14, 12], "rotation": 270, "texture": "#side", "cullface": "west"}}}, {"from": [-0.48962755073702774, 9, 15], "to": [0, 13, 15.989582133955203], "faces": {"north": {"uv": [15, 3, 16, 7], "texture": "#side", "cullface": "west"}, "south": {"uv": [15, 3, 16, 7], "texture": "#side", "cullface": "west"}, "west": {"uv": [15, 3, 16, 7], "texture": "#side", "cullface": "west"}, "up": {"uv": [15, 3, 16, 4], "rotation": 90, "texture": "#side", "cullface": "west"}, "down": {"uv": [15, 6, 16, 7], "rotation": 270, "texture": "#side", "cullface": "west"}}}, {"from": [-0.48962755073702774, 10, 14], "to": [0, 12, 15], "faces": {"north": {"uv": [14, 4, 15, 6], "texture": "#side", "cullface": "west"}, "west": {"uv": [14, 4, 15, 6], "texture": "#side", "cullface": "west"}, "up": {"uv": [14, 4, 15, 5], "rotation": 90, "texture": "#side", "cullface": "west"}, "down": {"uv": [14, 5, 15, 6], "rotation": 270, "texture": "#side", "cullface": "west"}}}, {"from": [-0.48962755073702774, 5, 11], "to": [0, 9, 15], "faces": {"north": {"uv": [11, 7, 12, 11], "texture": "#side", "cullface": "west"}, "south": {"uv": [14, 7, 15, 11], "texture": "#side", "cullface": "west"}, "west": {"uv": [11, 7, 15, 11], "texture": "#side", "cullface": "west"}, "up": {"uv": [11, 7, 15, 8], "rotation": 90, "texture": "#side", "cullface": "west"}, "down": {"uv": [11, 10, 15, 11], "rotation": 270, "texture": "#side", "cullface": "west"}}}, {"from": [13, -0.4897921558963092, 2], "to": [14, 0, 3], "faces": {"north": {"uv": [13, 13, 14, 14], "rotation": 180, "texture": "#side", "cullface": "down"}, "south": {"uv": [13, 13, 14, 14], "texture": "#side", "cullface": "down"}, "west": {"uv": [13, 13, 14, 14], "rotation": 90, "texture": "#side", "cullface": "down"}, "down": {"uv": [13, 13, 14, 14], "texture": "#side", "cullface": "down"}}}, {"from": [9, -0.4897921558963092, 0.010673543808599535], "to": [14, 0, 1], "faces": {"north": {"uv": [9, 15, 14, 16], "rotation": 180, "texture": "#side", "cullface": "down"}, "east": {"uv": [13, 15, 14, 16], "rotation": 270, "texture": "#side", "cullface": "down"}, "south": {"uv": [9, 15, 14, 16], "texture": "#side", "cullface": "down"}, "west": {"uv": [9, 15, 10, 16], "rotation": 90, "texture": "#side", "cullface": "down"}, "down": {"uv": [9, 15, 14, 16], "texture": "#side", "cullface": "down"}}}, {"from": [5, -0.4897921558963092, 0.010151373772399786], "to": [7, 0, 1], "faces": {"north": {"uv": [5, 15, 7, 16], "rotation": 180, "texture": "#side", "cullface": "down"}, "east": {"uv": [6, 15, 7, 16], "rotation": 270, "texture": "#side", "cullface": "down"}, "south": {"uv": [5, 15, 7, 16], "texture": "#side", "cullface": "down"}, "west": {"uv": [5, 15, 6, 16], "rotation": 90, "texture": "#side", "cullface": "down"}, "down": {"uv": [5, 15, 7, 16], "texture": "#side", "cullface": "down"}}}, {"from": [1, -0.4897921558963092, 0.010986705924218684], "to": [2, 0, 1], "faces": {"north": {"uv": [1, 15, 2, 16], "rotation": 180, "texture": "#side", "cullface": "down"}, "east": {"uv": [1, 15, 2, 16], "rotation": 270, "texture": "#side", "cullface": "down"}, "south": {"uv": [1, 15, 2, 16], "texture": "#side", "cullface": "down"}, "down": {"uv": [1, 15, 2, 16], "texture": "#side", "cullface": "down"}}}, {"from": [0.010411140196287482, -0.4897921558963092, 0.010411140196287482], "to": [1, 0, 3], "faces": {"north": {"uv": [0, 15, 1, 16], "rotation": 180, "texture": "#side", "cullface": "down"}, "east": {"uv": [0, 13, 1, 16], "rotation": 270, "texture": "#side", "cullface": "down"}, "south": {"uv": [0, 13, 1, 14], "texture": "#side", "cullface": "down"}, "west": {"uv": [0, 13, 1, 16], "rotation": 90, "texture": "#side", "cullface": "down"}, "down": {"uv": [0, 13, 1, 16], "texture": "#side", "cullface": "down"}}}, {"from": [2, -0.4897921558963092, 1], "to": [4, 0, 2], "faces": {"north": {"uv": [2, 14, 4, 15], "rotation": 180, "texture": "#side", "cullface": "down"}, "east": {"uv": [3, 14, 4, 15], "rotation": 270, "texture": "#side", "cullface": "down"}, "west": {"uv": [2, 14, 3, 15], "rotation": 90, "texture": "#side", "cullface": "down"}, "down": {"uv": [2, 14, 4, 15], "texture": "#side", "cullface": "down"}}}, {"from": [2, -0.4897921558963092, 2], "to": [5, 0, 3], "faces": {"north": {"uv": [2, 13, 5, 14], "rotation": 180, "texture": "#side", "cullface": "down"}, "east": {"uv": [4, 13, 5, 14], "rotation": 270, "texture": "#side", "cullface": "down"}, "south": {"uv": [2, 13, 5, 14], "texture": "#side", "cullface": "down"}, "west": {"uv": [2, 13, 3, 14], "rotation": 90, "texture": "#side", "cullface": "down"}, "down": {"uv": [2, 13, 5, 14], "texture": "#side", "cullface": "down"}}}, {"from": [3, -0.4897921558963092, 3], "to": [6, 0, 4], "faces": {"north": {"uv": [3, 12, 6, 13], "rotation": 180, "texture": "#side", "cullface": "down"}, "east": {"uv": [5, 12, 6, 13], "rotation": 270, "texture": "#side", "cullface": "down"}, "south": {"uv": [3, 12, 6, 13], "texture": "#side", "cullface": "down"}, "west": {"uv": [3, 12, 4, 13], "rotation": 90, "texture": "#side", "cullface": "down"}, "down": {"uv": [3, 12, 6, 13], "texture": "#side", "cullface": "down"}}}, {"from": [0.010470889209048066, -0.4897921558963092, 4], "to": [3, 0, 6], "faces": {"north": {"uv": [0, 11, 3, 12], "rotation": 180, "texture": "#side", "cullface": "down"}, "east": {"uv": [2, 10, 3, 12], "rotation": 270, "texture": "#side", "cullface": "down"}, "south": {"uv": [0, 10, 3, 11], "texture": "#side", "cullface": "down"}, "west": {"uv": [0, 10, 1, 12], "rotation": 90, "texture": "#side", "cullface": "down"}, "down": {"uv": [0, 10, 3, 12], "texture": "#side", "cullface": "down"}}}, {"from": [1, -0.4897921558963092, 3], "to": [2, 0, 4], "faces": {"north": {"uv": [1, 12, 2, 13], "rotation": 180, "texture": "#side", "cullface": "down"}, "east": {"uv": [1, 12, 2, 13], "rotation": 270, "texture": "#side", "cullface": "down"}, "west": {"uv": [1, 12, 2, 13], "rotation": 90, "texture": "#side", "cullface": "down"}, "down": {"uv": [1, 12, 2, 13], "texture": "#side", "cullface": "down"}}}, {"from": [1, -0.4897921558963092, 7], "to": [2, 0, 8], "faces": {"north": {"uv": [1, 8, 2, 9], "rotation": 180, "texture": "#side", "cullface": "down"}, "east": {"uv": [1, 8, 2, 9], "rotation": 270, "texture": "#side", "cullface": "down"}, "west": {"uv": [1, 8, 2, 9], "rotation": 90, "texture": "#side", "cullface": "down"}, "down": {"uv": [1, 8, 2, 9], "texture": "#side", "cullface": "down"}}}, {"from": [0.010617400423681006, -0.4897921558963092, 8], "to": [4, 0, 9], "faces": {"north": {"uv": [0, 7, 4, 8], "rotation": 180, "texture": "#side", "cullface": "down"}, "east": {"uv": [3, 7, 4, 8], "rotation": 270, "texture": "#side", "cullface": "down"}, "south": {"uv": [0, 7, 4, 8], "texture": "#side", "cullface": "down"}, "west": {"uv": [0, 7, 1, 8], "rotation": 90, "texture": "#side", "cullface": "down"}, "down": {"uv": [0, 7, 4, 8], "texture": "#side", "cullface": "down"}}}, {"from": [0.010629966291218335, -0.4897921558963092, 9], "to": [3, 0, 10], "faces": {"east": {"uv": [2, 6, 3, 7], "rotation": 270, "texture": "#side", "cullface": "down"}, "south": {"uv": [0, 6, 3, 7], "texture": "#side", "cullface": "down"}, "west": {"uv": [0, 6, 1, 7], "rotation": 90, "texture": "#side", "cullface": "down"}, "down": {"uv": [0, 6, 3, 7], "texture": "#side", "cullface": "down"}}}, {"from": [0.010105292824656366, -0.4897921558963092, 10], "to": [2, 0, 11], "faces": {"east": {"uv": [1, 5, 2, 6], "rotation": 270, "texture": "#side", "cullface": "down"}, "south": {"uv": [0, 5, 2, 6], "texture": "#side", "cullface": "down"}, "west": {"uv": [0, 5, 1, 6], "rotation": 90, "texture": "#side", "cullface": "down"}, "down": {"uv": [0, 5, 2, 6], "texture": "#side", "cullface": "down"}}}, {"from": [0.010549143766231778, -0.4897921558963092, 11], "to": [1, 0, 13], "faces": {"east": {"uv": [0, 3, 1, 5], "rotation": 270, "texture": "#side", "cullface": "down"}, "south": {"uv": [0, 3, 1, 4], "texture": "#side", "cullface": "down"}, "west": {"uv": [0, 3, 1, 5], "rotation": 90, "texture": "#side", "cullface": "down"}, "down": {"uv": [0, 3, 1, 5], "texture": "#side", "cullface": "down"}}}, {"from": [2, -0.4897921558963092, 11], "to": [7, 0, 13], "faces": {"north": {"uv": [2, 4, 7, 5], "rotation": 180, "texture": "#side", "cullface": "down"}, "east": {"uv": [6, 3, 7, 5], "rotation": 270, "texture": "#side", "cullface": "down"}, "south": {"uv": [2, 3, 7, 4], "texture": "#side", "cullface": "down"}, "west": {"uv": [2, 3, 3, 5], "rotation": 90, "texture": "#side", "cullface": "down"}, "down": {"uv": [2, 3, 7, 5], "texture": "#side", "cullface": "down"}}}, {"from": [4, -0.4897921558963092, 10], "to": [7, 0, 11], "faces": {"north": {"uv": [4, 5, 7, 6], "rotation": 180, "texture": "#side", "cullface": "down"}, "east": {"uv": [6, 5, 7, 6], "rotation": 270, "texture": "#side", "cullface": "down"}, "west": {"uv": [4, 5, 5, 6], "rotation": 90, "texture": "#side", "cullface": "down"}, "down": {"uv": [4, 5, 7, 6], "texture": "#side", "cullface": "down"}}}, {"from": [7, -0.4897921558963092, 12], "to": [8, 0, 13], "faces": {"north": {"uv": [7, 3, 8, 4], "rotation": 180, "texture": "#side", "cullface": "down"}, "east": {"uv": [7, 3, 8, 4], "rotation": 270, "texture": "#side", "cullface": "down"}, "south": {"uv": [7, 3, 8, 4], "texture": "#side", "cullface": "down"}, "down": {"uv": [7, 3, 8, 4], "texture": "#side", "cullface": "down"}}}, {"from": [9, -0.4897921558963092, 12], "to": [12, 0, 13], "faces": {"east": {"uv": [11, 3, 12, 4], "rotation": 270, "texture": "#side", "cullface": "down"}, "south": {"uv": [9, 3, 12, 4], "texture": "#side", "cullface": "down"}, "west": {"uv": [9, 3, 10, 4], "rotation": 90, "texture": "#side", "cullface": "down"}, "down": {"uv": [9, 3, 12, 4], "texture": "#side", "cullface": "down"}}}, {"from": [8, -0.4897921558963092, 10], "to": [13, 0, 12], "faces": {"north": {"uv": [8, 5, 13, 6], "rotation": 180, "texture": "#side", "cullface": "down"}, "east": {"uv": [12, 4, 13, 6], "rotation": 270, "texture": "#side", "cullface": "down"}, "south": {"uv": [8, 4, 13, 5], "texture": "#side", "cullface": "down"}, "west": {"uv": [8, 4, 9, 6], "rotation": 90, "texture": "#side", "cullface": "down"}, "down": {"uv": [8, 4, 13, 6], "texture": "#side", "cullface": "down"}}}, {"from": [9, -0.4897921558963092, 8], "to": [10, 0, 10], "faces": {"north": {"uv": [9, 7, 10, 8], "rotation": 180, "texture": "#side", "cullface": "down"}, "east": {"uv": [9, 6, 10, 8], "rotation": 270, "texture": "#side", "cullface": "down"}, "west": {"uv": [9, 6, 10, 8], "rotation": 90, "texture": "#side", "cullface": "down"}, "down": {"uv": [9, 6, 10, 8], "texture": "#side", "cullface": "down"}}}, {"from": [10, -0.4897921558963092, 9], "to": [11, 0, 10], "faces": {"north": {"uv": [10, 6, 11, 7], "rotation": 180, "texture": "#side", "cullface": "down"}, "east": {"uv": [10, 6, 11, 7], "rotation": 270, "texture": "#side", "cullface": "down"}, "down": {"uv": [10, 6, 11, 7], "texture": "#side", "cullface": "down"}}}, {"from": [10, -0.4897921558963092, 6], "to": [11, 0, 8], "faces": {"north": {"uv": [10, 9, 11, 10], "rotation": 180, "texture": "#side", "cullface": "down"}, "south": {"uv": [10, 8, 11, 9], "texture": "#side", "cullface": "down"}, "west": {"uv": [10, 8, 11, 10], "rotation": 90, "texture": "#side", "cullface": "down"}, "down": {"uv": [10, 8, 11, 10], "texture": "#side", "cullface": "down"}}}, {"from": [15, -0.4897921558963092, 6], "to": [15.989662134620172, 0, 7], "faces": {"north": {"uv": [15, 9, 16, 10], "rotation": 180, "texture": "#side", "cullface": "down"}, "east": {"uv": [15, 9, 16, 10], "rotation": 270, "texture": "#side", "cullface": "down"}, "south": {"uv": [15, 9, 16, 10], "texture": "#side", "cullface": "down"}, "down": {"uv": [15, 9, 16, 10], "texture": "#side", "cullface": "down"}}}, {"from": [3, -0.4897921558963092, 6], "to": [8, 0, 7], "faces": {"north": {"uv": [3, 9, 8, 10], "rotation": 180, "texture": "#side", "cullface": "down"}, "east": {"uv": [7, 9, 8, 10], "rotation": 270, "texture": "#side", "cullface": "down"}, "south": {"uv": [3, 9, 8, 10], "texture": "#side", "cullface": "down"}, "west": {"uv": [3, 9, 4, 10], "rotation": 90, "texture": "#side", "cullface": "down"}, "down": {"uv": [3, 9, 8, 10], "texture": "#side", "cullface": "down"}}}, {"from": [4, -0.4897921558963092, 7], "to": [9, 0, 8], "faces": {"north": {"uv": [4, 8, 9, 9], "rotation": 180, "texture": "#side", "cullface": "down"}, "east": {"uv": [8, 8, 9, 9], "rotation": 270, "texture": "#side", "cullface": "down"}, "south": {"uv": [4, 8, 9, 9], "texture": "#side", "cullface": "down"}, "west": {"uv": [4, 8, 5, 9], "rotation": 90, "texture": "#side", "cullface": "down"}, "down": {"uv": [4, 8, 9, 9], "texture": "#side", "cullface": "down"}}}, {"from": [5, -0.4897921558963092, 8], "to": [8, 0, 9], "faces": {"east": {"uv": [7, 7, 8, 8], "rotation": 270, "texture": "#side", "cullface": "down"}, "south": {"uv": [5, 7, 8, 8], "texture": "#side", "cullface": "down"}, "west": {"uv": [5, 7, 6, 8], "rotation": 90, "texture": "#side", "cullface": "down"}, "down": {"uv": [5, 7, 8, 8], "texture": "#side", "cullface": "down"}}}, {"from": [4, -0.4897921558963092, 5], "to": [7, 0, 6], "faces": {"north": {"uv": [4, 10, 7, 11], "rotation": 180, "texture": "#side", "cullface": "down"}, "east": {"uv": [6, 10, 7, 11], "rotation": 270, "texture": "#side", "cullface": "down"}, "west": {"uv": [4, 10, 5, 11], "rotation": 90, "texture": "#side", "cullface": "down"}, "down": {"uv": [4, 10, 7, 11], "texture": "#side", "cullface": "down"}}}, {"from": [8, -0.4897921558963092, 5], "to": [10, 0, 6], "faces": {"east": {"uv": [9, 10, 10, 11], "rotation": 270, "texture": "#side", "cullface": "down"}, "south": {"uv": [8, 10, 10, 11], "texture": "#side", "cullface": "down"}, "west": {"uv": [8, 10, 9, 11], "rotation": 90, "texture": "#side", "cullface": "down"}, "down": {"uv": [8, 10, 10, 11], "texture": "#side", "cullface": "down"}}}, {"from": [7, -0.4897921558963092, 4], "to": [11, 0, 5], "faces": {"east": {"uv": [10, 11, 11, 12], "rotation": 270, "texture": "#side", "cullface": "down"}, "south": {"uv": [7, 11, 11, 12], "texture": "#side", "cullface": "down"}, "west": {"uv": [7, 11, 8, 12], "rotation": 90, "texture": "#side", "cullface": "down"}, "down": {"uv": [7, 11, 11, 12], "texture": "#side", "cullface": "down"}}}, {"from": [6, -0.4897921558963092, 2], "to": [12, 0, 3], "faces": {"north": {"uv": [6, 13, 12, 14], "rotation": 180, "texture": "#side", "cullface": "down"}, "east": {"uv": [11, 13, 12, 14], "rotation": 270, "texture": "#side", "cullface": "down"}, "south": {"uv": [6, 13, 12, 14], "texture": "#side", "cullface": "down"}, "west": {"uv": [6, 13, 7, 14], "rotation": 90, "texture": "#side", "cullface": "down"}, "down": {"uv": [6, 13, 12, 14], "texture": "#side", "cullface": "down"}}}, {"from": [7, -0.4897921558963092, 1], "to": [9, 0, 2], "faces": {"north": {"uv": [7, 14, 9, 15], "rotation": 180, "texture": "#side", "cullface": "down"}, "east": {"uv": [8, 14, 9, 15], "rotation": 270, "texture": "#side", "cullface": "down"}, "west": {"uv": [7, 14, 8, 15], "rotation": 90, "texture": "#side", "cullface": "down"}, "down": {"uv": [7, 14, 9, 15], "texture": "#side", "cullface": "down"}}}, {"from": [7, -0.4897921558963092, 3], "to": [13, 0, 4], "faces": {"north": {"uv": [7, 12, 13, 13], "rotation": 180, "texture": "#side", "cullface": "down"}, "east": {"uv": [12, 12, 13, 13], "rotation": 270, "texture": "#side", "cullface": "down"}, "south": {"uv": [7, 12, 13, 13], "texture": "#side", "cullface": "down"}, "west": {"uv": [7, 12, 8, 13], "rotation": 90, "texture": "#side", "cullface": "down"}, "down": {"uv": [7, 12, 13, 13], "texture": "#side", "cullface": "down"}}}, {"from": [14, -0.4897921558963092, 1], "to": [15.989318993553644, 0, 4], "faces": {"north": {"uv": [14, 14, 16, 15], "rotation": 180, "texture": "#side", "cullface": "down"}, "east": {"uv": [15, 12, 16, 15], "rotation": 270, "texture": "#side", "cullface": "down"}, "south": {"uv": [14, 12, 16, 13], "texture": "#side", "cullface": "down"}, "west": {"uv": [14, 12, 15, 15], "rotation": 90, "texture": "#side", "cullface": "down"}, "down": {"uv": [14, 12, 16, 15], "texture": "#side", "cullface": "down"}}}, {"from": [13, -0.4897921558963092, 4], "to": [14, 0, 5], "faces": {"north": {"uv": [13, 11, 14, 12], "rotation": 180, "texture": "#side", "cullface": "down"}, "east": {"uv": [13, 11, 14, 12], "rotation": 270, "texture": "#side", "cullface": "down"}, "west": {"uv": [13, 11, 14, 12], "rotation": 90, "texture": "#side", "cullface": "down"}, "down": {"uv": [13, 11, 14, 12], "texture": "#side", "cullface": "down"}}}, {"from": [15, -0.4897921558963092, 9], "to": [15.989480992690769, 0, 13], "faces": {"north": {"uv": [15, 6, 16, 7], "rotation": 180, "texture": "#side", "cullface": "down"}, "east": {"uv": [15, 3, 16, 7], "rotation": 270, "texture": "#side", "cullface": "down"}, "south": {"uv": [15, 3, 16, 4], "texture": "#side", "cullface": "down"}, "west": {"uv": [15, 3, 16, 7], "rotation": 90, "texture": "#side", "cullface": "down"}, "down": {"uv": [15, 3, 16, 7], "texture": "#side", "cullface": "down"}}}, {"from": [14, -0.4897921558963092, 10], "to": [15, 0, 12], "faces": {"north": {"uv": [14, 5, 15, 6], "rotation": 180, "texture": "#side", "cullface": "down"}, "south": {"uv": [14, 4, 15, 5], "texture": "#side", "cullface": "down"}, "west": {"uv": [14, 4, 15, 6], "rotation": 90, "texture": "#side", "cullface": "down"}, "down": {"uv": [14, 4, 15, 6], "texture": "#side", "cullface": "down"}}}, {"from": [11, -0.4897921558963092, 5], "to": [15, 0, 9], "faces": {"north": {"uv": [11, 10, 15, 11], "rotation": 180, "texture": "#side", "cullface": "down"}, "east": {"uv": [14, 7, 15, 11], "rotation": 270, "texture": "#side", "cullface": "down"}, "south": {"uv": [11, 7, 15, 8], "texture": "#side", "cullface": "down"}, "west": {"uv": [11, 7, 12, 11], "rotation": 90, "texture": "#side", "cullface": "down"}, "down": {"uv": [11, 7, 15, 11], "texture": "#side", "cullface": "down"}}}, {"from": [1, -0.4897921558963092, 13], "to": [3, 0, 15.989217885893643], "faces": {"north": {"uv": [1, 2, 3, 3], "rotation": 180, "texture": "#bottom", "cullface": "down"}, "east": {"uv": [2, 0, 3, 3], "rotation": 270, "texture": "#bottom", "cullface": "down"}, "south": {"uv": [1, 0, 3, 1], "texture": "#bottom", "cullface": "down"}, "west": {"uv": [1, 0, 2, 3], "rotation": 90, "texture": "#bottom", "cullface": "down"}, "down": {"uv": [1, 0, 3, 3], "texture": "#bottom", "cullface": "down"}}}, {"from": [13, -0.4897921558963092, 13], "to": [15, 0, 15.989555420395943], "faces": {"north": {"uv": [13, 2, 15, 3], "rotation": 180, "texture": "#bottom", "cullface": "down"}, "east": {"uv": [14, 0, 15, 3], "rotation": 270, "texture": "#bottom", "cullface": "down"}, "south": {"uv": [13, 0, 15, 1], "texture": "#bottom", "cullface": "down"}, "west": {"uv": [13, 0, 14, 3], "rotation": 90, "texture": "#bottom", "cullface": "down"}, "down": {"uv": [13, 0, 15, 3], "texture": "#bottom", "cullface": "down"}}}, {"from": [8, -0.4897921558963092, 14], "to": [11, 0, 15], "faces": {"north": {"uv": [8, 1, 11, 2], "rotation": 180, "texture": "#bottom", "cullface": "down"}, "east": {"uv": [10, 1, 11, 2], "rotation": 270, "texture": "#bottom", "cullface": "down"}, "west": {"uv": [8, 1, 9, 2], "rotation": 90, "texture": "#bottom", "cullface": "down"}, "down": {"uv": [8, 1, 11, 2], "texture": "#bottom", "cullface": "down"}}}, {"from": [5, -0.4897921558963092, 15], "to": [12, 0, 15.989544529763188], "faces": {"north": {"uv": [5, 0, 12, 1], "rotation": 180, "texture": "#bottom", "cullface": "down"}, "east": {"uv": [11, 0, 12, 1], "rotation": 270, "texture": "#bottom", "cullface": "down"}, "south": {"uv": [5, 0, 12, 1], "texture": "#bottom", "cullface": "down"}, "west": {"uv": [5, 0, 6, 1], "rotation": 90, "texture": "#bottom", "cullface": "down"}, "down": {"uv": [5, 0, 12, 1], "texture": "#bottom", "cullface": "down"}}}, {"from": [4, -0.4897921558963092, 13], "to": [7, 0, 14], "faces": {"east": {"uv": [6, 2, 7, 3], "rotation": 270, "texture": "#bottom", "cullface": "down"}, "south": {"uv": [4, 2, 7, 3], "texture": "#bottom", "cullface": "down"}, "west": {"uv": [4, 2, 5, 3], "rotation": 90, "texture": "#bottom", "cullface": "down"}, "down": {"uv": [4, 2, 7, 3], "texture": "#bottom", "cullface": "down"}}}, {"from": [3, -0.4897921558963092, 14], "to": [4, 0, 15.98992466041478], "faces": {"north": {"uv": [3, 1, 4, 2], "rotation": 180, "texture": "#bottom", "cullface": "down"}, "east": {"uv": [3, 0, 4, 2], "rotation": 270, "texture": "#bottom", "cullface": "down"}, "south": {"uv": [3, 0, 4, 1], "texture": "#bottom", "cullface": "down"}, "down": {"uv": [3, 0, 4, 2], "texture": "#bottom", "cullface": "down"}}}, {"from": [12, -0.4897921558963092, 13], "to": [13, 0, 14], "faces": {"north": {"uv": [12, 2, 13, 3], "rotation": 180, "texture": "#bottom", "cullface": "down"}, "south": {"uv": [12, 2, 13, 3], "texture": "#bottom", "cullface": "down"}, "west": {"uv": [12, 2, 13, 3], "rotation": 90, "texture": "#bottom", "cullface": "down"}, "down": {"uv": [12, 2, 13, 3], "texture": "#bottom", "cullface": "down"}}}, {"from": [15, -0.4897921558963092, 15], "to": [15.989065710417629, 0, 15.989065710417629], "faces": {"north": {"uv": [15, 0, 16, 1], "rotation": 180, "texture": "#bottom", "cullface": "down"}, "east": {"uv": [15, 0, 16, 1], "rotation": 270, "texture": "#bottom", "cullface": "down"}, "south": {"uv": [15, 0, 16, 1], "texture": "#bottom", "cullface": "down"}, "down": {"uv": [15, 0, 16, 1], "texture": "#bottom", "cullface": "down"}}}], "display": {"thirdperson_righthand": {"rotation": [75, 45, 0], "translation": [0, 2.5, 0], "scale": [0.375, 0.375, 0.375]}, "thirdperson_lefthand": {"rotation": [75, 45, 0], "translation": [0, 2.5, 0], "scale": [0.375, 0.375, 0.375]}, "firstperson_righthand": {"rotation": [0, 45, 0], "scale": [0.4, 0.4, 0.4]}, "firstperson_lefthand": {"rotation": [0, 225, 0], "scale": [0.4, 0.4, 0.4]}, "ground": {"translation": [0, 3, 0], "scale": [0.25, 0.25, 0.25]}, "gui": {"rotation": [30, 225, 0], "scale": [0.625, 0.625, 0.625]}, "fixed": {"scale": [0.5, 0.5, 0.5]}}, "groups": [0, {"name": "north", "origin": [8, 8, 8], "color": 0, "children": [1, 2, 3, 4, 5, 6, 7, 8, 9, 10, 11, 12, 13, 14, 15, 16, 17, 18, 19, 20, 21, 22, 23, 24, 25, 26, 27, 28, 29, 30, 31, 32, 33, 34, 35, 36, 37, 38, 39]}, {"name": "east", "origin": [8, 8, 8], "color": 0, "children": [40, 41, 42, 43, 44, 45, 46, 47, 48, 49, 50, 51, 52, 53, 54, 55, 56, 57, 58, 59, 60, 61, 62, 63, 64, 65, 66, 67, 68, 69, 70, 71, 72, 73, 74, 75, 76, 77, 78]}, {"name": "south", "origin": [8, 8, 8], "color": 0, "children": [79, 80, 81, 82, 83, 84, 85, 86, 87, 88, 89, 90, 91, 92, 93, 94, 95, 96, 97, 98, 99, 100, 101, 102, 103, 104, 105, 106, 107, 108, 109, 110, 111, 112, 113, 114, 115, 116, 117]}, {"name": "west", "origin": [8, 8, 8], "color": 0, "children": [118, 119, 120, 121, 122, 123, 124, 125, 126, 127, 128, 129, 130, 131, 132, 133, 134, 135, 136, 137, 138, 139, 140, 141, 142, 143, 144, 145, 146, 147, 148, 149, 150, 151, 152, 153, 154, 155, 156]}, {"name": "down", "origin": [8, 8, 8], "color": 0, "children": [157, 158, 159, 160, 161, 162, 163, 164, 165, 166, 167, 168, 169, 170, 171, 172, 173, 174, 175, 176, 177, 178, 179, 180, 181, 182, 183, 184, 185, 186, 187, 188, 189, 190, 191, 192, 193, 194, 195, 196, 197, 198, 199, 200, 201, 202]}]}