{"textures": {"particle": "#all"}, "elements": [{"from": [0, 0, 0], "to": [16, 16, 16], "faces": {"north": {"uv": [0, 0, 16, 16], "texture": "#all", "cullface": "north"}, "east": {"uv": [0, 0, 16, 16], "texture": "#all", "cullface": "east"}, "south": {"uv": [0, 0, 16, 16], "texture": "#all", "cullface": "south"}, "west": {"uv": [0, 0, 16, 16], "texture": "#all", "cullface": "west"}, "up": {"uv": [0, 0, 16, 16], "texture": "#all", "cullface": "up"}, "down": {"uv": [0, 0, 16, 16], "texture": "#all", "cullface": "down"}}}, {"from": [1, 13, -0.4898574325117814], "to": [15.989381264481976, 15.989381264481976, 0], "faces": {"north": {"uv": [0, 0, 15, 3], "texture": "#all", "cullface": "north"}, "east": {"uv": [0, 0, 1, 3], "texture": "#all", "cullface": "north"}, "west": {"uv": [14, 0, 15, 3], "texture": "#all", "cullface": "north"}, "up": {"uv": [0, 0, 15, 1], "rotation": 180, "texture": "#all", "cullface": "north"}, "down": {"uv": [0, 2, 15, 3], "rotation": 180, "texture": "#all", "cullface": "north"}}}, {"from": [0.010007776649435864, 1, -0.4898574325117814], "to": [8, 4, 0], "faces": {"north": {"uv": [8, 12, 16, 15], "texture": "#all", "cullface": "north"}, "east": {"uv": [8, 12, 9, 15], "texture": "#all", "cullface": "north"}, "west": {"uv": [15, 12, 16, 15], "texture": "#all", "cullface": "north"}, "up": {"uv": [8, 12, 16, 13], "rotation": 180, "texture": "#all", "cullface": "north"}, "down": {"uv": [8, 14, 16, 15], "rotation": 180, "texture": "#all", "cullface": "north"}}}, {"from": [0.010298560121018121, 9, -0.4898574325117814], "to": [8, 12, 0], "faces": {"north": {"uv": [8, 4, 16, 7], "texture": "#all", "cullface": "north"}, "east": {"uv": [8, 4, 9, 7], "texture": "#all", "cullface": "north"}, "west": {"uv": [15, 4, 16, 7], "texture": "#all", "cullface": "north"}, "up": {"uv": [8, 4, 16, 5], "rotation": 180, "texture": "#all", "cullface": "north"}, "down": {"uv": [8, 6, 16, 7], "rotation": 180, "texture": "#all", "cullface": "north"}}}, {"from": [9, 9, -0.4898574325117814], "to": [15.989231365740457, 12, 0], "faces": {"north": {"uv": [0, 4, 7, 7], "texture": "#all", "cullface": "north"}, "east": {"uv": [0, 4, 1, 7], "texture": "#all", "cullface": "north"}, "west": {"uv": [6, 4, 7, 7], "texture": "#all", "cullface": "north"}, "up": {"uv": [0, 4, 7, 5], "rotation": 180, "texture": "#all", "cullface": "north"}, "down": {"uv": [0, 6, 7, 7], "rotation": 180, "texture": "#all", "cullface": "north"}}}, {"from": [9, 1, -0.4898574325117814], "to": [15.989371079621455, 4, 0], "faces": {"north": {"uv": [0, 12, 7, 15], "texture": "#all", "cullface": "north"}, "east": {"uv": [0, 12, 1, 15], "texture": "#all", "cullface": "north"}, "west": {"uv": [6, 12, 7, 15], "texture": "#all", "cullface": "north"}, "up": {"uv": [0, 12, 7, 13], "rotation": 180, "texture": "#all", "cullface": "north"}, "down": {"uv": [0, 14, 7, 15], "rotation": 180, "texture": "#all", "cullface": "north"}}}, {"from": [1, 5, -0.4898574325117814], "to": [15.989454791884055, 8, 0], "faces": {"north": {"uv": [0, 8, 15, 11], "texture": "#all", "cullface": "north"}, "east": {"uv": [0, 8, 1, 11], "texture": "#all", "cullface": "north"}, "west": {"uv": [14, 8, 15, 11], "texture": "#all", "cullface": "north"}, "up": {"uv": [0, 8, 15, 9], "rotation": 180, "texture": "#all", "cullface": "north"}, "down": {"uv": [0, 10, 15, 11], "rotation": 180, "texture": "#all", "cullface": "north"}}}, {"from": [16, 13, 1], "to": [16.489537564645474, 15.98984377889019, 15.98984377889019], "faces": {"north": {"uv": [14, 0, 15, 3], "texture": "#all", "cullface": "east"}, "east": {"uv": [0, 0, 15, 3], "texture": "#all", "cullface": "east"}, "south": {"uv": [0, 0, 1, 3], "texture": "#all", "cullface": "east"}, "up": {"uv": [0, 0, 15, 1], "rotation": 270, "texture": "#all", "cullface": "east"}, "down": {"uv": [0, 2, 15, 3], "rotation": 90, "texture": "#all", "cullface": "east"}}}, {"from": [16, 1, 0.010706294042999689], "to": [16.489537564645474, 4, 8], "faces": {"north": {"uv": [15, 12, 16, 15], "texture": "#all", "cullface": "east"}, "east": {"uv": [8, 12, 16, 15], "texture": "#all", "cullface": "east"}, "south": {"uv": [8, 12, 9, 15], "texture": "#all", "cullface": "east"}, "up": {"uv": [8, 12, 16, 13], "rotation": 270, "texture": "#all", "cullface": "east"}, "down": {"uv": [8, 14, 16, 15], "rotation": 90, "texture": "#all", "cullface": "east"}}}, {"from": [16, 9, 0.010471434921715804], "to": [16.489537564645474, 12, 8], "faces": {"north": {"uv": [15, 4, 16, 7], "texture": "#all", "cullface": "east"}, "east": {"uv": [8, 4, 16, 7], "texture": "#all", "cullface": "east"}, "south": {"uv": [8, 4, 9, 7], "texture": "#all", "cullface": "east"}, "up": {"uv": [8, 4, 16, 5], "rotation": 270, "texture": "#all", "cullface": "east"}, "down": {"uv": [8, 6, 16, 7], "rotation": 90, "texture": "#all", "cullface": "east"}}}, {"from": [16, 9, 9], "to": [16.489537564645474, 12, 15.989321821253764], "faces": {"north": {"uv": [6, 4, 7, 7], "texture": "#all", "cullface": "east"}, "east": {"uv": [0, 4, 7, 7], "texture": "#all", "cullface": "east"}, "south": {"uv": [0, 4, 1, 7], "texture": "#all", "cullface": "east"}, "up": {"uv": [0, 4, 7, 5], "rotation": 270, "texture": "#all", "cullface": "east"}, "down": {"uv": [0, 6, 7, 7], "rotation": 90, "texture": "#all", "cullface": "east"}}}, {"from": [16, 1, 9], "to": [16.489537564645474, 4, 15.989239910163276], "faces": {"north": {"uv": [6, 12, 7, 15], "texture": "#all", "cullface": "east"}, "east": {"uv": [0, 12, 7, 15], "texture": "#all", "cullface": "east"}, "south": {"uv": [0, 12, 1, 15], "texture": "#all", "cullface": "east"}, "up": {"uv": [0, 12, 7, 13], "rotation": 270, "texture": "#all", "cullface": "east"}, "down": {"uv": [0, 14, 7, 15], "rotation": 90, "texture": "#all", "cullface": "east"}}}, {"from": [16, 5, 1], "to": [16.489537564645474, 8, 15.98976763727856], "faces": {"north": {"uv": [14, 8, 15, 11], "texture": "#all", "cullface": "east"}, "east": {"uv": [0, 8, 15, 11], "texture": "#all", "cullface": "east"}, "south": {"uv": [0, 8, 1, 11], "texture": "#all", "cullface": "east"}, "up": {"uv": [0, 8, 15, 9], "rotation": 270, "texture": "#all", "cullface": "east"}, "down": {"uv": [0, 10, 15, 11], "rotation": 90, "texture": "#all", "cullface": "east"}}}, {"from": [0.010761995013097712, 13, 16], "to": [15, 15.989238004986902, 16.489362696475638], "faces": {"east": {"uv": [14, 0, 15, 3], "texture": "#all", "cullface": "south"}, "south": {"uv": [0, 0, 15, 3], "texture": "#all", "cullface": "south"}, "west": {"uv": [0, 0, 1, 3], "texture": "#all", "cullface": "south"}, "up": {"uv": [0, 0, 15, 1], "texture": "#all", "cullface": "south"}, "down": {"uv": [0, 2, 15, 3], "texture": "#all", "cullface": "south"}}}, {"from": [8, 1, 16], "to": [15.989719911615312, 4, 16.489362696475638], "faces": {"east": {"uv": [15, 12, 16, 15], "texture": "#all", "cullface": "south"}, "south": {"uv": [8, 12, 16, 15], "texture": "#all", "cullface": "south"}, "west": {"uv": [8, 12, 9, 15], "texture": "#all", "cullface": "south"}, "up": {"uv": [8, 12, 16, 13], "texture": "#all", "cullface": "south"}, "down": {"uv": [8, 14, 16, 15], "texture": "#all", "cullface": "south"}}}, {"from": [8, 9, 16], "to": [15.989015984862881, 12, 16.489362696475638], "faces": {"east": {"uv": [15, 4, 16, 7], "texture": "#all", "cullface": "south"}, "south": {"uv": [8, 4, 16, 7], "texture": "#all", "cullface": "south"}, "west": {"uv": [8, 4, 9, 7], "texture": "#all", "cullface": "south"}, "up": {"uv": [8, 4, 16, 5], "texture": "#all", "cullface": "south"}, "down": {"uv": [8, 6, 16, 7], "texture": "#all", "cullface": "south"}}}, {"from": [0.010120831610784519, 9, 16], "to": [7, 12, 16.489362696475638], "faces": {"east": {"uv": [6, 4, 7, 7], "texture": "#all", "cullface": "south"}, "south": {"uv": [0, 4, 7, 7], "texture": "#all", "cullface": "south"}, "west": {"uv": [0, 4, 1, 7], "texture": "#all", "cullface": "south"}, "up": {"uv": [0, 4, 7, 5], "texture": "#all", "cullface": "south"}, "down": {"uv": [0, 6, 7, 7], "texture": "#all", "cullface": "south"}}}, {"from": [0.010883718018744057, 1, 16], "to": [7, 4, 16.489362696475638], "faces": {"east": {"uv": [6, 12, 7, 15], "texture": "#all", "cullface": "south"}, "south": {"uv": [0, 12, 7, 15], "texture": "#all", "cullface": "south"}, "west": {"uv": [0, 12, 1, 15], "texture": "#all", "cullface": "south"}, "up": {"uv": [0, 12, 7, 13], "texture": "#all", "cullface": "south"}, "down": {"uv": [0, 14, 7, 15], "texture": "#all", "cullface": "south"}}}, {"from": [0.010040547125043372, 5, 16], "to": [15, 8, 16.489362696475638], "faces": {"east": {"uv": [14, 8, 15, 11], "texture": "#all", "cullface": "south"}, "south": {"uv": [0, 8, 15, 11], "texture": "#all", "cullface": "south"}, "west": {"uv": [0, 8, 1, 11], "texture": "#all", "cullface": "south"}, "up": {"uv": [0, 8, 15, 9], "texture": "#all", "cullface": "south"}, "down": {"uv": [0, 10, 15, 11], "texture": "#all", "cullface": "south"}}}, {"from": [-0.4895167120117319, 13, 0.010256575818348145], "to": [0, 15.989743424181652, 15], "faces": {"north": {"uv": [0, 0, 1, 3], "texture": "#all", "cullface": "west"}, "south": {"uv": [14, 0, 15, 3], "texture": "#all", "cullface": "west"}, "west": {"uv": [0, 0, 15, 3], "texture": "#all", "cullface": "west"}, "up": {"uv": [0, 0, 15, 1], "rotation": 90, "texture": "#all", "cullface": "west"}, "down": {"uv": [0, 2, 15, 3], "rotation": 270, "texture": "#all", "cullface": "west"}}}, {"from": [-0.4895167120117319, 1, 8], "to": [0, 4, 15.989473898091237], "faces": {"north": {"uv": [8, 12, 9, 15], "texture": "#all", "cullface": "west"}, "south": {"uv": [15, 12, 16, 15], "texture": "#all", "cullface": "west"}, "west": {"uv": [8, 12, 16, 15], "texture": "#all", "cullface": "west"}, "up": {"uv": [8, 12, 16, 13], "rotation": 90, "texture": "#all", "cullface": "west"}, "down": {"uv": [8, 14, 16, 15], "rotation": 270, "texture": "#all", "cullface": "west"}}}, {"from": [-0.4895167120117319, 9, 8], "to": [0, 12, 15.989418383816556], "faces": {"north": {"uv": [8, 4, 9, 7], "texture": "#all", "cullface": "west"}, "south": {"uv": [15, 4, 16, 7], "texture": "#all", "cullface": "west"}, "west": {"uv": [8, 4, 16, 7], "texture": "#all", "cullface": "west"}, "up": {"uv": [8, 4, 16, 5], "rotation": 90, "texture": "#all", "cullface": "west"}, "down": {"uv": [8, 6, 16, 7], "rotation": 270, "texture": "#all", "cullface": "west"}}}, {"from": [-0.4895167120117319, 9, 0.010396234985028093], "to": [0, 12, 7], "faces": {"north": {"uv": [0, 4, 1, 7], "texture": "#all", "cullface": "west"}, "south": {"uv": [6, 4, 7, 7], "texture": "#all", "cullface": "west"}, "west": {"uv": [0, 4, 7, 7], "texture": "#all", "cullface": "west"}, "up": {"uv": [0, 4, 7, 5], "rotation": 90, "texture": "#all", "cullface": "west"}, "down": {"uv": [0, 6, 7, 7], "rotation": 270, "texture": "#all", "cullface": "west"}}}, {"from": [-0.4895167120117319, 1, 0.010102031728227072], "to": [0, 4, 7], "faces": {"north": {"uv": [0, 12, 1, 15], "texture": "#all", "cullface": "west"}, "south": {"uv": [6, 12, 7, 15], "texture": "#all", "cullface": "west"}, "west": {"uv": [0, 12, 7, 15], "texture": "#all", "cullface": "west"}, "up": {"uv": [0, 12, 7, 13], "rotation": 90, "texture": "#all", "cullface": "west"}, "down": {"uv": [0, 14, 7, 15], "rotation": 270, "texture": "#all", "cullface": "west"}}}, {"from": [-0.4895167120117319, 5, 0.010252608085824714], "to": [0, 8, 15], "faces": {"north": {"uv": [0, 8, 1, 11], "texture": "#all", "cullface": "west"}, "south": {"uv": [14, 8, 15, 11], "texture": "#all", "cullface": "west"}, "west": {"uv": [0, 8, 15, 11], "texture": "#all", "cullface": "west"}, "up": {"uv": [0, 8, 15, 9], "rotation": 90, "texture": "#all", "cullface": "west"}, "down": {"uv": [0, 10, 15, 11], "rotation": 270, "texture": "#all", "cullface": "west"}}}, {"from": [0.010283396503860488, 16, 0.010283396503860488], "to": [15, 16.489796360095628, 3], "faces": {"north": {"uv": [0, 0, 15, 1], "rotation": 180, "texture": "#all", "cullface": "up"}, "east": {"uv": [14, 0, 15, 3], "rotation": 90, "texture": "#all", "cullface": "up"}, "south": {"uv": [0, 2, 15, 3], "texture": "#all", "cullface": "up"}, "west": {"uv": [0, 0, 1, 3], "rotation": 270, "texture": "#all", "cullface": "up"}, "up": {"uv": [0, 0, 15, 3], "texture": "#all", "cullface": "up"}}}, {"from": [8, 16, 12], "to": [15.98924477714544, 16.489796360095628, 15], "faces": {"north": {"uv": [8, 12, 16, 13], "rotation": 180, "texture": "#all", "cullface": "up"}, "east": {"uv": [15, 12, 16, 15], "rotation": 90, "texture": "#all", "cullface": "up"}, "south": {"uv": [8, 14, 16, 15], "texture": "#all", "cullface": "up"}, "west": {"uv": [8, 12, 9, 15], "rotation": 270, "texture": "#all", "cullface": "up"}, "up": {"uv": [8, 12, 16, 15], "texture": "#all", "cullface": "up"}}}, {"from": [8, 16, 4], "to": [15.989091225674779, 16.489796360095628, 7], "faces": {"north": {"uv": [8, 4, 16, 5], "rotation": 180, "texture": "#all", "cullface": "up"}, "east": {"uv": [15, 4, 16, 7], "rotation": 90, "texture": "#all", "cullface": "up"}, "south": {"uv": [8, 6, 16, 7], "texture": "#all", "cullface": "up"}, "west": {"uv": [8, 4, 9, 7], "rotation": 270, "texture": "#all", "cullface": "up"}, "up": {"uv": [8, 4, 16, 7], "texture": "#all", "cullface": "up"}}}, {"from": [0.01059540991548642, 16, 4], "to": [7, 16.489796360095628, 7], "faces": {"north": {"uv": [0, 4, 7, 5], "rotation": 180, "texture": "#all", "cullface": "up"}, "east": {"uv": [6, 4, 7, 7], "rotation": 90, "texture": "#all", "cullface": "up"}, "south": {"uv": [0, 6, 7, 7], "texture": "#all", "cullface": "up"}, "west": {"uv": [0, 4, 1, 7], "rotation": 270, "texture": "#all", "cullface": "up"}, "up": {"uv": [0, 4, 7, 7], "texture": "#all", "cullface": "up"}}}, {"from": [0.010035450965691028, 16, 12], "to": [7, 16.489796360095628, 15], "faces": {"north": {"uv": [0, 12, 7, 13], "rotation": 180, "texture": "#all", "cullface": "up"}, "east": {"uv": [6, 12, 7, 15], "rotation": 90, "texture": "#all", "cullface": "up"}, "south": {"uv": [0, 14, 7, 15], "texture": "#all", "cullface": "up"}, "west": {"uv": [0, 12, 1, 15], "rotation": 270, "texture": "#all", "cullface": "up"}, "up": {"uv": [0, 12, 7, 15], "texture": "#all", "cullface": "up"}}}, {"from": [0.01079223647164171, 16, 8], "to": [15, 16.489796360095628, 11], "faces": {"north": {"uv": [0, 8, 15, 9], "rotation": 180, "texture": "#all", "cullface": "up"}, "east": {"uv": [14, 8, 15, 11], "rotation": 90, "texture": "#all", "cullface": "up"}, "south": {"uv": [0, 10, 15, 11], "texture": "#all", "cullface": "up"}, "west": {"uv": [0, 8, 1, 11], "rotation": 270, "texture": "#all", "cullface": "up"}, "up": {"uv": [0, 8, 15, 11], "texture": "#all", "cullface": "up"}}}, {"from": [0.01030560393283992, -0.48999815683938436, 13], "to": [15, 0, 15.98969439606716], "faces": {"north": {"uv": [0, 2, 15, 3], "rotation": 180, "texture": "#all", "cullface": "down"}, "east": {"uv": [14, 0, 15, 3], "rotation": 270, "texture": "#all", "cullface": "down"}, "south": {"uv": [0, 0, 15, 1], "texture": "#all", "cullface": "down"}, "west": {"uv": [0, 0, 1, 3], "rotation": 90, "texture": "#all", "cullface": "down"}, "down": {"uv": [0, 0, 15, 3], "texture": "#all", "cullface": "down"}}}, {"from": [8, -0.48999815683938436, 1], "to": [15.989660109593585, 0, 4], "faces": {"north": {"uv": [8, 14, 16, 15], "rotation": 180, "texture": "#all", "cullface": "down"}, "east": {"uv": [15, 12, 16, 15], "rotation": 270, "texture": "#all", "cullface": "down"}, "south": {"uv": [8, 12, 16, 13], "texture": "#all", "cullface": "down"}, "west": {"uv": [8, 12, 9, 15], "rotation": 90, "texture": "#all", "cullface": "down"}, "down": {"uv": [8, 12, 16, 15], "texture": "#all", "cullface": "down"}}}, {"from": [8, -0.48999815683938436, 9], "to": [15.989469814562355, 0, 12], "faces": {"north": {"uv": [8, 6, 16, 7], "rotation": 180, "texture": "#all", "cullface": "down"}, "east": {"uv": [15, 4, 16, 7], "rotation": 270, "texture": "#all", "cullface": "down"}, "south": {"uv": [8, 4, 16, 5], "texture": "#all", "cullface": "down"}, "west": {"uv": [8, 4, 9, 7], "rotation": 90, "texture": "#all", "cullface": "down"}, "down": {"uv": [8, 4, 16, 7], "texture": "#all", "cullface": "down"}}}, {"from": [0.010249047047575555, -0.48999815683938436, 9], "to": [7, 0, 12], "faces": {"north": {"uv": [0, 6, 7, 7], "rotation": 180, "texture": "#all", "cullface": "down"}, "east": {"uv": [6, 4, 7, 7], "rotation": 270, "texture": "#all", "cullface": "down"}, "south": {"uv": [0, 4, 7, 5], "texture": "#all", "cullface": "down"}, "west": {"uv": [0, 4, 1, 7], "rotation": 90, "texture": "#all", "cullface": "down"}, "down": {"uv": [0, 4, 7, 7], "texture": "#all", "cullface": "down"}}}, {"from": [0.01091997808785737, -0.48999815683938436, 1], "to": [7, 0, 4], "faces": {"north": {"uv": [0, 14, 7, 15], "rotation": 180, "texture": "#all", "cullface": "down"}, "east": {"uv": [6, 12, 7, 15], "rotation": 270, "texture": "#all", "cullface": "down"}, "south": {"uv": [0, 12, 7, 13], "texture": "#all", "cullface": "down"}, "west": {"uv": [0, 12, 1, 15], "rotation": 90, "texture": "#all", "cullface": "down"}, "down": {"uv": [0, 12, 7, 15], "texture": "#all", "cullface": "down"}}}, {"from": [0.010163554758340814, -0.48999815683938436, 5], "to": [15, 0, 8], "faces": {"north": {"uv": [0, 10, 15, 11], "rotation": 180, "texture": "#all", "cullface": "down"}, "east": {"uv": [14, 8, 15, 11], "rotation": 270, "texture": "#all", "cullface": "down"}, "south": {"uv": [0, 8, 15, 9], "texture": "#all", "cullface": "down"}, "west": {"uv": [0, 8, 1, 11], "rotation": 90, "texture": "#all", "cullface": "down"}, "down": {"uv": [0, 8, 15, 11], "texture": "#all", "cullface": "down"}}}], "display": {"thirdperson_righthand": {"rotation": [75, 45, 0], "translation": [0, 2.5, 0], "scale": [0.375, 0.375, 0.375]}, "thirdperson_lefthand": {"rotation": [75, 45, 0], "translation": [0, 2.5, 0], "scale": [0.375, 0.375, 0.375]}, "firstperson_righthand": {"rotation": [0, 45, 0], "scale": [0.4, 0.4, 0.4]}, "firstperson_lefthand": {"rotation": [0, 225, 0], "scale": [0.4, 0.4, 0.4]}, "ground": {"translation": [0, 3, 0], "scale": [0.25, 0.25, 0.25]}, "gui": {"rotation": [30, 225, 0], "scale": [0.625, 0.625, 0.625]}, "fixed": {"scale": [0.5, 0.5, 0.5]}}, "groups": [0, {"name": "north", "origin": [8, 8, 8], "color": 0, "children": [1, 2, 3, 4, 5, 6]}, {"name": "east", "origin": [8, 8, 8], "color": 0, "children": [7, 8, 9, 10, 11, 12]}, {"name": "south", "origin": [8, 8, 8], "color": 0, "children": [13, 14, 15, 16, 17, 18]}, {"name": "west", "origin": [8, 8, 8], "color": 0, "children": [19, 20, 21, 22, 23, 24]}, {"name": "up", "origin": [8, 8, 8], "color": 0, "children": [25, 26, 27, 28, 29, 30]}, {"name": "down", "origin": [8, 8, 8], "color": 0, "children": [31, 32, 33, 34, 35, 36]}]}