{"textures": {"bottom": "block/cake_bottom", "top": "block/cake_top", "particle": "block/cake_side", "side": "block/cake_side"}, "elements": [{"from": [7, 8, 7], "to": [9, 14, 9], "faces": {"north": {"uv": [0, 8, 2, 14], "texture": "#candle"}, "east": {"uv": [0, 8, 2, 14], "texture": "#candle"}, "south": {"uv": [0, 8, 2, 14], "texture": "#candle"}, "west": {"uv": [0, 8, 2, 14], "texture": "#candle"}, "up": {"uv": [0, 6, 2, 8], "texture": "#candle"}}}, {"from": [7.5, 14, 8], "to": [8.5, 15, 8], "rotation": {"angle": -45, "axis": "y", "origin": [8, 14, 8]}, "faces": {"north": {"uv": [0, 5, 1, 6], "texture": "#candle"}, "south": {"uv": [0, 5, 1, 6], "texture": "#candle"}}}, {"from": [7.5, 14, 8], "to": [8.5, 15, 8], "rotation": {"angle": 45, "axis": "y", "origin": [8, 14, 8]}, "faces": {"north": {"uv": [0, 5, 1, 6], "texture": "#candle"}, "south": {"uv": [0, 5, 1, 6], "texture": "#candle"}}}, {"from": [1, 0, 1], "to": [15, 8, 15], "faces": {"north": {"uv": [1, 8, 15, 16], "texture": "#side"}, "east": {"uv": [1, 8, 15, 16], "texture": "#side"}, "south": {"uv": [1, 8, 15, 16], "texture": "#side"}, "west": {"uv": [1, 8, 15, 16], "texture": "#side"}, "up": {"uv": [1, 1, 15, 15], "texture": "#top"}, "down": {"uv": [1, 1, 15, 15], "texture": "#bottom", "cullface": "down"}}}, {"from": [1, 4, 0.75], "to": [3, 5, 1], "faces": {"north": {"uv": [13, 11, 15, 12], "texture": "#side"}, "east": {"uv": [13, 11, 14, 12], "texture": "#side"}, "west": {"uv": [14, 11, 15, 12], "texture": "#side"}, "down": {"uv": [13, 11, 15, 12], "rotation": 180, "texture": "#side"}}}, {"from": [15, 4, 1], "to": [15.25, 5, 3], "faces": {"north": {"uv": [14, 11, 15, 12], "texture": "#side"}, "east": {"uv": [13, 11, 15, 12], "texture": "#side"}, "south": {"uv": [13, 11, 14, 12], "texture": "#side"}, "down": {"uv": [13, 11, 15, 12], "rotation": 90, "texture": "#side"}}}, {"from": [13, 4, 15], "to": [15, 5, 15.25], "faces": {"east": {"uv": [14, 11, 15, 12], "texture": "#side"}, "south": {"uv": [13, 11, 15, 12], "texture": "#side"}, "west": {"uv": [13, 11, 14, 12], "texture": "#side"}, "down": {"uv": [13, 11, 15, 12], "texture": "#side"}}}, {"from": [0.75, 4, 13], "to": [1, 5, 15], "faces": {"north": {"uv": [13, 11, 14, 12], "texture": "#side"}, "south": {"uv": [14, 11, 15, 12], "texture": "#side"}, "west": {"uv": [13, 11, 15, 12], "texture": "#side"}, "down": {"uv": [13, 11, 15, 12], "rotation": 270, "texture": "#side"}}}, {"from": [5, 4, 0.75], "to": [7, 5, 1], "faces": {"north": {"uv": [13, 11, 15, 12], "texture": "#side"}, "east": {"uv": [13, 11, 14, 12], "texture": "#side"}, "west": {"uv": [14, 11, 15, 12], "texture": "#side"}, "down": {"uv": [13, 11, 15, 12], "rotation": 180, "texture": "#side"}}}, {"from": [15, 4, 5], "to": [15.25, 5, 7], "faces": {"north": {"uv": [14, 11, 15, 12], "texture": "#side"}, "east": {"uv": [13, 11, 15, 12], "texture": "#side"}, "south": {"uv": [13, 11, 14, 12], "texture": "#side"}, "down": {"uv": [13, 11, 15, 12], "rotation": 90, "texture": "#side"}}}, {"from": [9, 4, 15], "to": [11, 5, 15.25], "faces": {"east": {"uv": [14, 11, 15, 12], "texture": "#side"}, "south": {"uv": [13, 11, 15, 12], "texture": "#side"}, "west": {"uv": [13, 11, 14, 12], "texture": "#side"}, "down": {"uv": [13, 11, 15, 12], "texture": "#side"}}}, {"from": [0.75, 4, 9], "to": [1, 5, 11], "faces": {"north": {"uv": [13, 11, 14, 12], "texture": "#side"}, "south": {"uv": [14, 11, 15, 12], "texture": "#side"}, "west": {"uv": [13, 11, 15, 12], "texture": "#side"}, "down": {"uv": [13, 11, 15, 12], "rotation": 270, "texture": "#side"}}}, {"from": [9, 4, 0.75], "to": [11, 5, 1], "faces": {"north": {"uv": [13, 11, 15, 12], "texture": "#side"}, "east": {"uv": [13, 11, 14, 12], "texture": "#side"}, "west": {"uv": [14, 11, 15, 12], "texture": "#side"}, "down": {"uv": [13, 11, 15, 12], "rotation": 180, "texture": "#side"}}}, {"from": [15, 4, 9], "to": [15.25, 5, 11], "faces": {"north": {"uv": [14, 11, 15, 12], "texture": "#side"}, "east": {"uv": [13, 11, 15, 12], "texture": "#side"}, "south": {"uv": [13, 11, 14, 12], "texture": "#side"}, "down": {"uv": [13, 11, 15, 12], "rotation": 90, "texture": "#side"}}}, {"from": [5, 4, 15], "to": [7, 5, 15.25], "faces": {"east": {"uv": [14, 11, 15, 12], "texture": "#side"}, "south": {"uv": [13, 11, 15, 12], "texture": "#side"}, "west": {"uv": [13, 11, 14, 12], "texture": "#side"}, "down": {"uv": [13, 11, 15, 12], "texture": "#side"}}}, {"from": [0.75, 4, 5], "to": [1, 5, 7], "faces": {"north": {"uv": [13, 11, 14, 12], "texture": "#side"}, "south": {"uv": [14, 11, 15, 12], "texture": "#side"}, "west": {"uv": [13, 11, 15, 12], "texture": "#side"}, "down": {"uv": [13, 11, 15, 12], "rotation": 270, "texture": "#side"}}}, {"from": [13, 4, 0.75], "to": [15, 5, 1], "faces": {"north": {"uv": [13, 11, 15, 12], "texture": "#side"}, "east": {"uv": [13, 11, 14, 12], "texture": "#side"}, "west": {"uv": [14, 11, 15, 12], "texture": "#side"}, "down": {"uv": [13, 11, 15, 12], "rotation": 180, "texture": "#side"}}}, {"from": [15, 4, 13], "to": [15.25, 5, 15], "faces": {"north": {"uv": [14, 11, 15, 12], "texture": "#side"}, "east": {"uv": [13, 11, 15, 12], "texture": "#side"}, "south": {"uv": [13, 11, 14, 12], "texture": "#side"}, "down": {"uv": [13, 11, 15, 12], "rotation": 90, "texture": "#side"}}}, {"from": [1, 4, 15], "to": [3, 5, 15.25], "faces": {"east": {"uv": [14, 11, 15, 12], "texture": "#side"}, "south": {"uv": [13, 11, 15, 12], "texture": "#side"}, "west": {"uv": [13, 11, 14, 12], "texture": "#side"}, "down": {"uv": [13, 11, 15, 12], "texture": "#side"}}}, {"from": [0.75, 4, 1], "to": [1, 5, 3], "faces": {"north": {"uv": [13, 11, 14, 12], "texture": "#side"}, "south": {"uv": [14, 11, 15, 12], "texture": "#side"}, "west": {"uv": [13, 11, 15, 12], "texture": "#side"}, "down": {"uv": [13, 11, 15, 12], "rotation": 270, "texture": "#side"}}}, {"from": [1, 5, 0.75], "to": [15, 8, 1], "faces": {"north": {"uv": [1, 8, 15, 11], "texture": "#side"}, "east": {"uv": [1, 8, 2, 11], "texture": "#side"}, "west": {"uv": [14, 8, 15, 11], "texture": "#side"}, "up": {"uv": [1, 8, 15, 9], "rotation": 180, "texture": "#side"}, "down": {"uv": [1, 10, 15, 11], "rotation": 180, "texture": "#side"}}}, {"from": [15, 5, 1], "to": [15.25, 8, 15], "faces": {"north": {"uv": [14, 8, 15, 11], "texture": "#side"}, "east": {"uv": [1, 8, 15, 11], "texture": "#side"}, "south": {"uv": [1, 8, 2, 11], "texture": "#side"}, "up": {"uv": [1, 8, 15, 9], "rotation": 270, "texture": "#side"}, "down": {"uv": [1, 10, 15, 11], "rotation": 90, "texture": "#side"}}}, {"from": [1, 5, 15], "to": [15, 8, 15.25], "faces": {"east": {"uv": [14, 8, 15, 11], "texture": "#side"}, "south": {"uv": [1, 8, 15, 11], "texture": "#side"}, "west": {"uv": [1, 8, 2, 11], "texture": "#side"}, "up": {"uv": [1, 8, 15, 9], "texture": "#side"}, "down": {"uv": [1, 10, 15, 11], "texture": "#side"}}}, {"from": [0.75, 5, 1], "to": [1, 8, 15], "faces": {"north": {"uv": [1, 8, 2, 11], "texture": "#side"}, "south": {"uv": [14, 8, 15, 11], "texture": "#side"}, "west": {"uv": [1, 8, 15, 11], "texture": "#side"}, "up": {"uv": [1, 8, 15, 9], "rotation": 90, "texture": "#side"}, "down": {"uv": [1, 10, 15, 11], "rotation": 270, "texture": "#side"}}}, {"from": [4, 8, 3], "to": [6, 8.25, 5], "faces": {"north": {"uv": [4, 3, 6, 4], "rotation": 180, "texture": "#top"}, "east": {"uv": [5, 3, 6, 5], "rotation": 90, "texture": "#top"}, "south": {"uv": [4, 4, 6, 5], "texture": "#top"}, "west": {"uv": [4, 3, 5, 5], "rotation": 270, "texture": "#top"}, "up": {"uv": [4, 3, 6, 5], "texture": "#top"}}}, {"from": [3, 8, 11], "to": [5, 8.25, 13], "faces": {"north": {"uv": [3, 11, 5, 12], "rotation": 180, "texture": "#top"}, "east": {"uv": [4, 11, 5, 13], "rotation": 90, "texture": "#top"}, "south": {"uv": [3, 12, 5, 13], "texture": "#top"}, "west": {"uv": [3, 11, 4, 13], "rotation": 270, "texture": "#top"}, "up": {"uv": [3, 11, 5, 13], "texture": "#top"}}}, {"from": [2, 8, 7], "to": [3, 8.25, 8], "faces": {"north": {"uv": [2, 7, 3, 8], "texture": "#top"}, "east": {"uv": [2, 7, 3, 8], "texture": "#top"}, "south": {"uv": [2, 7, 3, 8], "texture": "#top"}, "west": {"uv": [2, 7, 3, 8], "texture": "#top"}, "up": {"uv": [2, 7, 3, 8], "texture": "#top"}}}, {"from": [11, 8, 5], "to": [12, 8.25, 6], "faces": {"north": {"uv": [11, 5, 12, 6], "texture": "#top"}, "east": {"uv": [11, 5, 12, 6], "texture": "#top"}, "south": {"uv": [11, 5, 12, 6], "texture": "#top"}, "west": {"uv": [11, 5, 12, 6], "texture": "#top"}, "up": {"uv": [11, 5, 12, 6], "texture": "#top"}}}, {"from": [11, 8, 2], "to": [12, 8.25, 3], "faces": {"north": {"uv": [11, 2, 12, 3], "texture": "#top"}, "east": {"uv": [11, 2, 12, 3], "texture": "#top"}, "south": {"uv": [11, 2, 12, 3], "texture": "#top"}, "west": {"uv": [11, 2, 12, 3], "texture": "#top"}, "up": {"uv": [11, 2, 12, 3], "texture": "#top"}}}, {"from": [13, 8, 9], "to": [14, 8.25, 10], "faces": {"north": {"uv": [13, 9, 14, 10], "texture": "#top"}, "east": {"uv": [13, 9, 14, 10], "texture": "#top"}, "south": {"uv": [13, 9, 14, 10], "texture": "#top"}, "west": {"uv": [13, 9, 14, 10], "texture": "#top"}, "up": {"uv": [13, 9, 14, 10], "texture": "#top"}}}, {"from": [10, 8, 12], "to": [11, 8.25, 13], "faces": {"north": {"uv": [10, 12, 11, 13], "texture": "#top"}, "east": {"uv": [10, 12, 11, 13], "texture": "#top"}, "south": {"uv": [10, 12, 11, 13], "texture": "#top"}, "west": {"uv": [10, 12, 11, 13], "texture": "#top"}, "up": {"uv": [10, 12, 11, 13], "texture": "#top"}}}, {"from": [7, 8, 6], "to": [9, 8.25, 10], "rotation": {"angle": 0, "axis": "y", "origin": [8, 8, 8]}, "faces": {"north": {"uv": [7, 6, 9, 7], "texture": "#top"}, "east": {"uv": [8, 6, 9, 10], "rotation": 90, "texture": "#top"}, "south": {"uv": [7, 9, 9, 10], "texture": "#top"}, "west": {"uv": [7, 6, 8, 10], "rotation": 270, "texture": "#top"}, "up": {"uv": [7, 6, 9, 10], "texture": "#top"}}}, {"from": [6, 8, 7], "to": [10, 8.25, 9], "rotation": {"angle": 0, "axis": "y", "origin": [8, 8, 8]}, "faces": {"north": {"uv": [6, 7, 10, 8], "texture": "#top"}, "east": {"uv": [9, 7, 10, 9], "rotation": 90, "texture": "#top"}, "south": {"uv": [6, 8, 10, 9], "texture": "#top"}, "west": {"uv": [6, 7, 7, 9], "rotation": 180, "texture": "#top"}, "up": {"uv": [6, 7, 10, 9], "texture": "#top"}}}], "display": {"thirdperson_righthand": {"rotation": [75, 45, 0], "translation": [0, 2.5, 2.25], "scale": [0.375, 0.375, 0.375]}, "thirdperson_lefthand": {"rotation": [75, 45, 0], "translation": [0, 2.5, 2.25], "scale": [0.375, 0.375, 0.375]}, "firstperson_righthand": {"rotation": [0, 45, 0], "translation": [0, 2, 0], "scale": [0.4, 0.4, 0.4]}, "firstperson_lefthand": {"rotation": [0, 45, 0], "translation": [0, 2, 0], "scale": [0.4, 0.4, 0.4]}, "ground": {"translation": [0, 3, 0], "scale": [0.25, 0.25, 0.25]}, "gui": {"rotation": [30, 225, 0], "scale": [0.625, 0.625, 0.625]}, "fixed": {"rotation": [-90, 0, 0], "translation": [0, 0, -4.5], "scale": [0.65, 0.65, 0.65]}}, "groups": [0, 1, 2, {"name": "cake", "origin": [8, 8, 8], "color": 0, "children": [3, 4, 5, 6, 7, 8, 9, 10, 11, 12, 13, 14, 15, 16, 17, 18, 19, 20, 21, 22, 23, {"name": "cherries", "origin": [8, 8, 8], "color": 0, "children": [24, 25, 26, 27, 28, 29, 30, 31, 32]}]}]}