{"textures": {"particle": "#all"}, "elements": [{"from": [0, 0, 0], "to": [16, 16, 16], "faces": {"north": {"uv": [0, 0, 16, 16], "texture": "#all", "cullface": "north"}, "east": {"uv": [0, 0, 16, 16], "texture": "#all", "cullface": "east"}, "south": {"uv": [0, 0, 16, 16], "texture": "#all", "cullface": "south"}, "west": {"uv": [0, 0, 16, 16], "texture": "#all", "cullface": "west"}, "up": {"uv": [0, 0, 16, 16], "texture": "#all", "cullface": "up"}, "down": {"uv": [0, 0, 16, 16], "texture": "#all", "cullface": "down"}}}, {"from": [0.010728180504599678, 1, -0.4899154443051811], "to": [8, 8, 0], "faces": {"north": {"uv": [8, 8, 16, 15], "texture": "#all", "cullface": "north"}, "east": {"uv": [8, 8, 9, 15], "texture": "#all", "cullface": "north"}, "west": {"uv": [15, 8, 16, 15], "texture": "#all", "cullface": "north"}, "up": {"uv": [8, 8, 16, 9], "rotation": 180, "texture": "#all", "cullface": "north"}, "down": {"uv": [8, 14, 16, 15], "rotation": 180, "texture": "#all", "cullface": "north"}}}, {"from": [9, 1, -0.4899154443051811], "to": [15.989679328997125, 8, 0], "faces": {"north": {"uv": [0, 8, 7, 15], "texture": "#all", "cullface": "north"}, "east": {"uv": [0, 8, 1, 15], "texture": "#all", "cullface": "north"}, "west": {"uv": [6, 8, 7, 15], "texture": "#all", "cullface": "north"}, "up": {"uv": [0, 8, 7, 9], "rotation": 180, "texture": "#all", "cullface": "north"}, "down": {"uv": [0, 14, 7, 15], "rotation": 180, "texture": "#all", "cullface": "north"}}}, {"from": [1, 9, -0.4899154443051811], "to": [15.989796009724055, 15.989796009724055, 0], "faces": {"north": {"uv": [0, 0, 15, 7], "texture": "#all", "cullface": "north"}, "east": {"uv": [0, 0, 1, 7], "texture": "#all", "cullface": "north"}, "west": {"uv": [14, 0, 15, 7], "texture": "#all", "cullface": "north"}, "up": {"uv": [0, 0, 15, 1], "rotation": 180, "texture": "#all", "cullface": "north"}, "down": {"uv": [0, 6, 15, 7], "rotation": 180, "texture": "#all", "cullface": "north"}}}, {"from": [16, 1, 0.010293311655166306], "to": [16.489555188844854, 8, 8], "faces": {"north": {"uv": [15, 8, 16, 15], "texture": "#all", "cullface": "east"}, "east": {"uv": [8, 8, 16, 15], "texture": "#all", "cullface": "east"}, "south": {"uv": [8, 8, 9, 15], "texture": "#all", "cullface": "east"}, "up": {"uv": [8, 8, 16, 9], "rotation": 270, "texture": "#all", "cullface": "east"}, "down": {"uv": [8, 14, 16, 15], "rotation": 90, "texture": "#all", "cullface": "east"}}}, {"from": [16, 1, 9], "to": [16.489555188844854, 8, 15.98952911245755], "faces": {"north": {"uv": [6, 8, 7, 15], "texture": "#all", "cullface": "east"}, "east": {"uv": [0, 8, 7, 15], "texture": "#all", "cullface": "east"}, "south": {"uv": [0, 8, 1, 15], "texture": "#all", "cullface": "east"}, "up": {"uv": [0, 8, 7, 9], "rotation": 270, "texture": "#all", "cullface": "east"}, "down": {"uv": [0, 14, 7, 15], "rotation": 90, "texture": "#all", "cullface": "east"}}}, {"from": [16, 9, 1], "to": [16.489555188844854, 15.989049731670429, 15.989049731670429], "faces": {"north": {"uv": [14, 0, 15, 7], "texture": "#all", "cullface": "east"}, "east": {"uv": [0, 0, 15, 7], "texture": "#all", "cullface": "east"}, "south": {"uv": [0, 0, 1, 7], "texture": "#all", "cullface": "east"}, "up": {"uv": [0, 0, 15, 1], "rotation": 270, "texture": "#all", "cullface": "east"}, "down": {"uv": [0, 6, 15, 7], "rotation": 90, "texture": "#all", "cullface": "east"}}}, {"from": [8, 1, 16], "to": [15.989203482977237, 8, 16.48963074396076], "faces": {"east": {"uv": [15, 8, 16, 15], "texture": "#all", "cullface": "south"}, "south": {"uv": [8, 8, 16, 15], "texture": "#all", "cullface": "south"}, "west": {"uv": [8, 8, 9, 15], "texture": "#all", "cullface": "south"}, "up": {"uv": [8, 8, 16, 9], "texture": "#all", "cullface": "south"}, "down": {"uv": [8, 14, 16, 15], "texture": "#all", "cullface": "south"}}}, {"from": [0.010276970245779744, 1, 16], "to": [7, 8, 16.48963074396076], "faces": {"east": {"uv": [6, 8, 7, 15], "texture": "#all", "cullface": "south"}, "south": {"uv": [0, 8, 7, 15], "texture": "#all", "cullface": "south"}, "west": {"uv": [0, 8, 1, 15], "texture": "#all", "cullface": "south"}, "up": {"uv": [0, 8, 7, 9], "texture": "#all", "cullface": "south"}, "down": {"uv": [0, 14, 7, 15], "texture": "#all", "cullface": "south"}}}, {"from": [0.010558181588393046, 9, 16], "to": [15, 15.989441818411606, 16.48963074396076], "faces": {"east": {"uv": [14, 0, 15, 7], "texture": "#all", "cullface": "south"}, "south": {"uv": [0, 0, 15, 7], "texture": "#all", "cullface": "south"}, "west": {"uv": [0, 0, 1, 7], "texture": "#all", "cullface": "south"}, "up": {"uv": [0, 0, 15, 1], "texture": "#all", "cullface": "south"}, "down": {"uv": [0, 6, 15, 7], "texture": "#all", "cullface": "south"}}}, {"from": [-0.48905106807105836, 1, 8], "to": [0, 8, 15.98931179969643], "faces": {"north": {"uv": [8, 8, 9, 15], "texture": "#all", "cullface": "west"}, "south": {"uv": [15, 8, 16, 15], "texture": "#all", "cullface": "west"}, "west": {"uv": [8, 8, 16, 15], "texture": "#all", "cullface": "west"}, "up": {"uv": [8, 8, 16, 9], "rotation": 90, "texture": "#all", "cullface": "west"}, "down": {"uv": [8, 14, 16, 15], "rotation": 270, "texture": "#all", "cullface": "west"}}}, {"from": [-0.48905106807105836, 1, 0.010795657155682132], "to": [0, 8, 7], "faces": {"north": {"uv": [0, 8, 1, 15], "texture": "#all", "cullface": "west"}, "south": {"uv": [6, 8, 7, 15], "texture": "#all", "cullface": "west"}, "west": {"uv": [0, 8, 7, 15], "texture": "#all", "cullface": "west"}, "up": {"uv": [0, 8, 7, 9], "rotation": 90, "texture": "#all", "cullface": "west"}, "down": {"uv": [0, 14, 7, 15], "rotation": 270, "texture": "#all", "cullface": "west"}}}, {"from": [-0.48905106807105836, 9, 0.010446164383949848], "to": [0, 15.98955383561605, 15], "faces": {"north": {"uv": [0, 0, 1, 7], "texture": "#all", "cullface": "west"}, "south": {"uv": [14, 0, 15, 7], "texture": "#all", "cullface": "west"}, "west": {"uv": [0, 0, 15, 7], "texture": "#all", "cullface": "west"}, "up": {"uv": [0, 0, 15, 1], "rotation": 90, "texture": "#all", "cullface": "west"}, "down": {"uv": [0, 6, 15, 7], "rotation": 270, "texture": "#all", "cullface": "west"}}}, {"from": [8, 16, 8], "to": [15.989601223094871, 16.4899421428861, 15], "faces": {"north": {"uv": [8, 8, 16, 9], "rotation": 180, "texture": "#all", "cullface": "up"}, "east": {"uv": [15, 8, 16, 15], "rotation": 90, "texture": "#all", "cullface": "up"}, "south": {"uv": [8, 14, 16, 15], "texture": "#all", "cullface": "up"}, "west": {"uv": [8, 8, 9, 15], "rotation": 270, "texture": "#all", "cullface": "up"}, "up": {"uv": [8, 8, 16, 15], "texture": "#all", "cullface": "up"}}}, {"from": [0.010767640742821279, 16, 8], "to": [7, 16.4899421428861, 15], "faces": {"north": {"uv": [0, 8, 7, 9], "rotation": 180, "texture": "#all", "cullface": "up"}, "east": {"uv": [6, 8, 7, 15], "rotation": 90, "texture": "#all", "cullface": "up"}, "south": {"uv": [0, 14, 7, 15], "texture": "#all", "cullface": "up"}, "west": {"uv": [0, 8, 1, 15], "rotation": 270, "texture": "#all", "cullface": "up"}, "up": {"uv": [0, 8, 7, 15], "texture": "#all", "cullface": "up"}}}, {"from": [0.010431716495564113, 16, 0.010431716495564113], "to": [15, 16.4899421428861, 7], "faces": {"north": {"uv": [0, 0, 15, 1], "rotation": 180, "texture": "#all", "cullface": "up"}, "east": {"uv": [14, 0, 15, 7], "rotation": 90, "texture": "#all", "cullface": "up"}, "south": {"uv": [0, 6, 15, 7], "texture": "#all", "cullface": "up"}, "west": {"uv": [0, 0, 1, 7], "rotation": 270, "texture": "#all", "cullface": "up"}, "up": {"uv": [0, 0, 15, 7], "texture": "#all", "cullface": "up"}}}, {"from": [8, -0.48959137377881684, 1], "to": [15.989752042331103, 0, 8], "faces": {"north": {"uv": [8, 14, 16, 15], "rotation": 180, "texture": "#all", "cullface": "down"}, "east": {"uv": [15, 8, 16, 15], "rotation": 270, "texture": "#all", "cullface": "down"}, "south": {"uv": [8, 8, 16, 9], "texture": "#all", "cullface": "down"}, "west": {"uv": [8, 8, 9, 15], "rotation": 90, "texture": "#all", "cullface": "down"}, "down": {"uv": [8, 8, 16, 15], "texture": "#all", "cullface": "down"}}}, {"from": [0.010453447031530647, -0.48959137377881684, 1], "to": [7, 0, 8], "faces": {"north": {"uv": [0, 14, 7, 15], "rotation": 180, "texture": "#all", "cullface": "down"}, "east": {"uv": [6, 8, 7, 15], "rotation": 270, "texture": "#all", "cullface": "down"}, "south": {"uv": [0, 8, 7, 9], "texture": "#all", "cullface": "down"}, "west": {"uv": [0, 8, 1, 15], "rotation": 90, "texture": "#all", "cullface": "down"}, "down": {"uv": [0, 8, 7, 15], "texture": "#all", "cullface": "down"}}}, {"from": [0.010937104646290456, -0.48959137377881684, 9], "to": [15, 0, 15.98906289535371], "faces": {"north": {"uv": [0, 6, 15, 7], "rotation": 180, "texture": "#all", "cullface": "down"}, "east": {"uv": [14, 0, 15, 7], "rotation": 270, "texture": "#all", "cullface": "down"}, "south": {"uv": [0, 0, 15, 1], "texture": "#all", "cullface": "down"}, "west": {"uv": [0, 0, 1, 7], "rotation": 90, "texture": "#all", "cullface": "down"}, "down": {"uv": [0, 0, 15, 7], "texture": "#all", "cullface": "down"}}}], "display": {"thirdperson_righthand": {"rotation": [75, 45, 0], "translation": [0, 2.5, 0], "scale": [0.375, 0.375, 0.375]}, "thirdperson_lefthand": {"rotation": [75, 45, 0], "translation": [0, 2.5, 0], "scale": [0.375, 0.375, 0.375]}, "firstperson_righthand": {"rotation": [0, 45, 0], "scale": [0.4, 0.4, 0.4]}, "firstperson_lefthand": {"rotation": [0, 225, 0], "scale": [0.4, 0.4, 0.4]}, "ground": {"translation": [0, 3, 0], "scale": [0.25, 0.25, 0.25]}, "gui": {"rotation": [30, 225, 0], "scale": [0.625, 0.625, 0.625]}, "fixed": {"scale": [0.5, 0.5, 0.5]}}, "groups": [0, {"name": "north", "origin": [8, 8, 8], "color": 0, "children": [1, 2, 3]}, {"name": "east", "origin": [8, 8, 8], "color": 0, "children": [4, 5, 6]}, {"name": "south", "origin": [8, 8, 8], "color": 0, "children": [7, 8, 9]}, {"name": "west", "origin": [8, 8, 8], "color": 0, "children": [10, 11, 12]}, {"name": "up", "origin": [8, 8, 8], "color": 0, "children": [13, 14, 15]}, {"name": "down", "origin": [8, 8, 8], "color": 0, "children": [16, 17, 18]}]}