{"parent": "block/template_stone_bricks", "textures": {"particle": "#wall"}, "elements": [{"name": "Center post", "from": [4, 0, 4], "to": [12, 16, 12], "faces": {"north": {"uv": [4, 0, 12, 16], "texture": "#wall"}, "east": {"uv": [4, 0, 12, 16], "texture": "#wall"}, "south": {"uv": [4, 0, 12, 16], "texture": "#wall"}, "west": {"uv": [4, 0, 12, 16], "texture": "#wall"}, "up": {"uv": [4, 4, 12, 12], "texture": "#wall", "cullface": "up"}, "down": {"uv": [4, 4, 12, 12], "texture": "#wall", "cullface": "down"}}}, {"from": [4, 1, 3.5], "to": [8, 8, 4], "faces": {"north": {"uv": [8, 8, 12, 15], "texture": "#wall"}, "east": {"uv": [8, 8, 9, 15], "texture": "#wall"}, "west": {"uv": [11, 8, 12, 15], "texture": "#wall"}, "up": {"uv": [12, 8, 8, 9], "texture": "#wall"}, "down": {"uv": [12, 14, 8, 15], "texture": "#wall"}}}, {"from": [8.75, 1, 3.5], "to": [12, 8, 4], "faces": {"north": {"uv": [4, 8, 7, 15], "texture": "#wall"}, "east": {"uv": [4, 8, 5, 15], "texture": "#wall"}, "west": {"uv": [6, 8, 7, 15], "texture": "#wall"}, "up": {"uv": [7, 8, 4, 9], "texture": "#wall"}, "down": {"uv": [7, 14, 4, 15], "texture": "#wall"}}}, {"from": [4, 9, 3.5], "to": [12, 16, 4], "faces": {"north": {"uv": [4, 0, 12, 7], "texture": "#wall"}, "east": {"uv": [5, 0, 6, 7], "texture": "#wall"}, "west": {"uv": [11, 0, 12, 7], "texture": "#wall"}, "up": {"uv": [12, 0, 4, 1], "texture": "#wall"}, "down": {"uv": [12, 6, 4, 7], "texture": "#wall"}}}, {"from": [12, 1, 4], "to": [12.5, 8, 8], "faces": {"north": {"uv": [11, 8, 12, 15], "texture": "#wall"}, "east": {"uv": [8, 8, 12, 15], "texture": "#wall"}, "south": {"uv": [8, 8, 9, 15], "texture": "#wall"}, "up": {"uv": [12, 8, 8, 9], "rotation": 90, "texture": "#wall"}, "down": {"uv": [12, 14, 8, 15], "rotation": 270, "texture": "#wall"}}}, {"from": [12, 1, 8.75], "to": [12.5, 8, 12], "faces": {"north": {"uv": [6, 8, 7, 15], "texture": "#wall"}, "east": {"uv": [4, 8, 7, 15], "texture": "#wall"}, "south": {"uv": [4, 8, 5, 15], "texture": "#wall"}, "up": {"uv": [7, 8, 4, 9], "rotation": 90, "texture": "#wall"}, "down": {"uv": [7, 14, 4, 15], "rotation": 270, "texture": "#wall"}}}, {"from": [12, 9, 4], "to": [12.5, 16, 12], "faces": {"north": {"uv": [11, 0, 12, 7], "texture": "#wall"}, "east": {"uv": [4, 0, 12, 7], "texture": "#wall"}, "south": {"uv": [5, 0, 6, 7], "texture": "#wall"}, "up": {"uv": [12, 0, 4, 1], "rotation": 90, "texture": "#wall"}, "down": {"uv": [12, 6, 4, 7], "rotation": 270, "texture": "#wall"}}}, {"from": [8, 1, 12], "to": [12, 8, 12.5], "faces": {"east": {"uv": [11, 8, 12, 15], "texture": "#wall"}, "south": {"uv": [8, 8, 12, 15], "texture": "#wall"}, "west": {"uv": [8, 8, 9, 15], "texture": "#wall"}, "up": {"uv": [12, 8, 8, 9], "rotation": 180, "texture": "#wall"}, "down": {"uv": [12, 14, 8, 15], "rotation": 180, "texture": "#wall"}}}, {"from": [4, 1, 12], "to": [7.25, 8, 12.5], "faces": {"east": {"uv": [6, 8, 7, 15], "texture": "#wall"}, "south": {"uv": [4, 8, 7, 15], "texture": "#wall"}, "west": {"uv": [4, 8, 5, 15], "texture": "#wall"}, "up": {"uv": [7, 8, 4, 9], "rotation": 180, "texture": "#wall"}, "down": {"uv": [7, 14, 4, 15], "rotation": 180, "texture": "#wall"}}}, {"from": [4, 9, 12], "to": [12, 16, 12.5], "faces": {"east": {"uv": [11, 0, 12, 7], "texture": "#wall"}, "south": {"uv": [4, 0, 12, 7], "texture": "#wall"}, "west": {"uv": [5, 0, 6, 7], "texture": "#wall"}, "up": {"uv": [12, 0, 4, 1], "rotation": 180, "texture": "#wall"}, "down": {"uv": [12, 6, 4, 7], "rotation": 180, "texture": "#wall"}}}, {"from": [3.5, 1, 8], "to": [4, 8, 12], "faces": {"north": {"uv": [8, 8, 9, 15], "texture": "#wall"}, "south": {"uv": [11, 8, 12, 15], "texture": "#wall"}, "west": {"uv": [8, 8, 12, 15], "texture": "#wall"}, "up": {"uv": [12, 8, 8, 9], "rotation": 270, "texture": "#wall"}, "down": {"uv": [12, 14, 8, 15], "rotation": 90, "texture": "#wall"}}}, {"from": [3.5, 1, 4], "to": [4, 8, 7.25], "faces": {"north": {"uv": [4, 8, 5, 15], "texture": "#wall"}, "south": {"uv": [6, 8, 7, 15], "texture": "#wall"}, "west": {"uv": [4, 8, 7, 15], "texture": "#wall"}, "up": {"uv": [7, 8, 4, 9], "rotation": 270, "texture": "#wall"}, "down": {"uv": [7, 14, 4, 15], "rotation": 90, "texture": "#wall"}}}, {"from": [3.5, 9, 4], "to": [4, 16, 12], "faces": {"north": {"uv": [5, 0, 6, 7], "texture": "#wall"}, "south": {"uv": [11, 0, 12, 7], "texture": "#wall"}, "west": {"uv": [4, 0, 12, 7], "texture": "#wall"}, "up": {"uv": [12, 0, 4, 1], "rotation": 270, "texture": "#wall"}, "down": {"uv": [12, 6, 4, 7], "rotation": 90, "texture": "#wall"}}}, {"from": [8, 16, 8], "to": [12, 16.5, 12], "faces": {"north": {"uv": [12, 8, 8, 9], "texture": "#wall", "cullface": "up"}, "east": {"uv": [11, 8, 12, 12], "rotation": 90, "texture": "#wall", "cullface": "up"}, "south": {"uv": [12, 11, 8, 12], "rotation": 180, "texture": "#wall", "cullface": "up"}, "west": {"uv": [8, 8, 9, 12], "rotation": 270, "texture": "#wall", "cullface": "up"}, "up": {"uv": [8, 8, 12, 12], "texture": "#wall", "cullface": "up"}}}, {"from": [4, 16, 8], "to": [7.25, 16.5, 12], "faces": {"north": {"uv": [7, 8, 4, 9], "texture": "#wall", "cullface": "up"}, "east": {"uv": [6, 8, 7, 12], "rotation": 90, "texture": "#wall", "cullface": "up"}, "south": {"uv": [7, 11, 4, 12], "rotation": 180, "texture": "#wall", "cullface": "up"}, "west": {"uv": [4, 8, 5, 12], "rotation": 270, "texture": "#wall", "cullface": "up"}, "up": {"uv": [4, 8, 7, 12], "texture": "#wall", "cullface": "up"}}}, {"from": [4, 16, 4], "to": [12, 16.5, 7], "faces": {"north": {"uv": [12, 4, 4, 5], "texture": "#wall", "cullface": "up"}, "east": {"uv": [11, 4, 12, 7], "rotation": 90, "texture": "#wall", "cullface": "up"}, "south": {"uv": [12, 6, 4, 7], "rotation": 180, "texture": "#wall", "cullface": "up"}, "west": {"uv": [5, 4, 6, 7], "rotation": 270, "texture": "#wall", "cullface": "up"}, "up": {"uv": [4, 4, 12, 7], "texture": "#wall", "cullface": "up"}}}, {"from": [8, -0.5, 4], "to": [12, 0, 8], "faces": {"north": {"uv": [12, 11, 8, 12], "texture": "#wall", "cullface": "down"}, "east": {"uv": [11, 8, 12, 12], "rotation": 270, "texture": "#wall", "cullface": "down"}, "south": {"uv": [12, 8, 8, 9], "rotation": 180, "texture": "#wall", "cullface": "down"}, "west": {"uv": [8, 8, 9, 12], "rotation": 90, "texture": "#wall", "cullface": "down"}, "down": {"uv": [8, 8, 12, 12], "texture": "#wall", "cullface": "down"}}}, {"from": [4, -0.5, 4], "to": [7.25, 0, 8], "faces": {"north": {"uv": [7, 11, 4, 12], "texture": "#wall", "cullface": "down"}, "east": {"uv": [6, 8, 7, 12], "rotation": 270, "texture": "#wall", "cullface": "down"}, "south": {"uv": [12, 8, 8, 9], "rotation": 180, "texture": "#wall", "cullface": "down"}, "west": {"uv": [4, 8, 5, 12], "rotation": 90, "texture": "#wall", "cullface": "down"}, "down": {"uv": [4, 8, 7, 12], "texture": "#wall", "cullface": "down"}}}, {"from": [4, -0.5, 9], "to": [12, 0, 12], "faces": {"north": {"uv": [12, 6, 4, 7], "texture": "#wall", "cullface": "down"}, "east": {"uv": [11, 4, 12, 7], "rotation": 270, "texture": "#wall", "cullface": "down"}, "south": {"uv": [12, 8, 8, 9], "rotation": 180, "texture": "#wall", "cullface": "down"}, "west": {"uv": [5, 4, 6, 7], "rotation": 90, "texture": "#wall", "cullface": "down"}, "down": {"uv": [4, 4, 12, 7], "texture": "#wall", "cullface": "down"}}}], "display": {"thirdperson_righthand": {"rotation": [75, 45, 0], "translation": [0, 2.5, 0], "scale": [0.375, 0.375, 0.375]}, "thirdperson_lefthand": {"rotation": [75, 45, 0], "translation": [0, 2.5, 0], "scale": [0.375, 0.375, 0.375]}, "firstperson_righthand": {"rotation": [0, 45, 0], "scale": [0.4, 0.4, 0.4]}, "firstperson_lefthand": {"rotation": [0, 225, 0], "scale": [0.4, 0.4, 0.4]}, "ground": {"translation": [0, 3, 0], "scale": [0.25, 0.25, 0.25]}, "gui": {"rotation": [30, 225, 0], "scale": [0.625, 0.625, 0.625]}, "fixed": {"scale": [0.5, 0.5, 0.5]}}, "groups": [0, {"name": "north", "origin": [8, 8, 8], "color": 0, "children": [1, 2, 3]}, {"name": "east", "origin": [8, 8, 8], "color": 0, "children": [4, 5, 6]}, {"name": "south", "origin": [8, 8, 8], "color": 0, "children": [7, 8, 9]}, {"name": "west", "origin": [8, 8, 8], "color": 0, "children": [10, 11, 12]}, {"name": "up", "origin": [8, 8, 8], "color": 0, "children": [13, 14, 15]}, {"name": "down", "origin": [8, 8, 8], "color": 0, "children": [16, 17, 18]}]}