{"parent": "block/template_sandstone", "elements": [{"name": "wall", "from": [0, 0, 5], "to": [8, 16, 11], "faces": {"north": {"uv": [8, 0, 16, 16], "texture": "#wall"}, "south": {"uv": [0, 0, 8, 16], "texture": "#wall"}, "west": {"uv": [5, 0, 11, 16], "texture": "#wall", "cullface": "west"}, "up": {"uv": [0, 5, 8, 11], "texture": "#wall", "cullface": "up"}, "down": {"uv": [0, 5, 8, 11], "texture": "#wall", "cullface": "down"}}}, {"from": [2, 2, 4.5], "to": [3, 3, 5], "faces": {"north": {"uv": [13, 13, 14, 14], "texture": "#wall"}, "east": {"uv": [13, 13, 14, 14], "texture": "#wall"}, "up": {"uv": [13, 13, 14, 14], "rotation": 180, "texture": "#wall"}, "down": {"uv": [13, 13, 14, 14], "rotation": 180, "texture": "#wall"}}}, {"from": [2, 0, 4.5], "to": [7, 1, 5], "faces": {"north": {"uv": [9, 15, 14, 16], "texture": "#wall"}, "east": {"uv": [9, 15, 10, 16], "texture": "#wall"}, "west": {"uv": [13, 15, 14, 16], "texture": "#wall"}, "up": {"uv": [9, 15, 14, 16], "rotation": 180, "texture": "#wall"}, "down": {"uv": [9, 15, 14, 16], "rotation": 180, "texture": "#wall"}}}, {"from": [4, 12, 4.5], "to": [7, 13, 5], "faces": {"north": {"uv": [9, 3, 12, 4], "texture": "#wall"}, "east": {"uv": [9, 3, 10, 4], "texture": "#wall"}, "west": {"uv": [11, 3, 12, 4], "texture": "#wall"}, "up": {"uv": [9, 3, 12, 4], "rotation": 180, "texture": "#wall"}}}, {"from": [3, 10, 4.5], "to": [8, 12, 5], "faces": {"north": {"uv": [8, 4, 13, 6], "texture": "#wall"}, "east": {"uv": [8, 4, 9, 6], "texture": "#wall"}, "west": {"uv": [12, 4, 13, 6], "texture": "#wall"}, "up": {"uv": [8, 4, 13, 5], "rotation": 180, "texture": "#wall"}, "down": {"uv": [8, 5, 13, 6], "rotation": 180, "texture": "#wall"}}}, {"from": [6, 8, 4.5], "to": [7, 10, 5], "faces": {"north": {"uv": [9, 6, 10, 8], "texture": "#wall"}, "east": {"uv": [9, 6, 10, 8], "texture": "#wall"}, "west": {"uv": [9, 6, 10, 8], "texture": "#wall"}, "down": {"uv": [9, 7, 10, 8], "rotation": 180, "texture": "#wall"}}}, {"from": [5, 9, 4.5], "to": [6, 10, 5], "faces": {"north": {"uv": [10, 6, 11, 7], "texture": "#wall"}, "west": {"uv": [10, 6, 11, 7], "texture": "#wall"}, "down": {"uv": [10, 6, 11, 7], "rotation": 180, "texture": "#wall"}}}, {"from": [5, 6, 4.5], "to": [6, 8, 5], "faces": {"north": {"uv": [10, 8, 11, 10], "texture": "#wall"}, "east": {"uv": [10, 8, 11, 10], "texture": "#wall"}, "up": {"uv": [10, 8, 11, 9], "rotation": 180, "texture": "#wall"}, "down": {"uv": [10, 9, 11, 10], "rotation": 180, "texture": "#wall"}}}, {"from": [0, 6, 4.5], "to": [1, 7, 5], "faces": {"north": {"uv": [15, 9, 16, 10], "texture": "#wall"}, "west": {"uv": [15, 9, 16, 10], "texture": "#wall"}, "up": {"uv": [15, 9, 16, 10], "rotation": 180, "texture": "#wall"}, "down": {"uv": [15, 9, 16, 10], "rotation": 180, "texture": "#wall"}}}, {"from": [7, 7, 4.5], "to": [8, 8, 5], "faces": {"north": {"uv": [8, 8, 9, 9], "texture": "#wall"}, "west": {"uv": [8, 8, 9, 9], "texture": "#wall"}, "up": {"uv": [7.99, 8.01, 8.99, 8.99], "rotation": 180, "texture": "#wall"}, "down": {"uv": [7.99, 8.01, 8.99, 8.99], "rotation": 180, "texture": "#wall"}}}, {"from": [6, 5, 4.5], "to": [8, 6, 5], "faces": {"north": {"uv": [8, 10, 10, 11], "texture": "#wall"}, "east": {"uv": [8, 10, 9, 11], "texture": "#wall"}, "west": {"uv": [9, 10, 10, 11], "texture": "#wall"}, "up": {"uv": [8, 10, 10, 11], "rotation": 180, "texture": "#wall"}}}, {"from": [5, 4, 4.5], "to": [8, 5, 5], "faces": {"north": {"uv": [8, 11, 11, 12], "texture": "#wall"}, "west": {"uv": [10, 11, 11, 12], "texture": "#wall"}, "up": {"uv": [8, 11, 11, 12], "rotation": 180, "texture": "#wall"}}}, {"from": [4, 2, 4.5], "to": [8, 3, 5], "faces": {"north": {"uv": [8, 13, 12, 14], "texture": "#wall"}, "west": {"uv": [11, 13, 12, 14], "texture": "#wall"}, "down": {"uv": [8, 13, 12, 14], "rotation": 180, "texture": "#wall"}}}, {"from": [7, 1, 4.5], "to": [8, 2, 5], "faces": {"north": {"uv": [8, 14, 9, 15], "texture": "#wall"}, "west": {"uv": [8, 14, 9, 15], "texture": "#wall"}, "down": {"uv": [7.99, 14, 8.99, 15], "rotation": 180, "texture": "#wall"}}}, {"from": [3, 3, 4.5], "to": [8, 4, 5], "faces": {"north": {"uv": [8, 12, 13, 13], "texture": "#wall"}, "west": {"uv": [12, 12, 13, 13], "texture": "#wall"}, "up": {"uv": [8, 12, 13, 13], "rotation": 180, "texture": "#wall"}, "down": {"uv": [8, 12, 13, 13], "rotation": 180, "texture": "#wall"}}}, {"from": [0, 1, 4.5], "to": [2, 4, 5], "faces": {"north": {"uv": [14, 12, 16, 15], "texture": "#wall"}, "east": {"uv": [14, 12, 15, 15], "texture": "#wall"}, "west": {"uv": [15, 12, 16, 15], "texture": "#wall"}, "up": {"uv": [14, 12, 16, 13], "rotation": 180, "texture": "#wall"}, "down": {"uv": [14, 14, 16, 15], "rotation": 180, "texture": "#wall"}}}, {"from": [2, 4, 4.5], "to": [3, 5, 5], "faces": {"north": {"uv": [13, 11, 14, 12], "texture": "#wall"}, "east": {"uv": [13, 11, 14, 12], "texture": "#wall"}, "west": {"uv": [13, 11, 14, 12], "texture": "#wall"}, "down": {"uv": [13, 11, 14, 12], "rotation": 180, "texture": "#wall"}}}, {"from": [0, 9, 4.5], "to": [1, 13, 5], "faces": {"north": {"uv": [15, 3, 16, 7], "texture": "#wall"}, "east": {"uv": [15, 3, 16, 7], "texture": "#wall"}, "west": {"uv": [15, 3, 16, 7], "texture": "#wall"}, "up": {"uv": [15, 3, 16, 4], "rotation": 180, "texture": "#wall"}, "down": {"uv": [15, 6, 16, 7], "rotation": 180, "texture": "#wall"}}}, {"from": [1, 10, 4.5], "to": [2, 12, 5], "faces": {"north": {"uv": [14, 4, 15, 6], "texture": "#wall"}, "east": {"uv": [14, 4, 15, 6], "texture": "#wall"}, "up": {"uv": [14, 4, 15, 5], "rotation": 180, "texture": "#wall"}, "down": {"uv": [14, 5, 15, 6], "rotation": 180, "texture": "#wall"}}}, {"from": [1, 5, 4.5], "to": [5, 9, 5], "faces": {"north": {"uv": [11, 7, 15, 11], "texture": "#wall"}, "east": {"uv": [11, 7, 12, 11], "texture": "#wall"}, "west": {"uv": [14, 7, 15, 11], "texture": "#wall"}, "up": {"uv": [11, 7, 15, 8], "rotation": 180, "texture": "#wall"}, "down": {"uv": [11, 10, 15, 11], "rotation": 180, "texture": "#wall"}}}, {"from": [-0.5, 0, 9], "to": [0, 1, 11], "faces": {"north": {"uv": [9, 15, 10, 16], "texture": "#wall", "cullface": "west"}, "south": {"uv": [10, 15, 11, 16], "texture": "#wall", "cullface": "west"}, "west": {"uv": [9, 15, 11, 16], "texture": "#wall", "cullface": "west"}, "up": {"uv": [9, 15, 11, 16], "rotation": 90, "texture": "#wall", "cullface": "west"}, "down": {"uv": [9, 15, 11, 16], "rotation": 270, "texture": "#wall", "cullface": "west"}}}, {"from": [-0.5, 0, 5], "to": [0, 1, 7], "faces": {"north": {"uv": [5, 15, 6, 16], "texture": "#wall", "cullface": "west"}, "south": {"uv": [6, 15, 7, 16], "texture": "#wall", "cullface": "west"}, "west": {"uv": [5, 15, 7, 16], "texture": "#wall", "cullface": "west"}, "up": {"uv": [5, 15, 7, 16], "rotation": 90, "texture": "#wall", "cullface": "west"}, "down": {"uv": [5, 15, 7, 16], "rotation": 270, "texture": "#wall", "cullface": "west"}}}, {"from": [-0.5, 3, 5], "to": [0, 4, 6], "faces": {"north": {"uv": [5, 12, 6, 13], "texture": "#wall", "cullface": "west"}, "south": {"uv": [5, 12, 6, 13], "texture": "#wall", "cullface": "west"}, "west": {"uv": [5, 12, 6, 13], "texture": "#wall", "cullface": "west"}, "up": {"uv": [5, 12, 6, 13], "rotation": 180, "texture": "#wall", "cullface": "west"}, "down": {"uv": [5, 12, 6, 13], "rotation": 180, "texture": "#wall", "cullface": "west"}}}, {"from": [-0.5, 10, 5], "to": [0, 13, 7], "faces": {"north": {"uv": [4, 3, 5, 6], "texture": "#wall", "cullface": "west"}, "south": {"uv": [6, 3, 7, 6], "texture": "#wall", "cullface": "west"}, "west": {"uv": [5, 3, 7, 6], "texture": "#wall", "cullface": "west"}, "up": {"uv": [5, 3, 7, 4], "rotation": 180, "texture": "#wall", "cullface": "west"}, "down": {"uv": [5, 5, 7, 6], "rotation": 270, "texture": "#wall", "cullface": "west"}}}, {"from": [-0.5, 12, 7], "to": [0, 13, 8], "faces": {"south": {"uv": [7, 3, 8, 4], "texture": "#wall", "cullface": "west"}, "west": {"uv": [7, 3, 8, 4], "texture": "#wall", "cullface": "west"}, "up": {"uv": [7, 3, 8, 4], "rotation": 90, "texture": "#wall", "cullface": "west"}, "down": {"uv": [7, 3, 8, 4], "rotation": 270, "texture": "#wall", "cullface": "west"}}}, {"from": [-0.5, 12, 9], "to": [0, 13, 11], "faces": {"north": {"uv": [9, 3, 10, 4], "texture": "#wall", "cullface": "west"}, "south": {"uv": [10, 3, 11, 4], "texture": "#wall", "cullface": "west"}, "west": {"uv": [9, 3, 11, 4], "texture": "#wall", "cullface": "west"}, "up": {"uv": [9, 3, 11, 4], "rotation": 90, "texture": "#wall", "cullface": "west"}}}, {"from": [-0.5, 10, 8], "to": [0, 12, 11], "faces": {"north": {"uv": [8, 4, 9, 6], "texture": "#wall", "cullface": "west"}, "south": {"uv": [11, 4, 12, 6], "texture": "#wall", "cullface": "west"}, "west": {"uv": [8, 4, 11, 6], "texture": "#wall", "cullface": "west"}, "up": {"uv": [8, 4, 11, 5], "rotation": 90, "texture": "#wall", "cullface": "west"}, "down": {"uv": [8, 5, 11, 6], "rotation": 270, "texture": "#wall", "cullface": "west"}}}, {"from": [-0.5, 8, 9], "to": [0, 10, 10], "faces": {"north": {"uv": [9, 6, 10, 8], "texture": "#wall", "cullface": "west"}, "south": {"uv": [9, 6, 10, 8], "texture": "#wall", "cullface": "west"}, "west": {"uv": [9, 6, 10, 8], "texture": "#wall", "cullface": "west"}, "down": {"uv": [9, 7, 10, 8], "rotation": 270, "texture": "#wall", "cullface": "west"}}}, {"from": [-0.5, 9, 10], "to": [0, 10, 11], "faces": {"south": {"uv": [10, 6, 11, 7], "texture": "#wall", "cullface": "west"}, "west": {"uv": [10, 6, 11, 7], "texture": "#wall", "cullface": "west"}, "down": {"uv": [10, 6, 11, 7], "rotation": 270, "texture": "#wall", "cullface": "west"}}}, {"from": [-0.5, 6, 10], "to": [0, 8, 11], "faces": {"north": {"uv": [10, 8, 11, 10], "texture": "#wall", "cullface": "west"}, "south": {"uv": [10, 8, 11, 10], "texture": "#wall", "cullface": "west"}, "west": {"uv": [10, 8, 11, 10], "texture": "#wall", "cullface": "west"}, "up": {"uv": [10, 8, 11, 9], "rotation": 90, "texture": "#wall", "cullface": "west"}, "down": {"uv": [10, 9, 11, 10], "rotation": 270, "texture": "#wall", "cullface": "west"}}}, {"from": [-0.5, 6, 5], "to": [0, 7, 8], "faces": {"north": {"uv": [5, 9, 6, 10], "texture": "#wall", "cullface": "west"}, "south": {"uv": [7, 9, 8, 10], "texture": "#wall", "cullface": "west"}, "west": {"uv": [5, 9, 8, 10], "texture": "#wall", "cullface": "west"}, "down": {"uv": [5, 9, 8, 10], "rotation": 270, "texture": "#wall", "cullface": "west"}}}, {"from": [-0.5, 7, 5], "to": [0, 8, 9], "faces": {"north": {"uv": [4, 8, 5, 9], "texture": "#wall", "cullface": "west"}, "south": {"uv": [8, 8, 9, 9], "texture": "#wall", "cullface": "west"}, "west": {"uv": [5, 8, 9, 9], "texture": "#wall", "cullface": "west"}, "up": {"uv": [5, 8, 9, 9], "rotation": 90, "texture": "#wall", "cullface": "west"}, "down": {"uv": [5, 8, 9, 9], "rotation": 270, "texture": "#wall", "cullface": "west"}}}, {"from": [-0.5, 8, 5], "to": [0, 9, 8], "faces": {"north": {"uv": [5, 7, 6, 8], "texture": "#wall", "cullface": "west"}, "south": {"uv": [7, 7, 8, 8], "texture": "#wall", "cullface": "west"}, "west": {"uv": [5, 7, 8, 8], "texture": "#wall", "cullface": "west"}, "up": {"uv": [5, 7, 8, 8], "rotation": 90, "texture": "#wall", "cullface": "west"}}}, {"from": [-0.5, 5, 5], "to": [0, 6, 7], "faces": {"north": {"uv": [5, 10, 6, 11], "texture": "#wall", "cullface": "west"}, "south": {"uv": [6, 10, 7, 11], "texture": "#wall", "cullface": "west"}, "west": {"uv": [5, 10, 7, 11], "texture": "#wall", "cullface": "west"}, "down": {"uv": [5, 10, 7, 11], "rotation": 270, "texture": "#wall", "cullface": "west"}}}, {"from": [-0.5, 5, 8], "to": [0, 6, 10], "faces": {"north": {"uv": [8, 10, 9, 11], "texture": "#wall", "cullface": "west"}, "south": {"uv": [9, 10, 10, 11], "texture": "#wall", "cullface": "west"}, "west": {"uv": [8, 10, 10, 11], "texture": "#wall", "cullface": "west"}, "up": {"uv": [8, 10, 10, 11], "rotation": 90, "texture": "#wall", "cullface": "west"}}}, {"from": [-0.5, 4, 7], "to": [0, 5, 11], "faces": {"north": {"uv": [7, 11, 8, 12], "texture": "#wall", "cullface": "west"}, "south": {"uv": [10, 11, 11, 12], "texture": "#wall", "cullface": "west"}, "west": {"uv": [7, 11, 11, 12], "texture": "#wall", "cullface": "west"}, "up": {"uv": [7, 11, 11, 12], "rotation": 90, "texture": "#wall", "cullface": "west"}}}, {"from": [-0.5, 2, 6], "to": [0, 3, 11], "faces": {"north": {"uv": [6, 13, 7, 14], "texture": "#wall", "cullface": "west"}, "south": {"uv": [10, 13, 11, 14], "texture": "#wall", "cullface": "west"}, "west": {"uv": [6, 13, 11, 14], "texture": "#wall", "cullface": "west"}, "up": {"uv": [6, 13, 12, 14], "rotation": 90, "texture": "#wall", "cullface": "west"}, "down": {"uv": [6, 13, 11, 14], "rotation": 270, "texture": "#wall", "cullface": "west"}}}, {"from": [-0.5, 1, 7], "to": [0, 2, 9], "faces": {"north": {"uv": [7, 14, 8, 15], "texture": "#wall", "cullface": "west"}, "south": {"uv": [8, 14, 9, 15], "texture": "#wall", "cullface": "west"}, "west": {"uv": [7, 14, 9, 15], "texture": "#wall", "cullface": "west"}, "down": {"uv": [7, 14, 9, 15], "rotation": 270, "texture": "#wall", "cullface": "west"}}}, {"from": [-0.5, 3, 7], "to": [0, 4, 11], "faces": {"north": {"uv": [7, 12, 8, 13], "texture": "#wall", "cullface": "west"}, "south": {"uv": [10, 12, 11, 13], "texture": "#wall", "cullface": "west"}, "west": {"uv": [7, 12, 11, 13], "texture": "#wall", "cullface": "west"}}}, {"from": [5, 0, 11], "to": [7, 1, 11.5], "faces": {"east": {"uv": [6, 15, 7, 16], "texture": "#wall"}, "south": {"uv": [5, 15, 7, 16], "texture": "#wall"}, "west": {"uv": [5, 15, 6, 16], "texture": "#wall"}, "up": {"uv": [5, 15, 7, 16], "texture": "#wall"}, "down": {"uv": [5, 15, 7, 16], "texture": "#wall"}}}, {"from": [1, 0, 11], "to": [2, 1, 11.5], "faces": {"east": {"uv": [1, 15, 2, 16], "texture": "#wall"}, "south": {"uv": [1, 15, 2, 16], "texture": "#wall"}, "up": {"uv": [1, 15, 2, 16], "texture": "#wall"}, "down": {"uv": [1, 15, 2, 16], "texture": "#wall"}}}, {"from": [0, 0, 11], "to": [1, 3, 11.5], "faces": {"east": {"uv": [0, 13, 1, 16], "texture": "#wall"}, "south": {"uv": [0, 13, 1, 16], "texture": "#wall"}, "west": {"uv": [0, 13, 1, 16], "texture": "#wall"}, "up": {"uv": [0, 13, 1, 14], "texture": "#wall"}, "down": {"uv": [0, 15, 1, 16], "texture": "#wall"}}}, {"from": [2, 1, 11], "to": [4, 2, 11.5], "faces": {"east": {"uv": [3, 14, 4, 15], "texture": "#wall"}, "south": {"uv": [2, 14, 4, 15], "texture": "#wall"}, "west": {"uv": [2, 14, 3, 15], "texture": "#wall"}, "down": {"uv": [2, 14, 4, 15], "texture": "#wall"}}}, {"from": [2, 2, 11], "to": [5, 3, 11.5], "faces": {"east": {"uv": [4, 13, 5, 14], "texture": "#wall"}, "south": {"uv": [2, 13, 5, 14], "texture": "#wall"}, "west": {"uv": [2, 13, 3, 14], "texture": "#wall"}, "up": {"uv": [2, 13, 5, 14], "texture": "#wall"}, "down": {"uv": [2, 13, 5, 14], "texture": "#wall"}}}, {"from": [3, 3, 11], "to": [6, 4, 11.5], "faces": {"east": {"uv": [5, 12, 6, 13], "texture": "#wall"}, "south": {"uv": [3, 12, 6, 13], "texture": "#wall"}, "west": {"uv": [3, 12, 4, 13], "texture": "#wall"}, "up": {"uv": [3, 12, 6, 13], "texture": "#wall"}, "down": {"uv": [3, 12, 6, 13], "texture": "#wall"}}}, {"from": [0, 4, 11], "to": [3, 6, 11.5], "faces": {"east": {"uv": [2, 10, 3, 12], "texture": "#wall"}, "south": {"uv": [0, 10, 3, 12], "texture": "#wall"}, "west": {"uv": [0, 10, 1, 12], "texture": "#wall"}, "up": {"uv": [0, 10, 3, 11], "texture": "#wall"}, "down": {"uv": [0, 11, 3, 12], "texture": "#wall"}}}, {"from": [1, 3, 11], "to": [2, 4, 11.5], "faces": {"east": {"uv": [1, 12, 2, 13], "texture": "#wall"}, "south": {"uv": [1, 12, 2, 13], "texture": "#wall"}, "west": {"uv": [1, 12, 2, 13], "texture": "#wall"}, "down": {"uv": [1, 12, 2, 13], "texture": "#wall"}}}, {"from": [1, 7, 11], "to": [2, 8, 11.5], "faces": {"east": {"uv": [1, 8, 2, 9], "texture": "#wall"}, "south": {"uv": [1, 8, 2, 9], "texture": "#wall"}, "west": {"uv": [1, 8, 2, 9], "texture": "#wall"}, "down": {"uv": [1, 8, 2, 9], "texture": "#wall"}}}, {"from": [0, 8, 11], "to": [4, 9, 11.5], "faces": {"east": {"uv": [3, 7, 4, 8], "texture": "#wall"}, "south": {"uv": [0, 7, 4, 8], "texture": "#wall"}, "west": {"uv": [0, 7, 1, 8], "texture": "#wall"}, "up": {"uv": [0, 7, 4, 8], "texture": "#wall"}, "down": {"uv": [0, 7, 4, 8], "texture": "#wall"}}}, {"from": [0, 9, 11], "to": [3, 10, 11.5], "faces": {"east": {"uv": [2, 6, 3, 7], "texture": "#wall"}, "south": {"uv": [0, 6, 3, 7], "texture": "#wall"}, "west": {"uv": [0, 6, 1, 7], "texture": "#wall"}, "up": {"uv": [0, 6, 3, 7], "texture": "#wall"}}}, {"from": [0, 10, 11], "to": [2, 11, 11.5], "faces": {"east": {"uv": [1, 5, 2, 6], "texture": "#wall"}, "south": {"uv": [0, 5, 2, 6], "texture": "#wall"}, "west": {"uv": [0, 5, 1, 6], "texture": "#wall"}, "up": {"uv": [0, 5, 2, 6], "texture": "#wall"}}}, {"from": [0, 11, 11], "to": [1, 13, 11.5], "faces": {"east": {"uv": [0, 3, 1, 5], "texture": "#wall"}, "south": {"uv": [0, 3, 1, 5], "texture": "#wall"}, "west": {"uv": [0, 3, 1, 5], "texture": "#wall"}, "up": {"uv": [0, 3, 1, 4], "texture": "#wall"}}}, {"from": [2, 11, 11], "to": [7, 13, 11.5], "faces": {"east": {"uv": [6, 3, 7, 5], "texture": "#wall"}, "south": {"uv": [2, 3, 7, 5], "texture": "#wall"}, "west": {"uv": [2, 3, 3, 5], "texture": "#wall"}, "up": {"uv": [2, 3, 7, 4], "texture": "#wall"}, "down": {"uv": [2, 4, 7, 5], "texture": "#wall"}}}, {"from": [4, 10, 11], "to": [7, 11, 11.5], "faces": {"east": {"uv": [6, 5, 7, 6], "texture": "#wall"}, "south": {"uv": [4, 5, 7, 6], "texture": "#wall"}, "west": {"uv": [4, 5, 5, 6], "texture": "#wall"}, "down": {"uv": [4, 5, 7, 6], "texture": "#wall"}}}, {"from": [7, 12, 11], "to": [8, 13, 11.5], "faces": {"east": {"uv": [7, 3, 8, 4], "texture": "#wall"}, "south": {"uv": [7, 3, 8, 4], "texture": "#wall"}, "up": {"uv": [7, 3, 8, 4], "texture": "#wall"}, "down": {"uv": [7, 3, 8, 4], "texture": "#wall"}}}, {"from": [3, 6, 11], "to": [8, 7, 11.5], "faces": {"east": {"uv": [7, 9, 8, 10], "texture": "#wall"}, "south": {"uv": [3, 9, 8, 10], "texture": "#wall"}, "west": {"uv": [3, 9, 4, 10], "texture": "#wall"}, "up": {"uv": [3, 9, 8, 10], "texture": "#wall"}, "down": {"uv": [3, 9, 8, 10], "texture": "#wall"}}}, {"from": [4, 7, 11], "to": [8, 8, 11.5], "faces": {"south": {"uv": [4, 8, 8, 9], "texture": "#wall"}, "west": {"uv": [4, 8, 5, 9], "texture": "#wall"}, "up": {"uv": [4, 8, 8, 9], "texture": "#wall"}}}, {"from": [5, 8, 11], "to": [8, 9, 11.5], "faces": {"east": {"uv": [7, 7, 8, 8], "texture": "#wall"}, "south": {"uv": [5, 7, 8, 8], "texture": "#wall"}, "west": {"uv": [5, 7, 6, 8], "texture": "#wall"}, "up": {"uv": [5, 7, 8, 8], "texture": "#wall"}}}, {"from": [4, 5, 11], "to": [7, 6, 11.5], "faces": {"east": {"uv": [6, 10, 7, 11], "texture": "#wall"}, "south": {"uv": [4, 10, 7, 11], "texture": "#wall"}, "west": {"uv": [4, 10, 5, 11], "texture": "#wall"}, "down": {"uv": [4, 10, 7, 11], "texture": "#wall"}}}, {"from": [6, 2, 11], "to": [7, 3, 11.5], "faces": {"south": {"uv": [6, 13, 7, 14], "texture": "#wall"}, "west": {"uv": [6, 13, 7, 14], "texture": "#wall"}, "up": {"uv": [6, 13, 7, 14], "rotation": 180, "texture": "#wall"}, "down": {"uv": [6, 13, 7, 14], "rotation": 180, "texture": "#wall"}}}, {"from": [7, 1, 11], "to": [8, 5, 11.5], "faces": {"south": {"uv": [7, 11, 8, 15], "texture": "#wall"}, "west": {"uv": [7, 11, 8, 15], "texture": "#wall"}, "up": {"uv": [7, 11, 8, 12], "rotation": 180, "texture": "#wall"}, "down": {"uv": [7, 14, 8, 15], "texture": "#wall"}}}, {"name": "south", "from": [0, 14, 4.5], "to": [8, 16, 5], "faces": {"north": {"uv": [8, 0, 16, 2], "texture": "#wall"}, "east": {"uv": [8, 0, 9, 2], "texture": "#wall"}, "west": {"uv": [15, 0, 16, 2], "texture": "#wall"}, "up": {"uv": [8, 0, 16, 1], "rotation": 180, "texture": "#wall"}, "down": {"uv": [8, 1, 16, 2], "rotation": 180, "texture": "#wall"}}}, {"name": "east", "from": [-0.5, 14, 5], "to": [0, 16, 11], "faces": {"north": {"uv": [5, 1, 6, 3], "texture": "#wall", "cullface": "west"}, "south": {"uv": [10, 0, 11, 2], "texture": "#wall", "cullface": "west"}, "west": {"uv": [5, 0, 11, 2], "texture": "#wall", "cullface": "west"}, "up": {"uv": [5, 0, 11, 1], "rotation": 90, "texture": "#wall", "cullface": "west"}, "down": {"uv": [5, 1, 11, 2], "rotation": 270, "texture": "#wall", "cullface": "west"}}}, {"name": "north", "from": [0, 14, 11], "to": [8, 16, 11.5], "faces": {"east": {"uv": [7, 0, 8, 2], "texture": "#wall"}, "south": {"uv": [0, 0, 8, 2], "texture": "#wall"}, "west": {"uv": [0, 0, 1, 2], "texture": "#wall"}, "up": {"uv": [0, 0, 8, 1], "texture": "#wall"}, "down": {"uv": [0, 1, 8, 2], "texture": "#wall"}}}, {"from": [0, 16, 10], "to": [3, 16.5, 11], "faces": {"north": {"uv": [0, 10, 3, 11], "rotation": 180, "texture": "#wall", "cullface": "up"}, "east": {"uv": [2, 10, 3, 11], "rotation": 90, "texture": "#wall", "cullface": "up"}, "south": {"uv": [0, 10, 3, 11], "texture": "#wall", "cullface": "up"}, "west": {"uv": [0, 10, 1, 11], "rotation": 270, "texture": "#wall", "cullface": "up"}, "up": {"uv": [0, 10, 3, 11], "texture": "#wall", "cullface": "up"}}}, {"from": [1, 16, 8], "to": [2, 16.5, 9], "faces": {"east": {"uv": [1, 8, 2, 9], "rotation": 90, "texture": "#wall", "cullface": "up"}, "south": {"uv": [1, 8, 2, 9], "texture": "#wall", "cullface": "up"}, "west": {"uv": [1, 8, 2, 9], "rotation": 270, "texture": "#wall", "cullface": "up"}, "up": {"uv": [1, 8, 2, 9], "texture": "#wall", "cullface": "up"}}}, {"from": [0, 16, 7], "to": [4, 16.5, 8], "faces": {"north": {"uv": [0, 7, 4, 8], "rotation": 180, "texture": "#wall", "cullface": "up"}, "east": {"uv": [3, 7, 4, 8], "rotation": 90, "texture": "#wall", "cullface": "up"}, "south": {"uv": [0, 7, 4, 8], "texture": "#wall", "cullface": "up"}, "west": {"uv": [0, 7, 1, 8], "rotation": 270, "texture": "#wall", "cullface": "up"}, "up": {"uv": [0, 7, 4, 8], "texture": "#wall", "cullface": "up"}}}, {"from": [0, 16, 6], "to": [3, 16.5, 7], "faces": {"north": {"uv": [0, 6, 3, 7], "rotation": 180, "texture": "#wall", "cullface": "up"}, "east": {"uv": [2, 6, 3, 7], "rotation": 90, "texture": "#wall", "cullface": "up"}, "west": {"uv": [0, 6, 1, 7], "rotation": 270, "texture": "#wall", "cullface": "up"}, "up": {"uv": [0, 6, 3, 7], "texture": "#wall", "cullface": "up"}}}, {"from": [0, 16, 5], "to": [2, 16.5, 6], "faces": {"north": {"uv": [0, 5, 2, 6], "rotation": 180, "texture": "#wall", "cullface": "up"}, "east": {"uv": [1, 5, 2, 6], "rotation": 90, "texture": "#wall", "cullface": "up"}, "west": {"uv": [0, 5, 1, 6], "rotation": 270, "texture": "#wall", "cullface": "up"}, "up": {"uv": [0, 5, 2, 6], "texture": "#wall", "cullface": "up"}}}, {"from": [4, 16, 5], "to": [7, 16.5, 6], "faces": {"east": {"uv": [6, 5, 7, 6], "rotation": 90, "texture": "#wall", "cullface": "up"}, "south": {"uv": [4, 5, 7, 6], "texture": "#wall", "cullface": "up"}, "west": {"uv": [4, 5, 5, 6], "rotation": 270, "texture": "#wall", "cullface": "up"}, "up": {"uv": [4, 5, 7, 6], "texture": "#wall", "cullface": "up"}}}, {"from": [3, 16, 9], "to": [8, 16.5, 10], "faces": {"north": {"uv": [3, 9, 8, 10], "rotation": 180, "texture": "#wall", "cullface": "up"}, "east": {"uv": [7, 9, 8, 10], "rotation": 90, "texture": "#wall", "cullface": "up"}, "south": {"uv": [3, 9, 8, 10], "texture": "#wall", "cullface": "up"}, "west": {"uv": [3, 9, 4, 10], "rotation": 270, "texture": "#wall", "cullface": "up"}, "up": {"uv": [3, 9, 8, 10], "texture": "#wall", "cullface": "up"}}}, {"from": [4, 16, 8], "to": [8, 16.5, 9], "faces": {"north": {"uv": [4, 8, 9, 9], "rotation": 180, "texture": "#wall", "cullface": "up"}, "west": {"uv": [4, 8, 5, 9], "rotation": 270, "texture": "#wall", "cullface": "up"}, "up": {"uv": [4.01, 8, 8.01, 9], "texture": "#wall", "cullface": "up"}}}, {"from": [5, 16, 7], "to": [8, 16.5, 8], "faces": {"north": {"uv": [5, 7, 8, 8], "rotation": 180, "texture": "#wall", "cullface": "up"}, "east": {"uv": [7, 7, 8, 8], "rotation": 90, "texture": "#wall", "cullface": "up"}, "west": {"uv": [5, 7, 6, 8], "rotation": 270, "texture": "#wall", "cullface": "up"}, "up": {"uv": [5, 7, 8, 8], "texture": "#wall", "cullface": "up"}}}, {"from": [4, 16, 10], "to": [7, 16.5, 11], "faces": {"east": {"uv": [6, 10, 7, 11], "rotation": 90, "texture": "#wall", "cullface": "up"}, "south": {"uv": [4, 10, 7, 11], "texture": "#wall", "cullface": "up"}, "west": {"uv": [4, 10, 5, 11], "rotation": 270, "texture": "#wall", "cullface": "up"}, "up": {"uv": [4, 10, 7, 11], "texture": "#wall", "cullface": "up"}}}, {"from": [0, -0.5, 5], "to": [3, 0, 6], "faces": {"north": {"uv": [0, 10, 3, 11], "rotation": 180, "texture": "#wall", "cullface": "down"}, "east": {"uv": [2, 10, 3, 11], "rotation": 270, "texture": "#wall", "cullface": "down"}, "south": {"uv": [0, 10, 3, 11], "texture": "#wall", "cullface": "down"}, "west": {"uv": [0, 10, 1, 11], "rotation": 90, "texture": "#wall", "cullface": "down"}, "down": {"uv": [0, 10, 3, 11], "texture": "#wall", "cullface": "down"}}}, {"from": [1, -0.5, 7], "to": [2, 0, 8], "faces": {"north": {"uv": [1, 8, 2, 9], "rotation": 180, "texture": "#wall", "cullface": "down"}, "east": {"uv": [1, 8, 2, 9], "rotation": 270, "texture": "#wall", "cullface": "down"}, "west": {"uv": [1, 8, 2, 9], "rotation": 90, "texture": "#wall", "cullface": "down"}, "down": {"uv": [1, 8, 2, 9], "texture": "#wall", "cullface": "down"}}}, {"from": [0, -0.5, 8], "to": [4, 0, 9], "faces": {"north": {"uv": [0, 7, 4, 8], "rotation": 180, "texture": "#wall", "cullface": "down"}, "east": {"uv": [3, 7, 4, 8], "rotation": 270, "texture": "#wall", "cullface": "down"}, "south": {"uv": [0, 7, 4, 8], "texture": "#wall", "cullface": "down"}, "west": {"uv": [0, 7, 1, 8], "rotation": 90, "texture": "#wall", "cullface": "down"}, "down": {"uv": [0, 7, 4, 8], "texture": "#wall", "cullface": "down"}}}, {"from": [0, -0.5, 9], "to": [3, 0, 10], "faces": {"east": {"uv": [2, 6, 3, 7], "rotation": 270, "texture": "#wall", "cullface": "down"}, "south": {"uv": [0, 6, 3, 7], "texture": "#wall", "cullface": "down"}, "west": {"uv": [0, 6, 1, 7], "rotation": 90, "texture": "#wall", "cullface": "down"}, "down": {"uv": [0, 6, 3, 7], "texture": "#wall", "cullface": "down"}}}, {"from": [0, -0.5, 10], "to": [2, 0, 11], "faces": {"east": {"uv": [1, 5, 2, 6], "rotation": 270, "texture": "#wall", "cullface": "down"}, "south": {"uv": [0, 5, 2, 6], "texture": "#wall", "cullface": "down"}, "west": {"uv": [0, 5, 1, 6], "rotation": 90, "texture": "#wall", "cullface": "down"}, "down": {"uv": [0, 5, 2, 6], "texture": "#wall", "cullface": "down"}}}, {"from": [4, -0.5, 10], "to": [7, 0, 11], "faces": {"north": {"uv": [4, 5, 7, 6], "rotation": 180, "texture": "#wall", "cullface": "down"}, "east": {"uv": [6, 5, 7, 6], "rotation": 270, "texture": "#wall", "cullface": "down"}, "west": {"uv": [4, 5, 5, 6], "rotation": 90, "texture": "#wall", "cullface": "down"}, "down": {"uv": [4, 5, 7, 6], "texture": "#wall", "cullface": "down"}}}, {"from": [3, -0.5, 6], "to": [8, 0, 7], "faces": {"north": {"uv": [3, 9, 8, 10], "rotation": 180, "texture": "#wall", "cullface": "down"}, "east": {"uv": [7, 9, 8, 10], "rotation": 270, "texture": "#wall", "cullface": "down"}, "south": {"uv": [3, 9, 8, 10], "texture": "#wall", "cullface": "down"}, "west": {"uv": [3, 9, 4, 10], "rotation": 90, "texture": "#wall", "cullface": "down"}, "down": {"uv": [3, 9, 8, 10], "texture": "#wall", "cullface": "down"}}}, {"from": [4, -0.5, 7], "to": [8, 0, 8], "faces": {"south": {"uv": [4, 8, 9, 9], "texture": "#wall", "cullface": "down"}, "west": {"uv": [4, 8, 5, 9], "rotation": 90, "texture": "#wall", "cullface": "down"}, "down": {"uv": [4.01, 8, 8.01, 9], "texture": "#wall", "cullface": "down"}}}, {"from": [5, -0.5, 8], "to": [8, 0, 9], "faces": {"east": {"uv": [7, 7, 8, 8], "rotation": 270, "texture": "#wall", "cullface": "down"}, "south": {"uv": [5, 7, 8, 8], "texture": "#wall", "cullface": "down"}, "west": {"uv": [5, 7, 6, 8], "rotation": 90, "texture": "#wall", "cullface": "down"}, "down": {"uv": [5, 7, 8, 8], "texture": "#wall", "cullface": "down"}}}, {"from": [4, -0.5, 5], "to": [7, 0, 6], "faces": {"north": {"uv": [4, 10, 7, 11], "rotation": 180, "texture": "#wall", "cullface": "down"}, "east": {"uv": [6, 10, 7, 11], "rotation": 270, "texture": "#wall", "cullface": "down"}, "west": {"uv": [4, 10, 5, 11], "rotation": 90, "texture": "#wall", "cullface": "down"}, "down": {"uv": [4, 10, 7, 11], "texture": "#wall", "cullface": "down"}}}], "display": {"thirdperson_righthand": {"rotation": [75, 45, 0], "translation": [0, 2.5, 0], "scale": [0.375, 0.375, 0.375]}, "thirdperson_lefthand": {"rotation": [75, 45, 0], "translation": [0, 2.5, 0], "scale": [0.375, 0.375, 0.375]}, "firstperson_righthand": {"rotation": [0, 45, 0], "scale": [0.4, 0.4, 0.4]}, "firstperson_lefthand": {"rotation": [0, 225, 0], "scale": [0.4, 0.4, 0.4]}, "ground": {"translation": [0, 3, 0], "scale": [0.25, 0.25, 0.25]}, "gui": {"rotation": [30, 225, 0], "scale": [0.625, 0.625, 0.625]}, "fixed": {"scale": [0.5, 0.5, 0.5]}}, "groups": [0, {"name": "south", "origin": [8, 8, 8], "color": 0, "children": [1, 2, 3, 4, 5, 6, 7, 8, 9, 10, 11, 12, 13, 14, 15, 16, 17, 18, 19]}, {"name": "east", "origin": [8, 8, 8], "color": 0, "children": [20, 21, 22, 23, 24, 25, 26, 27, 28, 29, 30, 31, 32, 33, 34, 35, 36, 37, 38]}, {"name": "north", "origin": [8, 8, 8], "color": 0, "children": [39, 40, 41, 42, 43, 44, 45, 46, 47, 48, 49, 50, 51, 52, 53, 54, 55, 56, 57, 58, 59, 60]}, 61, 62, 63, {"name": "up", "origin": [8, 8, 8], "color": 0, "children": [64, 65, 66, 67, 68, 69, 70, 71, 72, 73]}, {"name": "down", "origin": [8, 8, 8], "color": 0, "children": [74, 75, 76, 77, 78, 79, 80, 81, 82, 83]}]}