{"parent": "block/template_sandstone", "textures": {"particle": "#wall"}, "elements": [{"name": "Center post", "from": [4, 0, 4], "to": [12, 16, 12], "faces": {"north": {"uv": [4, 0, 12, 16], "texture": "#wall"}, "east": {"uv": [4, 0, 12, 16], "texture": "#wall"}, "south": {"uv": [4, 0, 12, 16], "texture": "#wall"}, "west": {"uv": [4, 0, 12, 16], "texture": "#wall"}, "up": {"uv": [4, 4, 12, 12], "texture": "#wall", "cullface": "up"}, "down": {"uv": [4, 4, 12, 12], "texture": "#wall", "cullface": "down"}}}, {"from": [4, 0, 3.5], "to": [7, 1, 4], "faces": {"north": {"uv": [9, 15, 12, 16], "texture": "#wall"}, "east": {"uv": [9, 15, 10, 16], "texture": "#wall"}, "west": {"uv": [11, 15, 12, 16], "texture": "#wall"}, "up": {"uv": [9, 15, 12, 16], "rotation": 180, "texture": "#wall"}, "down": {"uv": [9, 15, 12, 16], "rotation": 180, "texture": "#wall"}}}, {"from": [9, 0, 3.5], "to": [11, 1, 4], "faces": {"north": {"uv": [5, 15, 7, 16], "texture": "#wall"}, "east": {"uv": [5, 15, 6, 16], "texture": "#wall"}, "west": {"uv": [6, 15, 7, 16], "texture": "#wall"}, "up": {"uv": [5, 15, 7, 16], "rotation": 180, "texture": "#wall"}, "down": {"uv": [9, 15, 12, 16], "rotation": 180, "texture": "#wall"}}}, {"from": [11, 2, 3.5], "to": [12, 3, 4], "faces": {"north": {"uv": [4, 13, 5, 14], "texture": "#wall"}, "east": {"uv": [4, 13, 5, 14], "texture": "#wall"}, "west": {"uv": [4, 13, 5, 14], "texture": "#wall"}, "down": {"uv": [9, 15, 12, 16], "texture": "#wall"}}}, {"from": [10, 3, 3.5], "to": [12, 4, 4], "faces": {"north": {"uv": [4, 12, 6, 13], "texture": "#wall"}, "east": {"uv": [4, 12, 5, 13], "texture": "#wall"}, "west": {"uv": [5, 12, 6, 13], "texture": "#wall"}, "up": {"uv": [4, 12, 6, 13], "rotation": 180, "texture": "#wall"}, "down": {"uv": [9, 15, 12, 16], "rotation": 180, "texture": "#wall"}}}, {"from": [4, 14, 3.5], "to": [12, 16, 4], "faces": {"north": {"uv": [4, 0, 12, 2], "texture": "#wall"}, "east": {"uv": [0, 0, 1, 2], "texture": "#wall"}, "west": {"uv": [15, 0, 16, 2], "texture": "#wall"}, "up": {"uv": [4, 0, 12, 1], "rotation": 180, "texture": "#wall"}, "down": {"uv": [9, 15, 12, 16], "rotation": 180, "texture": "#wall"}}}, {"from": [9, 10, 3.5], "to": [12, 13, 4], "faces": {"north": {"uv": [4, 3, 7, 6], "texture": "#wall"}, "east": {"uv": [4, 3, 5, 6], "texture": "#wall"}, "west": {"uv": [6, 3, 7, 6], "texture": "#wall"}, "up": {"uv": [4, 3, 7, 4], "rotation": 180, "texture": "#wall"}, "down": {"uv": [9, 15, 12, 16], "rotation": 180, "texture": "#wall"}}}, {"from": [8, 12, 3.5], "to": [9, 13, 4], "faces": {"north": {"uv": [7, 3, 8, 4], "texture": "#wall"}, "west": {"uv": [7, 3, 8, 4], "texture": "#wall"}, "up": {"uv": [7, 3, 8, 4], "rotation": 180, "texture": "#wall"}, "down": {"uv": [9, 15, 12, 16], "rotation": 180, "texture": "#wall"}}}, {"from": [4, 12, 3.5], "to": [7, 13, 4], "faces": {"north": {"uv": [9, 3, 12, 4], "texture": "#wall"}, "east": {"uv": [9, 3, 10, 4], "texture": "#wall"}, "west": {"uv": [11, 3, 12, 4], "texture": "#wall"}, "up": {"uv": [9, 3, 12, 4], "rotation": 180, "texture": "#wall"}}}, {"from": [4, 10, 3.5], "to": [8, 12, 4], "faces": {"north": {"uv": [8, 4, 12, 6], "texture": "#wall"}, "east": {"uv": [8, 4, 9, 6], "texture": "#wall"}, "west": {"uv": [11, 4, 12, 6], "texture": "#wall"}, "up": {"uv": [8, 4, 12, 5], "rotation": 180, "texture": "#wall"}, "down": {"uv": [9, 15, 12, 16], "rotation": 180, "texture": "#wall"}}}, {"from": [6, 8, 3.5], "to": [7, 10, 4], "faces": {"north": {"uv": [9, 6, 10, 8], "texture": "#wall"}, "east": {"uv": [9, 6, 10, 8], "texture": "#wall"}, "west": {"uv": [9, 6, 10, 8], "texture": "#wall"}, "down": {"uv": [9, 15, 12, 16], "rotation": 180, "texture": "#wall"}}}, {"from": [5, 9, 3.5], "to": [6, 10, 4], "faces": {"north": {"uv": [10, 6, 11, 7], "texture": "#wall"}, "west": {"uv": [10, 6, 11, 7], "texture": "#wall"}, "down": {"uv": [9, 15, 12, 16], "rotation": 180, "texture": "#wall"}}}, {"from": [5, 6, 3.5], "to": [6, 8, 4], "faces": {"north": {"uv": [10, 8, 11, 10], "texture": "#wall"}, "east": {"uv": [10, 8, 11, 10], "texture": "#wall"}, "up": {"uv": [10, 8, 11, 9], "rotation": 180, "texture": "#wall"}, "down": {"uv": [9, 15, 12, 16], "rotation": 180, "texture": "#wall"}}}, {"from": [8, 6, 3.5], "to": [12, 7, 4], "faces": {"north": {"uv": [4, 9, 8, 10], "texture": "#wall"}, "east": {"uv": [4, 9, 5, 10], "texture": "#wall"}, "west": {"uv": [7, 9, 8, 10], "texture": "#wall"}, "down": {"uv": [9, 15, 12, 16], "rotation": 180, "texture": "#wall"}}}, {"from": [7, 7, 3.5], "to": [12, 8, 4], "faces": {"north": {"uv": [4, 8, 9, 9], "texture": "#wall"}, "east": {"uv": [4, 8, 5, 9], "texture": "#wall"}, "west": {"uv": [8, 8, 9, 9], "texture": "#wall"}, "up": {"uv": [4, 8, 9, 9], "rotation": 180, "texture": "#wall"}, "down": {"uv": [9, 15, 12, 16], "rotation": 180, "texture": "#wall"}}}, {"from": [8, 8, 3.5], "to": [11, 9, 4], "faces": {"north": {"uv": [5, 7, 8, 8], "texture": "#wall"}, "east": {"uv": [5, 7, 6, 8], "texture": "#wall"}, "west": {"uv": [7, 7, 8, 8], "texture": "#wall"}, "up": {"uv": [5, 7, 8, 8], "rotation": 180, "texture": "#wall"}}}, {"from": [9, 5, 3.5], "to": [12, 6, 4], "faces": {"north": {"uv": [4, 10, 7, 11], "texture": "#wall"}, "east": {"uv": [4, 10, 5, 11], "texture": "#wall"}, "west": {"uv": [6, 10, 7, 11], "texture": "#wall"}, "down": {"uv": [9, 15, 12, 16], "rotation": 180, "texture": "#wall"}}}, {"from": [6, 5, 3.5], "to": [8, 6, 4], "faces": {"north": {"uv": [8, 10, 10, 11], "texture": "#wall"}, "east": {"uv": [8, 10, 9, 11], "texture": "#wall"}, "west": {"uv": [9, 10, 10, 11], "texture": "#wall"}, "up": {"uv": [8, 10, 10, 11], "rotation": 180, "texture": "#wall"}}}, {"from": [5, 4, 3.5], "to": [9, 5, 4], "faces": {"north": {"uv": [7, 11, 11, 12], "texture": "#wall"}, "east": {"uv": [7, 11, 8, 12], "texture": "#wall"}, "west": {"uv": [10, 11, 11, 12], "texture": "#wall"}, "up": {"uv": [7, 11, 11, 12], "rotation": 180, "texture": "#wall"}}}, {"from": [4, 2, 3.5], "to": [10, 3, 4], "faces": {"north": {"uv": [6, 13, 12, 14], "texture": "#wall"}, "east": {"uv": [6, 13, 7, 14], "texture": "#wall"}, "west": {"uv": [11, 13, 12, 14], "texture": "#wall"}, "up": {"uv": [6, 13, 12, 14], "rotation": 180, "texture": "#wall"}, "down": {"uv": [9, 15, 12, 16], "rotation": 180, "texture": "#wall"}}}, {"from": [7, 1, 3.5], "to": [9, 2, 4], "faces": {"north": {"uv": [7, 14, 9, 15], "texture": "#wall"}, "east": {"uv": [7, 14, 8, 15], "texture": "#wall"}, "west": {"uv": [8, 14, 9, 15], "texture": "#wall"}, "down": {"uv": [9, 15, 12, 16], "rotation": 180, "texture": "#wall"}}}, {"from": [4, 3, 3.5], "to": [9, 4, 4], "faces": {"north": {"uv": [7, 12, 12, 13], "texture": "#wall"}, "east": {"uv": [7, 12, 8, 13], "texture": "#wall"}, "west": {"uv": [11, 12, 12, 13], "texture": "#wall"}, "up": {"uv": [7, 12, 12, 13], "rotation": 180, "texture": "#wall"}}}, {"from": [4, 5, 3.5], "to": [5, 9, 4], "faces": {"north": {"uv": [11, 7, 12, 11], "texture": "#wall"}, "east": {"uv": [11, 7, 12, 11], "texture": "#wall"}, "west": {"uv": [11, 7, 12, 11], "texture": "#wall"}, "up": {"uv": [11, 7, 12, 8], "rotation": 180, "texture": "#wall"}, "down": {"uv": [9, 15, 12, 16], "rotation": 180, "texture": "#wall"}}}, {"from": [12, 0, 4], "to": [12.5, 1, 7], "faces": {"north": {"uv": [11, 15, 12, 16], "texture": "#wall"}, "east": {"uv": [9, 15, 12, 16], "texture": "#wall"}, "south": {"uv": [9, 15, 10, 16], "texture": "#wall"}, "up": {"uv": [9, 15, 12, 16], "rotation": 270, "texture": "#wall"}, "down": {"uv": [9, 15, 12, 16], "rotation": 90, "texture": "#wall"}}}, {"from": [12, 0, 9], "to": [12.5, 1, 11], "faces": {"north": {"uv": [6, 15, 7, 16], "texture": "#wall"}, "east": {"uv": [5, 15, 7, 16], "texture": "#wall"}, "south": {"uv": [5, 15, 6, 16], "texture": "#wall"}, "up": {"uv": [5, 15, 7, 16], "rotation": 270, "texture": "#wall"}, "down": {"uv": [9, 15, 12, 16], "rotation": 90, "texture": "#wall"}}}, {"from": [12, 2, 11], "to": [12.5, 3, 12], "faces": {"north": {"uv": [4, 13, 5, 14], "texture": "#wall"}, "east": {"uv": [4, 13, 5, 14], "texture": "#wall"}, "south": {"uv": [4, 13, 5, 14], "texture": "#wall"}, "down": {"uv": [9, 15, 12, 16], "rotation": 270, "texture": "#wall"}}}, {"from": [12, 3, 10], "to": [12.5, 4, 12], "faces": {"north": {"uv": [5, 12, 6, 13], "texture": "#wall"}, "east": {"uv": [4, 12, 6, 13], "texture": "#wall"}, "south": {"uv": [4, 12, 5, 13], "texture": "#wall"}, "up": {"uv": [4, 12, 6, 13], "rotation": 270, "texture": "#wall"}, "down": {"uv": [9, 15, 12, 16], "rotation": 90, "texture": "#wall"}}}, {"from": [12, 14, 4], "to": [12.5, 16, 12], "faces": {"north": {"uv": [15, 0, 16, 2], "texture": "#wall"}, "east": {"uv": [4, 0, 12, 2], "texture": "#wall"}, "south": {"uv": [0, 0, 1, 2], "texture": "#wall"}, "up": {"uv": [4, 0, 12, 1], "rotation": 270, "texture": "#wall"}, "down": {"uv": [9, 15, 12, 16], "rotation": 90, "texture": "#wall"}}}, {"from": [12, 10, 9], "to": [12.5, 13, 12], "faces": {"north": {"uv": [6, 3, 7, 6], "texture": "#wall"}, "east": {"uv": [4, 3, 7, 6], "texture": "#wall"}, "south": {"uv": [4, 3, 5, 6], "texture": "#wall"}, "up": {"uv": [4, 3, 7, 4], "rotation": 270, "texture": "#wall"}, "down": {"uv": [9, 15, 12, 16], "rotation": 90, "texture": "#wall"}}}, {"from": [12, 12, 8], "to": [12.5, 13, 9], "faces": {"north": {"uv": [7, 3, 8, 4], "texture": "#wall"}, "east": {"uv": [7, 3, 8, 4], "texture": "#wall"}, "up": {"uv": [7, 3, 8, 4], "rotation": 270, "texture": "#wall"}, "down": {"uv": [9, 15, 12, 16], "rotation": 90, "texture": "#wall"}}}, {"from": [12, 12, 4], "to": [12.5, 13, 7], "faces": {"north": {"uv": [11, 3, 12, 4], "texture": "#wall"}, "east": {"uv": [9, 3, 12, 4], "texture": "#wall"}, "south": {"uv": [9, 3, 10, 4], "texture": "#wall"}, "up": {"uv": [9, 3, 12, 4], "rotation": 270, "texture": "#wall"}}}, {"from": [12, 10, 4], "to": [12.5, 12, 8], "faces": {"north": {"uv": [11, 4, 12, 6], "texture": "#wall"}, "east": {"uv": [8, 4, 12, 6], "texture": "#wall"}, "south": {"uv": [8, 4, 9, 6], "texture": "#wall"}, "up": {"uv": [8, 4, 12, 5], "rotation": 270, "texture": "#wall"}, "down": {"uv": [9, 15, 12, 16], "rotation": 90, "texture": "#wall"}}}, {"from": [12, 8, 6], "to": [12.5, 10, 7], "faces": {"north": {"uv": [9, 6, 10, 8], "texture": "#wall"}, "east": {"uv": [9, 6, 10, 8], "texture": "#wall"}, "south": {"uv": [9, 6, 10, 8], "texture": "#wall"}, "down": {"uv": [9, 15, 12, 16], "rotation": 90, "texture": "#wall"}}}, {"from": [12, 9, 5], "to": [12.5, 10, 6], "faces": {"north": {"uv": [10, 6, 11, 7], "texture": "#wall"}, "east": {"uv": [10, 6, 11, 7], "texture": "#wall"}, "down": {"uv": [9, 15, 12, 16], "rotation": 90, "texture": "#wall"}}}, {"from": [12, 6, 5], "to": [12.5, 8, 6], "faces": {"east": {"uv": [10, 8, 11, 10], "texture": "#wall"}, "south": {"uv": [10, 8, 11, 10], "texture": "#wall"}, "up": {"uv": [10, 8, 11, 9], "rotation": 270, "texture": "#wall"}, "down": {"uv": [9, 15, 12, 16], "rotation": 90, "texture": "#wall"}}}, {"from": [12, 6, 8], "to": [12.5, 7, 12], "faces": {"north": {"uv": [7, 9, 8, 10], "texture": "#wall"}, "east": {"uv": [4, 9, 8, 10], "texture": "#wall"}, "south": {"uv": [4, 9, 5, 10], "texture": "#wall"}, "down": {"uv": [9, 15, 12, 16], "rotation": 90, "texture": "#wall"}}}, {"from": [12, 7, 7], "to": [12.5, 8, 12], "faces": {"north": {"uv": [8, 8, 9, 9], "texture": "#wall"}, "east": {"uv": [4, 8, 9, 9], "texture": "#wall"}, "south": {"uv": [4, 8, 5, 9], "texture": "#wall"}, "up": {"uv": [4, 8, 9, 9], "rotation": 270, "texture": "#wall"}, "down": {"uv": [9, 15, 12, 16], "rotation": 90, "texture": "#wall"}}}, {"from": [12, 8, 8], "to": [12.5, 9, 11], "faces": {"north": {"uv": [7, 7, 8, 8], "texture": "#wall"}, "east": {"uv": [5, 7, 8, 8], "texture": "#wall"}, "south": {"uv": [5, 7, 6, 8], "texture": "#wall"}, "up": {"uv": [5, 7, 8, 8], "rotation": 270, "texture": "#wall"}}}, {"from": [12, 5, 9], "to": [12.5, 6, 12], "faces": {"north": {"uv": [6, 10, 7, 11], "texture": "#wall"}, "east": {"uv": [4, 10, 7, 11], "texture": "#wall"}, "south": {"uv": [4, 10, 5, 11], "texture": "#wall"}, "down": {"uv": [9, 15, 12, 16], "rotation": 90, "texture": "#wall"}}}, {"from": [12, 5, 6], "to": [12.5, 6, 8], "faces": {"north": {"uv": [9, 10, 10, 11], "texture": "#wall"}, "east": {"uv": [8, 10, 10, 11], "texture": "#wall"}, "south": {"uv": [8, 10, 9, 11], "texture": "#wall"}, "up": {"uv": [8, 10, 10, 11], "rotation": 270, "texture": "#wall"}}}, {"from": [12, 4, 5], "to": [12.5, 5, 9], "faces": {"north": {"uv": [10, 11, 11, 12], "texture": "#wall"}, "east": {"uv": [7, 11, 11, 12], "texture": "#wall"}, "south": {"uv": [7, 11, 8, 12], "texture": "#wall"}, "up": {"uv": [7, 11, 11, 12], "rotation": 270, "texture": "#wall"}}}, {"from": [12, 2, 4], "to": [12.5, 3, 10], "faces": {"north": {"uv": [11, 13, 12, 14], "texture": "#wall"}, "east": {"uv": [6, 13, 12, 14], "texture": "#wall"}, "south": {"uv": [6, 13, 7, 14], "texture": "#wall"}, "up": {"uv": [6, 13, 12, 14], "rotation": 270, "texture": "#wall"}, "down": {"uv": [9, 15, 12, 16], "rotation": 90, "texture": "#wall"}}}, {"from": [12, 1, 7], "to": [12.5, 2, 9], "faces": {"north": {"uv": [8, 14, 9, 15], "texture": "#wall"}, "east": {"uv": [7, 14, 9, 15], "texture": "#wall"}, "south": {"uv": [7, 14, 8, 15], "texture": "#wall"}, "down": {"uv": [9, 15, 12, 16], "rotation": 90, "texture": "#wall"}}}, {"from": [12, 3, 4], "to": [12.5, 4, 9], "faces": {"north": {"uv": [11, 12, 12, 13], "texture": "#wall"}, "east": {"uv": [7, 12, 12, 13], "texture": "#wall"}, "south": {"uv": [7, 12, 8, 13], "texture": "#wall"}, "up": {"uv": [7, 12, 12, 13], "rotation": 270, "texture": "#wall"}}}, {"from": [12, 5, 4], "to": [12.5, 9, 5], "faces": {"north": {"uv": [11, 7, 12, 11], "texture": "#wall"}, "east": {"uv": [11, 7, 12, 11], "texture": "#wall"}, "south": {"uv": [11, 7, 12, 11], "texture": "#wall"}, "up": {"uv": [11, 7, 12, 8], "rotation": 270, "texture": "#wall"}, "down": {"uv": [9, 15, 12, 16], "rotation": 90, "texture": "#wall"}}}, {"from": [9, 0, 12], "to": [12, 1, 12.5], "faces": {"east": {"uv": [11, 15, 12, 16], "texture": "#wall"}, "south": {"uv": [9, 15, 12, 16], "texture": "#wall"}, "west": {"uv": [9, 15, 10, 16], "texture": "#wall"}, "up": {"uv": [9, 15, 12, 16], "texture": "#wall"}, "down": {"uv": [9, 15, 12, 16], "texture": "#wall"}}}, {"from": [5, 0, 12], "to": [7, 1, 12.5], "faces": {"east": {"uv": [6, 15, 7, 16], "texture": "#wall"}, "south": {"uv": [5, 15, 7, 16], "texture": "#wall"}, "west": {"uv": [5, 15, 6, 16], "texture": "#wall"}, "up": {"uv": [5, 15, 7, 16], "texture": "#wall"}, "down": {"uv": [9, 15, 12, 16], "texture": "#wall"}}}, {"from": [4, 2, 12], "to": [5, 3, 12.5], "faces": {"east": {"uv": [4, 13, 5, 14], "texture": "#wall"}, "south": {"uv": [4, 13, 5, 14], "texture": "#wall"}, "west": {"uv": [4, 13, 5, 14], "texture": "#wall"}, "down": {"uv": [9, 15, 12, 16], "rotation": 180, "texture": "#wall"}}}, {"from": [4, 3, 12], "to": [6, 4, 12.5], "faces": {"east": {"uv": [5, 12, 6, 13], "texture": "#wall"}, "south": {"uv": [4, 12, 6, 13], "texture": "#wall"}, "west": {"uv": [4, 12, 5, 13], "texture": "#wall"}, "up": {"uv": [4, 12, 6, 13], "texture": "#wall"}, "down": {"uv": [9, 15, 12, 16], "texture": "#wall"}}}, {"from": [4, 14, 12], "to": [12, 16, 12.5], "faces": {"east": {"uv": [15, 0, 16, 2], "texture": "#wall"}, "south": {"uv": [4, 0, 12, 2], "texture": "#wall"}, "west": {"uv": [0, 0, 1, 2], "texture": "#wall"}, "up": {"uv": [4, 0, 12, 1], "texture": "#wall"}, "down": {"uv": [9, 15, 12, 16], "texture": "#wall"}}}, {"from": [4, 10, 12], "to": [7, 13, 12.5], "faces": {"east": {"uv": [6, 3, 7, 6], "texture": "#wall"}, "south": {"uv": [4, 3, 7, 6], "texture": "#wall"}, "west": {"uv": [4, 3, 5, 6], "texture": "#wall"}, "up": {"uv": [4, 3, 7, 4], "texture": "#wall"}, "down": {"uv": [9, 15, 12, 16], "texture": "#wall"}}}, {"from": [7, 12, 12], "to": [8, 13, 12.5], "faces": {"east": {"uv": [7, 3, 8, 4], "texture": "#wall"}, "south": {"uv": [7, 3, 8, 4], "texture": "#wall"}, "up": {"uv": [7, 3, 8, 4], "texture": "#wall"}, "down": {"uv": [9, 15, 12, 16], "texture": "#wall"}}}, {"from": [9, 12, 12], "to": [12, 13, 12.5], "faces": {"east": {"uv": [11, 3, 12, 4], "texture": "#wall"}, "south": {"uv": [9, 3, 12, 4], "texture": "#wall"}, "west": {"uv": [9, 3, 10, 4], "texture": "#wall"}, "up": {"uv": [9, 3, 12, 4], "texture": "#wall"}}}, {"from": [8, 10, 12], "to": [12, 12, 12.5], "faces": {"east": {"uv": [11, 4, 12, 6], "texture": "#wall"}, "south": {"uv": [8, 4, 12, 6], "texture": "#wall"}, "west": {"uv": [8, 4, 9, 6], "texture": "#wall"}, "up": {"uv": [8, 4, 12, 5], "texture": "#wall"}, "down": {"uv": [9, 15, 12, 16], "texture": "#wall"}}}, {"from": [9, 8, 12], "to": [10, 10, 12.5], "faces": {"east": {"uv": [9, 6, 10, 8], "texture": "#wall"}, "south": {"uv": [9, 6, 10, 8], "texture": "#wall"}, "west": {"uv": [9, 6, 10, 8], "texture": "#wall"}, "down": {"uv": [9, 15, 12, 16], "texture": "#wall"}}}, {"from": [10, 9, 12], "to": [11, 10, 12.5], "faces": {"east": {"uv": [10, 6, 11, 7], "texture": "#wall"}, "south": {"uv": [10, 6, 11, 7], "texture": "#wall"}, "down": {"uv": [9, 15, 12, 16], "texture": "#wall"}}}, {"from": [10, 6, 12], "to": [11, 8, 12.5], "faces": {"south": {"uv": [10, 8, 11, 10], "texture": "#wall"}, "west": {"uv": [10, 8, 11, 10], "texture": "#wall"}, "up": {"uv": [10, 8, 11, 9], "texture": "#wall"}, "down": {"uv": [9, 15, 12, 16], "texture": "#wall"}}}, {"from": [4, 6, 12], "to": [8, 7, 12.5], "faces": {"east": {"uv": [7, 9, 8, 10], "texture": "#wall"}, "south": {"uv": [4, 9, 8, 10], "texture": "#wall"}, "west": {"uv": [4, 9, 5, 10], "texture": "#wall"}, "down": {"uv": [9, 15, 12, 16], "texture": "#wall"}}}, {"from": [4, 7, 12], "to": [9, 8, 12.5], "faces": {"east": {"uv": [8, 8, 9, 9], "texture": "#wall"}, "south": {"uv": [4, 8, 9, 9], "texture": "#wall"}, "west": {"uv": [4, 8, 5, 9], "texture": "#wall"}, "up": {"uv": [4, 8, 9, 9], "texture": "#wall"}, "down": {"uv": [9, 15, 12, 16], "texture": "#wall"}}}, {"from": [5, 8, 12], "to": [8, 9, 12.5], "faces": {"east": {"uv": [7, 7, 8, 8], "texture": "#wall"}, "south": {"uv": [5, 7, 8, 8], "texture": "#wall"}, "west": {"uv": [5, 7, 6, 8], "texture": "#wall"}, "up": {"uv": [5, 7, 8, 8], "texture": "#wall"}}}, {"from": [4, 5, 12], "to": [7, 6, 12.5], "faces": {"east": {"uv": [6, 10, 7, 11], "texture": "#wall"}, "south": {"uv": [4, 10, 7, 11], "texture": "#wall"}, "west": {"uv": [4, 10, 5, 11], "texture": "#wall"}, "down": {"uv": [9, 15, 12, 16], "texture": "#wall"}}}, {"from": [8, 5, 12], "to": [10, 6, 12.5], "faces": {"east": {"uv": [9, 10, 10, 11], "texture": "#wall"}, "south": {"uv": [8, 10, 10, 11], "texture": "#wall"}, "west": {"uv": [8, 10, 9, 11], "texture": "#wall"}, "up": {"uv": [8, 10, 10, 11], "texture": "#wall"}}}, {"from": [7, 4, 12], "to": [11, 5, 12.5], "faces": {"east": {"uv": [10, 11, 11, 12], "texture": "#wall"}, "south": {"uv": [7, 11, 11, 12], "texture": "#wall"}, "west": {"uv": [7, 11, 8, 12], "texture": "#wall"}, "up": {"uv": [7, 11, 11, 12], "texture": "#wall"}}}, {"from": [6, 2, 12], "to": [12, 3, 12.5], "faces": {"east": {"uv": [11, 13, 12, 14], "texture": "#wall"}, "south": {"uv": [6, 13, 12, 14], "texture": "#wall"}, "west": {"uv": [6, 13, 7, 14], "texture": "#wall"}, "up": {"uv": [6, 13, 12, 14], "texture": "#wall"}, "down": {"uv": [9, 15, 12, 16], "texture": "#wall"}}}, {"from": [7, 1, 12], "to": [9, 2, 12.5], "faces": {"east": {"uv": [8, 14, 9, 15], "texture": "#wall"}, "south": {"uv": [7, 14, 9, 15], "texture": "#wall"}, "west": {"uv": [7, 14, 8, 15], "texture": "#wall"}, "down": {"uv": [9, 15, 12, 16], "texture": "#wall"}}}, {"from": [7, 3, 12], "to": [12, 4, 12.5], "faces": {"east": {"uv": [11, 12, 12, 13], "texture": "#wall"}, "south": {"uv": [7, 12, 12, 13], "texture": "#wall"}, "west": {"uv": [7, 12, 8, 13], "texture": "#wall"}, "up": {"uv": [7, 12, 12, 13], "texture": "#wall"}}}, {"from": [11, 5, 12], "to": [12, 9, 12.5], "faces": {"east": {"uv": [11, 7, 12, 11], "texture": "#wall"}, "south": {"uv": [11, 7, 12, 11], "texture": "#wall"}, "west": {"uv": [11, 7, 12, 11], "texture": "#wall"}, "up": {"uv": [11, 7, 12, 8], "texture": "#wall"}, "down": {"uv": [9, 15, 12, 16], "texture": "#wall"}}}, {"from": [3.5, 0, 9], "to": [4, 1, 12], "faces": {"north": {"uv": [9, 15, 10, 16], "texture": "#wall"}, "south": {"uv": [11, 15, 12, 16], "texture": "#wall"}, "west": {"uv": [9, 15, 12, 16], "texture": "#wall"}, "up": {"uv": [9, 15, 12, 16], "rotation": 90, "texture": "#wall"}, "down": {"uv": [9, 15, 12, 16], "rotation": 270, "texture": "#wall"}}}, {"from": [3.5, 0, 5], "to": [4, 1, 7], "faces": {"north": {"uv": [5, 15, 6, 16], "texture": "#wall"}, "south": {"uv": [6, 15, 7, 16], "texture": "#wall"}, "west": {"uv": [5, 15, 7, 16], "texture": "#wall"}, "up": {"uv": [5, 15, 7, 16], "rotation": 90, "texture": "#wall"}, "down": {"uv": [9, 15, 12, 16], "rotation": 270, "texture": "#wall"}}}, {"from": [3.5, 2, 4], "to": [4, 3, 5], "faces": {"north": {"uv": [4, 13, 5, 14], "texture": "#wall"}, "south": {"uv": [4, 13, 5, 14], "texture": "#wall"}, "west": {"uv": [4, 13, 5, 14], "texture": "#wall"}, "down": {"uv": [9, 15, 12, 16], "rotation": 90, "texture": "#wall"}}}, {"from": [3.5, 3, 4], "to": [4, 4, 6], "faces": {"north": {"uv": [4, 12, 5, 13], "texture": "#wall"}, "south": {"uv": [5, 12, 6, 13], "texture": "#wall"}, "west": {"uv": [4, 12, 6, 13], "texture": "#wall"}, "up": {"uv": [4, 12, 6, 13], "rotation": 90, "texture": "#wall"}, "down": {"uv": [9, 15, 12, 16], "rotation": 270, "texture": "#wall"}}}, {"from": [3.5, 14, 4], "to": [4, 16, 12], "faces": {"north": {"uv": [0, 0, 1, 2], "texture": "#wall"}, "south": {"uv": [15, 0, 16, 2], "texture": "#wall"}, "west": {"uv": [4, 0, 12, 2], "texture": "#wall"}, "up": {"uv": [4, 0, 12, 1], "rotation": 90, "texture": "#wall"}, "down": {"uv": [9, 15, 12, 16], "rotation": 270, "texture": "#wall"}}}, {"from": [3.5, 10, 4], "to": [4, 13, 7], "faces": {"north": {"uv": [4, 3, 5, 6], "texture": "#wall"}, "south": {"uv": [6, 3, 7, 6], "texture": "#wall"}, "west": {"uv": [4, 3, 7, 6], "texture": "#wall"}, "up": {"uv": [4, 3, 7, 4], "rotation": 90, "texture": "#wall"}, "down": {"uv": [9, 15, 12, 16], "rotation": 270, "texture": "#wall"}}}, {"from": [3.5, 12, 7], "to": [4, 13, 8], "faces": {"south": {"uv": [7, 3, 8, 4], "texture": "#wall"}, "west": {"uv": [7, 3, 8, 4], "texture": "#wall"}, "up": {"uv": [7, 3, 8, 4], "rotation": 90, "texture": "#wall"}, "down": {"uv": [9, 15, 12, 16], "rotation": 270, "texture": "#wall"}}}, {"from": [3.5, 12, 9], "to": [4, 13, 12], "faces": {"north": {"uv": [9, 3, 10, 4], "texture": "#wall"}, "south": {"uv": [11, 3, 12, 4], "texture": "#wall"}, "west": {"uv": [9, 3, 12, 4], "texture": "#wall"}, "up": {"uv": [9, 3, 12, 4], "rotation": 90, "texture": "#wall"}}}, {"from": [3.5, 10, 8], "to": [4, 12, 12], "faces": {"north": {"uv": [8, 4, 9, 6], "texture": "#wall"}, "south": {"uv": [11, 4, 12, 6], "texture": "#wall"}, "west": {"uv": [8, 4, 12, 6], "texture": "#wall"}, "up": {"uv": [8, 4, 12, 5], "rotation": 90, "texture": "#wall"}, "down": {"uv": [9, 15, 12, 16], "rotation": 270, "texture": "#wall"}}}, {"from": [3.5, 8, 9], "to": [4, 10, 10], "faces": {"north": {"uv": [9, 6, 10, 8], "texture": "#wall"}, "south": {"uv": [9, 6, 10, 8], "texture": "#wall"}, "west": {"uv": [9, 6, 10, 8], "texture": "#wall"}, "down": {"uv": [9, 15, 12, 16], "rotation": 270, "texture": "#wall"}}}, {"from": [3.5, 9, 10], "to": [4, 10, 11], "faces": {"south": {"uv": [10, 6, 11, 7], "texture": "#wall"}, "west": {"uv": [10, 6, 11, 7], "texture": "#wall"}, "down": {"uv": [9, 15, 12, 16], "rotation": 270, "texture": "#wall"}}}, {"from": [3.5, 6, 10], "to": [4, 8, 11], "faces": {"north": {"uv": [10, 8, 11, 10], "texture": "#wall"}, "west": {"uv": [10, 8, 11, 10], "texture": "#wall"}, "up": {"uv": [10, 8, 11, 9], "rotation": 90, "texture": "#wall"}, "down": {"uv": [9, 15, 12, 16], "rotation": 270, "texture": "#wall"}}}, {"from": [3.5, 6, 4], "to": [4, 7, 8], "faces": {"north": {"uv": [4, 9, 5, 10], "texture": "#wall"}, "south": {"uv": [7, 9, 8, 10], "texture": "#wall"}, "west": {"uv": [4, 9, 8, 10], "texture": "#wall"}, "down": {"uv": [9, 15, 12, 16], "rotation": 270, "texture": "#wall"}}}, {"from": [3.5, 7, 4], "to": [4, 8, 9], "faces": {"north": {"uv": [4, 8, 5, 9], "texture": "#wall"}, "south": {"uv": [8, 8, 9, 9], "texture": "#wall"}, "west": {"uv": [4, 8, 9, 9], "texture": "#wall"}, "up": {"uv": [4, 8, 9, 9], "rotation": 90, "texture": "#wall"}, "down": {"uv": [9, 15, 12, 16], "rotation": 270, "texture": "#wall"}}}, {"from": [3.5, 8, 5], "to": [4, 9, 8], "faces": {"north": {"uv": [5, 7, 6, 8], "texture": "#wall"}, "south": {"uv": [7, 7, 8, 8], "texture": "#wall"}, "west": {"uv": [5, 7, 8, 8], "texture": "#wall"}, "up": {"uv": [5, 7, 8, 8], "rotation": 90, "texture": "#wall"}}}, {"from": [3.5, 5, 4], "to": [4, 6, 7], "faces": {"north": {"uv": [4, 10, 5, 11], "texture": "#wall"}, "south": {"uv": [6, 10, 7, 11], "texture": "#wall"}, "west": {"uv": [4, 10, 7, 11], "texture": "#wall"}, "down": {"uv": [9, 15, 12, 16], "rotation": 270, "texture": "#wall"}}}, {"from": [3.5, 5, 8], "to": [4, 6, 10], "faces": {"north": {"uv": [8, 10, 9, 11], "texture": "#wall"}, "south": {"uv": [9, 10, 10, 11], "texture": "#wall"}, "west": {"uv": [8, 10, 10, 11], "texture": "#wall"}, "up": {"uv": [8, 10, 10, 11], "rotation": 90, "texture": "#wall"}}}, {"from": [3.5, 4, 7], "to": [4, 5, 11], "faces": {"north": {"uv": [7, 11, 8, 12], "texture": "#wall"}, "south": {"uv": [10, 11, 11, 12], "texture": "#wall"}, "west": {"uv": [7, 11, 11, 12], "texture": "#wall"}, "up": {"uv": [7, 11, 11, 12], "rotation": 90, "texture": "#wall"}}}, {"from": [3.5, 2, 6], "to": [4, 3, 12], "faces": {"north": {"uv": [6, 13, 7, 14], "texture": "#wall"}, "south": {"uv": [11, 13, 12, 14], "texture": "#wall"}, "west": {"uv": [6, 13, 12, 14], "texture": "#wall"}, "up": {"uv": [6, 13, 12, 14], "rotation": 90, "texture": "#wall"}, "down": {"uv": [9, 15, 12, 16], "rotation": 270, "texture": "#wall"}}}, {"from": [3.5, 1, 7], "to": [4, 2, 9], "faces": {"north": {"uv": [7, 14, 8, 15], "texture": "#wall"}, "south": {"uv": [8, 14, 9, 15], "texture": "#wall"}, "west": {"uv": [7, 14, 9, 15], "texture": "#wall"}, "down": {"uv": [9, 15, 12, 16], "rotation": 270, "texture": "#wall"}}}, {"from": [3.5, 3, 7], "to": [4, 4, 12], "faces": {"north": {"uv": [7, 12, 8, 13], "texture": "#wall"}, "south": {"uv": [11, 12, 12, 13], "texture": "#wall"}, "west": {"uv": [7, 12, 12, 13], "texture": "#wall"}, "up": {"uv": [7, 12, 12, 13], "rotation": 90, "texture": "#wall"}}}, {"from": [3.5, 5, 11], "to": [4, 9, 12], "faces": {"north": {"uv": [11, 7, 12, 11], "texture": "#wall"}, "south": {"uv": [11, 7, 12, 11], "texture": "#wall"}, "west": {"uv": [11, 7, 12, 11], "texture": "#wall"}, "up": {"uv": [11, 7, 12, 8], "rotation": 90, "texture": "#wall"}, "down": {"uv": [9, 15, 12, 16], "rotation": 270, "texture": "#wall"}}}, {"from": [4, 16, 4], "to": [7, 16.5, 6], "faces": {"north": {"uv": [4, 4, 7, 5], "rotation": 180, "texture": "#wall", "cullface": "up"}, "east": {"uv": [6, 4, 7, 6], "rotation": 90, "texture": "#wall", "cullface": "up"}, "south": {"uv": [4, 5, 7, 6], "texture": "#wall", "cullface": "up"}, "west": {"uv": [4, 4, 5, 6], "rotation": 270, "texture": "#wall", "cullface": "up"}, "up": {"uv": [4.01, 4, 7.01, 6], "texture": "#wall", "cullface": "up"}}}, {"from": [8, 16, 4], "to": [12, 16.5, 6], "faces": {"north": {"uv": [8, 4, 12, 5], "rotation": 180, "texture": "#wall", "cullface": "up"}, "east": {"uv": [11, 4, 12, 6], "rotation": 90, "texture": "#wall", "cullface": "up"}, "south": {"uv": [8, 5, 12, 6], "texture": "#wall", "cullface": "up"}, "west": {"uv": [8, 4, 9, 6], "rotation": 270, "texture": "#wall", "cullface": "up"}, "up": {"uv": [8, 4.01, 12, 6.01], "texture": "#wall", "cullface": "up"}}}, {"from": [9, 16, 6], "to": [10, 16.5, 8], "faces": {"east": {"uv": [9, 6, 10, 8], "rotation": 90, "texture": "#wall", "cullface": "up"}, "south": {"uv": [9, 7, 10, 8], "texture": "#wall", "cullface": "up"}, "west": {"uv": [9, 6, 10, 8], "rotation": 270, "texture": "#wall", "cullface": "up"}, "up": {"uv": [9, 6, 10, 8], "texture": "#wall", "cullface": "up"}}}, {"from": [10, 16, 6], "to": [11, 16.5, 7], "faces": {"east": {"uv": [10, 6, 11, 7], "rotation": 90, "texture": "#wall", "cullface": "up"}, "south": {"uv": [10, 6, 11, 7], "texture": "#wall", "cullface": "up"}, "up": {"uv": [10, 6, 11, 7], "texture": "#wall", "cullface": "up"}}}, {"from": [10, 16, 8], "to": [11, 16.5, 10], "faces": {"north": {"uv": [10, 8, 11, 9], "rotation": 180, "texture": "#wall", "cullface": "up"}, "south": {"uv": [10, 9, 11, 10], "texture": "#wall", "cullface": "up"}, "west": {"uv": [10, 8, 11, 10], "rotation": 270, "texture": "#wall", "cullface": "up"}, "up": {"uv": [10, 8, 11, 10], "texture": "#wall", "cullface": "up"}}}, {"from": [4, 16, 9], "to": [8, 16.5, 10], "faces": {"east": {"uv": [7, 9, 8, 10], "rotation": 90, "texture": "#wall", "cullface": "up"}, "south": {"uv": [4, 9, 8, 10], "texture": "#wall", "cullface": "up"}, "west": {"uv": [4, 9, 5, 10], "rotation": 270, "texture": "#wall", "cullface": "up"}, "up": {"uv": [4, 8.99, 8, 9.99], "texture": "#wall", "cullface": "up"}}}, {"from": [4, 16, 8], "to": [9, 16.5, 9], "faces": {"north": {"uv": [4, 8, 9, 9], "rotation": 180, "texture": "#wall", "cullface": "up"}, "east": {"uv": [8, 8, 9, 9], "rotation": 90, "texture": "#wall", "cullface": "up"}, "south": {"uv": [4, 8, 9, 9], "texture": "#wall", "cullface": "up"}, "west": {"uv": [4, 8, 5, 9], "rotation": 270, "texture": "#wall", "cullface": "up"}, "up": {"uv": [4, 8, 9, 9], "texture": "#wall", "cullface": "up"}}}, {"from": [5, 16, 7], "to": [8, 16.5, 8], "faces": {"north": {"uv": [5, 7, 8, 8], "rotation": 180, "texture": "#wall", "cullface": "up"}, "east": {"uv": [7, 7, 8, 8], "rotation": 90, "texture": "#wall", "cullface": "up"}, "west": {"uv": [5, 7, 6, 8], "rotation": 270, "texture": "#wall", "cullface": "up"}, "up": {"uv": [5, 7, 8, 8], "texture": "#wall", "cullface": "up"}}}, {"from": [4, 16, 10], "to": [7, 16.5, 11], "faces": {"east": {"uv": [6, 10, 7, 11], "rotation": 90, "texture": "#wall", "cullface": "up"}, "south": {"uv": [4, 10, 7, 11], "texture": "#wall", "cullface": "up"}, "west": {"uv": [4, 10, 5, 11], "rotation": 270, "texture": "#wall", "cullface": "up"}, "up": {"uv": [4, 10, 7, 11], "texture": "#wall", "cullface": "up"}}}, {"from": [8, 16, 10], "to": [10, 16.5, 11], "faces": {"north": {"uv": [8, 10, 10, 11], "rotation": 180, "texture": "#wall", "cullface": "up"}, "east": {"uv": [9, 10, 10, 11], "rotation": 90, "texture": "#wall", "cullface": "up"}, "west": {"uv": [8, 10, 9, 11], "rotation": 270, "texture": "#wall", "cullface": "up"}, "up": {"uv": [8, 10, 10, 11], "texture": "#wall", "cullface": "up"}}}, {"from": [7, 16, 11], "to": [11, 16.5, 12], "faces": {"north": {"uv": [7, 11, 11, 12], "rotation": 180, "texture": "#wall", "cullface": "up"}, "east": {"uv": [10, 11, 11, 12], "rotation": 90, "texture": "#wall", "cullface": "up"}, "south": {"uv": [7, 11, 11, 12], "texture": "#wall", "cullface": "up"}, "west": {"uv": [7, 11, 8, 12], "rotation": 270, "texture": "#wall", "cullface": "up"}, "up": {"uv": [6.99, 11, 10.99, 12], "texture": "#wall", "cullface": "up"}}}, {"from": [11, 16, 7], "to": [12, 16.5, 11], "faces": {"north": {"uv": [11, 7, 12, 8], "rotation": 180, "texture": "#wall", "cullface": "up"}, "east": {"uv": [11, 7, 12, 11], "rotation": 90, "texture": "#wall", "cullface": "up"}, "south": {"uv": [11, 10, 12, 11], "texture": "#wall", "cullface": "up"}, "west": {"uv": [11, 7, 12, 11], "rotation": 270, "texture": "#wall", "cullface": "up"}, "up": {"uv": [11, 6.99, 12, 10.99], "texture": "#wall", "cullface": "up"}}}, {"from": [4, -0.5, 10], "to": [7, 0, 12], "faces": {"north": {"uv": [4, 5, 7, 6], "rotation": 180, "texture": "#wall", "cullface": "down"}, "east": {"uv": [6, 4, 7, 6], "rotation": 270, "texture": "#wall", "cullface": "down"}, "south": {"uv": [4, 4, 7, 5], "texture": "#wall", "cullface": "down"}, "west": {"uv": [4, 4, 5, 6], "rotation": 90, "texture": "#wall", "cullface": "down"}, "down": {"uv": [4.01, 4, 7.01, 6], "texture": "#wall", "cullface": "down"}}}, {"from": [8, -0.5, 10], "to": [12, 0, 12], "faces": {"north": {"uv": [8, 5, 12, 6], "rotation": 180, "texture": "#wall", "cullface": "down"}, "east": {"uv": [11, 4, 12, 6], "rotation": 270, "texture": "#wall", "cullface": "down"}, "south": {"uv": [8, 4, 12, 5], "texture": "#wall", "cullface": "down"}, "west": {"uv": [8, 4, 9, 6], "rotation": 90, "texture": "#wall", "cullface": "down"}, "down": {"uv": [8, 4.01, 12, 6.01], "texture": "#wall", "cullface": "down"}}}, {"from": [9, -0.5, 8], "to": [10, 0, 10], "faces": {"north": {"uv": [9, 7, 10, 8], "rotation": 180, "texture": "#wall", "cullface": "down"}, "east": {"uv": [9, 6, 10, 8], "rotation": 270, "texture": "#wall", "cullface": "down"}, "west": {"uv": [9, 6, 10, 8], "rotation": 90, "texture": "#wall", "cullface": "down"}, "down": {"uv": [9, 6, 10, 8], "texture": "#wall", "cullface": "down"}}}, {"from": [10, -0.5, 9], "to": [11, 0, 10], "faces": {"north": {"uv": [10, 6, 11, 7], "rotation": 180, "texture": "#wall", "cullface": "down"}, "east": {"uv": [10, 6, 11, 7], "rotation": 270, "texture": "#wall", "cullface": "down"}, "down": {"uv": [10, 6, 11, 7], "texture": "#wall", "cullface": "down"}}}, {"from": [10, -0.5, 6], "to": [11, 0, 8], "faces": {"north": {"uv": [10, 9, 11, 10], "rotation": 180, "texture": "#wall", "cullface": "down"}, "south": {"uv": [10, 8, 11, 9], "texture": "#wall", "cullface": "down"}, "west": {"uv": [10, 8, 11, 10], "rotation": 90, "texture": "#wall", "cullface": "down"}, "down": {"uv": [10, 8, 11, 10], "texture": "#wall", "cullface": "down"}}}, {"from": [4, -0.5, 6], "to": [8, 0, 7], "faces": {"north": {"uv": [4, 9, 8, 10], "rotation": 180, "texture": "#wall", "cullface": "down"}, "east": {"uv": [7, 9, 8, 10], "rotation": 270, "texture": "#wall", "cullface": "down"}, "west": {"uv": [4, 9, 5, 10], "rotation": 90, "texture": "#wall", "cullface": "down"}, "down": {"uv": [4, 8.99, 8, 9.99], "texture": "#wall", "cullface": "down"}}}, {"from": [4, -0.5, 7], "to": [9, 0, 8], "faces": {"north": {"uv": [4, 8, 9, 9], "rotation": 180, "texture": "#wall", "cullface": "down"}, "east": {"uv": [8, 8, 9, 9], "rotation": 270, "texture": "#wall", "cullface": "down"}, "south": {"uv": [4, 8, 9, 9], "texture": "#wall", "cullface": "down"}, "west": {"uv": [4, 8, 5, 9], "rotation": 90, "texture": "#wall", "cullface": "down"}, "down": {"uv": [4, 8, 9, 9], "texture": "#wall", "cullface": "down"}}}, {"from": [5, -0.5, 8], "to": [8, 0, 9], "faces": {"east": {"uv": [7, 7, 8, 8], "rotation": 270, "texture": "#wall", "cullface": "down"}, "south": {"uv": [5, 7, 8, 8], "texture": "#wall", "cullface": "down"}, "west": {"uv": [5, 7, 6, 8], "rotation": 90, "texture": "#wall", "cullface": "down"}, "down": {"uv": [5, 7, 8, 8], "texture": "#wall", "cullface": "down"}}}, {"from": [4, -0.5, 5], "to": [7, 0, 6], "faces": {"north": {"uv": [4, 10, 7, 11], "rotation": 180, "texture": "#wall", "cullface": "down"}, "east": {"uv": [6, 10, 7, 11], "rotation": 270, "texture": "#wall", "cullface": "down"}, "west": {"uv": [4, 10, 5, 11], "rotation": 90, "texture": "#wall", "cullface": "down"}, "down": {"uv": [4, 10, 7, 11], "texture": "#wall", "cullface": "down"}}}, {"from": [8, -0.5, 5], "to": [10, 0, 6], "faces": {"east": {"uv": [9, 10, 10, 11], "rotation": 270, "texture": "#wall", "cullface": "down"}, "south": {"uv": [8, 10, 10, 11], "texture": "#wall", "cullface": "down"}, "west": {"uv": [8, 10, 9, 11], "rotation": 90, "texture": "#wall", "cullface": "down"}, "down": {"uv": [8, 10, 10, 11], "texture": "#wall", "cullface": "down"}}}, {"from": [7, -0.5, 4], "to": [11, 0, 5], "faces": {"north": {"uv": [7, 11, 11, 12], "rotation": 180, "texture": "#wall", "cullface": "down"}, "east": {"uv": [10, 11, 11, 12], "rotation": 270, "texture": "#wall", "cullface": "down"}, "south": {"uv": [7, 11, 11, 12], "texture": "#wall", "cullface": "down"}, "west": {"uv": [7, 11, 8, 12], "rotation": 90, "texture": "#wall", "cullface": "down"}, "down": {"uv": [6.99, 11, 10.99, 12], "texture": "#wall", "cullface": "down"}}}, {"from": [11, -0.5, 5], "to": [12, 0, 9], "faces": {"north": {"uv": [11, 10, 12, 11], "rotation": 180, "texture": "#wall", "cullface": "down"}, "east": {"uv": [11, 7, 12, 11], "rotation": 270, "texture": "#wall", "cullface": "down"}, "south": {"uv": [11, 7, 12, 8], "texture": "#wall", "cullface": "down"}, "west": {"uv": [11, 7, 12, 11], "rotation": 90, "texture": "#wall", "cullface": "down"}, "down": {"uv": [11, 6.99, 12, 10.99], "texture": "#wall", "cullface": "down"}}}], "display": {"thirdperson_righthand": {"rotation": [75, 45, 0], "translation": [0, 2.5, 0], "scale": [0.375, 0.375, 0.375]}, "thirdperson_lefthand": {"rotation": [75, 45, 0], "translation": [0, 2.5, 0], "scale": [0.375, 0.375, 0.375]}, "firstperson_righthand": {"rotation": [0, 45, 0], "scale": [0.4, 0.4, 0.4]}, "firstperson_lefthand": {"rotation": [0, 225, 0], "scale": [0.4, 0.4, 0.4]}, "ground": {"translation": [0, 3, 0], "scale": [0.25, 0.25, 0.25]}, "gui": {"rotation": [30, 225, 0], "scale": [0.625, 0.625, 0.625]}, "fixed": {"scale": [0.5, 0.5, 0.5]}}, "groups": [0, {"name": "north", "origin": [8, 8, 8], "color": 0, "children": [1, 2, 3, 4, 5, 6, 7, 8, 9, 10, 11, 12, 13, 14, 15, 16, 17, 18, 19, 20, 21, 22]}, {"name": "east", "origin": [8, 8, 8], "color": 0, "children": [23, 24, 25, 26, 27, 28, 29, 30, 31, 32, 33, 34, 35, 36, 37, 38, 39, 40, 41, 42, 43, 44]}, {"name": "south", "origin": [8, 8, 8], "color": 0, "children": [45, 46, 47, 48, 49, 50, 51, 52, 53, 54, 55, 56, 57, 58, 59, 60, 61, 62, 63, 64, 65, 66]}, {"name": "west", "origin": [8, 8, 8], "color": 0, "children": [67, 68, 69, 70, 71, 72, 73, 74, 75, 76, 77, 78, 79, 80, 81, 82, 83, 84, 85, 86, 87, 88]}, {"name": "up", "origin": [8, 8, 8], "color": 0, "children": [89, 90, 91, 92, 93, 94, 95, 96, 97, 98, 99, 100]}, {"name": "down", "origin": [8, 8, 8], "color": 0, "children": [101, 102, 103, 104, 105, 106, 107, 108, 109, 110, 111, 112]}]}