{"parent": "block/template_stone_bricks", "elements": [{"from": [5, 0, 8], "to": [11, 16, 16], "faces": {"east": {"uv": [0, 0, 8, 16], "texture": "#wall"}, "south": {"uv": [5, 0, 11, 16], "texture": "#wall", "cullface": "south"}, "west": {"uv": [8, 0, 16, 16], "texture": "#wall"}, "up": {"uv": [5, 8, 11, 16], "texture": "#wall", "cullface": "up"}, "down": {"uv": [5, 0, 11, 8], "texture": "#wall", "cullface": "down"}}}, {"from": [8, 16, 8], "to": [11, 16.5, 15], "faces": {"north": {"uv": [11, 9, 8, 8], "texture": "#wall", "cullface": "up"}, "east": {"uv": [11, 15, 10, 8], "rotation": 270, "texture": "#wall", "cullface": "up"}, "south": {"uv": [11, 15, 8, 14], "rotation": 180, "texture": "#wall", "cullface": "up"}, "west": {"uv": [9, 15, 8, 8], "rotation": 90, "texture": "#wall", "cullface": "up"}, "up": {"uv": [7.99, 7.99, 10.99, 14.99], "texture": "#wall", "cullface": "up"}}}, {"from": [5, 16, 8], "to": [7, 16.5, 15], "faces": {"north": {"uv": [7, 9, 5, 8], "texture": "#wall", "cullface": "up"}, "east": {"uv": [7, 15, 6, 8], "rotation": 270, "texture": "#wall", "cullface": "up"}, "south": {"uv": [7, 15, 5, 14], "rotation": 180, "texture": "#wall", "cullface": "up"}, "west": {"uv": [6, 15, 5, 8], "rotation": 90, "texture": "#wall", "cullface": "up"}, "up": {"uv": [5.01, 7.99, 7.01, 14.99], "texture": "#wall", "cullface": "up"}}}, {"from": [5, -0.5, 9], "to": [11, 0, 16], "faces": {"north": {"uv": [15, 7, 0, 6], "texture": "#wall", "cullface": "down"}, "east": {"uv": [11, 7, 10, 0], "rotation": 90, "texture": "#wall", "cullface": "down"}, "south": {"uv": [11, 1, 5, 0], "rotation": 180, "texture": "#wall", "cullface": "down"}, "west": {"uv": [6, 7, 5, 0], "rotation": 270, "texture": "#wall", "cullface": "down"}, "down": {"uv": [5.01, 0.01, 11.01, 7.01], "texture": "#wall", "cullface": "down"}}}, {"from": [11, 1, 9], "to": [11.5, 8, 16], "rotation": {"angle": 0, "axis": "y", "origin": [3, 8, 8]}, "faces": {"north": {"uv": [6, 8, 7, 15], "texture": "#wall"}, "east": {"uv": [0, 8, 7, 15], "texture": "#wall"}, "south": {"uv": [0, 8, 1, 15], "texture": "#wall"}, "up": {"uv": [7, 9, 0, 8], "rotation": 90, "texture": "#wall"}, "down": {"uv": [7, 15, 0, 14], "rotation": 270, "texture": "#wall"}}}, {"from": [11, 9, 8], "to": [11.5, 16, 16], "rotation": {"angle": 0, "axis": "y", "origin": [3, 8, 8]}, "faces": {"east": {"uv": [0, 0, 8, 7], "texture": "#wall"}, "south": {"uv": [0, 0, 1, 7], "texture": "#wall"}, "up": {"uv": [8, 1, 0, 0], "rotation": 90, "texture": "#wall"}, "down": {"uv": [8, 7, 0, 6], "rotation": 270, "texture": "#wall"}}}, {"from": [4.5, 1, 8], "to": [5, 8, 16], "rotation": {"angle": 0, "axis": "y", "origin": [13, 8, 8]}, "faces": {"north": {"uv": [8, 8, 9, 15], "texture": "#wall"}, "south": {"uv": [15, 8, 16, 15], "texture": "#wall"}, "west": {"uv": [8, 8, 16, 15], "texture": "#wall"}, "up": {"uv": [16, 9, 8, 8], "rotation": 270, "texture": "#wall"}, "down": {"uv": [16, 15, 8, 14], "rotation": 90, "texture": "#wall"}}}, {"from": [4.5, 9, 8], "to": [5, 16, 15], "rotation": {"angle": 0, "axis": "y", "origin": [13, 8, 8]}, "faces": {"south": {"uv": [14, 0, 15, 7], "texture": "#wall"}, "west": {"uv": [8, 0, 15, 7], "texture": "#wall"}, "up": {"uv": [15, 1, 8, 0], "rotation": 270, "texture": "#wall"}, "down": {"uv": [15, 7, 8, 6], "rotation": 90, "texture": "#wall"}}}, {"from": [8, 1, 16], "to": [11, 8, 16.5], "faces": {"east": {"uv": [10, 8, 11, 15], "texture": "#wall", "cullface": "south"}, "south": {"uv": [8, 8, 11, 15], "texture": "#wall", "cullface": "south"}, "west": {"uv": [8, 8, 9, 15], "texture": "#wall", "cullface": "south"}, "up": {"uv": [11, 9, 8, 8], "rotation": 180, "texture": "#wall", "cullface": "south"}, "down": {"uv": [11, 15, 8, 14], "rotation": 180, "texture": "#wall", "cullface": "south"}}}, {"from": [5, 1, 16], "to": [7, 8, 16.5], "faces": {"east": {"uv": [6, 8, 7, 15], "texture": "#wall", "cullface": "south"}, "south": {"uv": [5, 8, 7, 15], "texture": "#wall", "cullface": "south"}, "west": {"uv": [5, 8, 6, 15], "texture": "#wall", "cullface": "south"}, "up": {"uv": [7, 9, 5, 8], "rotation": 180, "texture": "#wall", "cullface": "south"}, "down": {"uv": [7, 15, 5, 14], "rotation": 180, "texture": "#wall", "cullface": "south"}}}, {"from": [5, 9, 16], "to": [11, 16, 16.5], "faces": {"east": {"uv": [10, 0, 11, 7], "texture": "#wall", "cullface": "south"}, "south": {"uv": [5, 0, 11, 7], "texture": "#wall", "cullface": "south"}, "west": {"uv": [5, 0, 6, 7], "texture": "#wall", "cullface": "south"}, "up": {"uv": [11, 1, 5, 0], "rotation": 180, "texture": "#wall", "cullface": "south"}, "down": {"uv": [11, 7, 5, 6], "rotation": 180, "texture": "#wall", "cullface": "south"}}}], "display": {"thirdperson_righthand": {"rotation": [75, 45, 0], "translation": [0, 2.5, 0], "scale": [0.375, 0.375, 0.375]}, "thirdperson_lefthand": {"rotation": [75, 45, 0], "translation": [0, 2.5, 0], "scale": [0.375, 0.375, 0.375]}, "firstperson_righthand": {"rotation": [0, 45, 0], "scale": [0.4, 0.4, 0.4]}, "firstperson_lefthand": {"rotation": [0, 225, 0], "scale": [0.4, 0.4, 0.4]}, "ground": {"translation": [0, 3, 0], "scale": [0.25, 0.25, 0.25]}, "gui": {"rotation": [30, 225, 0], "scale": [0.625, 0.625, 0.625]}, "fixed": {"scale": [0.5, 0.5, 0.5]}}, "groups": [0, {"name": "down", "origin": [8, 8, 8], "color": 0, "children": [1, 2]}, {"name": "up", "origin": [8, 8, 8], "color": 0, "children": [3]}, {"name": "west", "origin": [8, 8, 8], "color": 0, "children": [4, 5]}, {"name": "east", "origin": [8, 8, 8], "color": 0, "children": [6, 7]}, {"name": "north", "origin": [8, 8, 8], "color": 0, "children": [8, 9, 10]}]}