{"parent": "block/template_sandstone", "elements": [{"name": "wall", "from": [8, 0, 5], "to": [16, 14, 11], "faces": {"north": {"uv": [0, 2, 8, 16], "texture": "#wall"}, "east": {"uv": [5, 2, 11, 16], "texture": "#wall", "cullface": "east"}, "south": {"uv": [8, 2, 16, 16], "texture": "#wall"}, "up": {"uv": [8, 5, 16, 11], "texture": "#wall"}, "down": {"uv": [8, 5, 16, 11], "texture": "#wall", "cullface": "down"}}}, {"from": [13, 2, 11], "to": [14, 3, 11.5], "rotation": {"angle": 0, "axis": "y", "origin": [8, 8, 3]}, "faces": {"south": {"uv": [13, 13, 14, 14], "texture": "#wall"}, "west": {"uv": [13, 13, 14, 14], "texture": "#wall"}, "up": {"uv": [13, 13, 14, 14], "texture": "#wall"}, "down": {"uv": [13, 13, 14, 14], "texture": "#wall"}}}, {"from": [9, 0, 11], "to": [14, 1, 11.5], "rotation": {"angle": 0, "axis": "y", "origin": [8, 8, 3]}, "faces": {"east": {"uv": [13, 15, 14, 16], "texture": "#wall"}, "south": {"uv": [9, 15, 14, 16], "texture": "#wall"}, "west": {"uv": [9, 15, 10, 16], "texture": "#wall"}, "up": {"uv": [9, 15, 14, 16], "texture": "#wall"}, "down": {"uv": [9, 15, 14, 16], "texture": "#wall"}}}, {"from": [9, 12, 11], "to": [12, 13, 11.5], "rotation": {"angle": 0, "axis": "y", "origin": [8, 8, 3]}, "faces": {"east": {"uv": [11, 3, 12, 4], "texture": "#wall"}, "south": {"uv": [9, 3, 12, 4], "texture": "#wall"}, "west": {"uv": [9, 3, 10, 4], "texture": "#wall"}, "up": {"uv": [9, 3, 12, 4], "texture": "#wall"}}}, {"from": [8, 10, 11], "to": [13, 12, 11.5], "rotation": {"angle": 0, "axis": "y", "origin": [8, 8, 3]}, "faces": {"east": {"uv": [12, 4, 13, 6], "texture": "#wall"}, "south": {"uv": [8, 4, 13, 6], "texture": "#wall"}, "west": {"uv": [8, 4, 9, 6], "texture": "#wall"}, "up": {"uv": [8, 4, 13, 5], "texture": "#wall"}, "down": {"uv": [8, 5, 13, 6], "texture": "#wall"}}}, {"from": [9, 8, 11], "to": [10, 10, 11.5], "rotation": {"angle": 0, "axis": "y", "origin": [8, 8, 3]}, "faces": {"east": {"uv": [9, 6, 10, 8], "texture": "#wall"}, "south": {"uv": [9, 6, 10, 8], "texture": "#wall"}, "west": {"uv": [9, 6, 10, 8], "texture": "#wall"}, "down": {"uv": [9, 7, 10, 8], "texture": "#wall"}}}, {"from": [10, 9, 11], "to": [11, 10, 11.5], "rotation": {"angle": 0, "axis": "y", "origin": [8, 8, 3]}, "faces": {"east": {"uv": [10, 6, 11, 7], "texture": "#wall"}, "south": {"uv": [10, 6, 11, 7], "texture": "#wall"}, "down": {"uv": [10, 6, 11, 7], "texture": "#wall"}}}, {"from": [10, 6, 11], "to": [11, 8, 11.5], "rotation": {"angle": 0, "axis": "y", "origin": [8, 8, 3]}, "faces": {"south": {"uv": [10, 8, 11, 10], "texture": "#wall"}, "west": {"uv": [10, 8, 11, 10], "texture": "#wall"}, "up": {"uv": [10, 8, 11, 9], "texture": "#wall"}, "down": {"uv": [10, 9, 11, 10], "texture": "#wall"}}}, {"from": [15, 6, 11], "to": [16, 7, 11.5], "rotation": {"angle": 0, "axis": "y", "origin": [8, 8, 3]}, "faces": {"east": {"uv": [15, 9, 16, 10], "texture": "#wall"}, "south": {"uv": [15, 9, 16, 10], "texture": "#wall"}, "up": {"uv": [15, 9, 16, 10], "texture": "#wall"}, "down": {"uv": [15, 9, 16, 10], "texture": "#wall"}}}, {"from": [8, 7, 11], "to": [9, 8, 11.5], "rotation": {"angle": 0, "axis": "y", "origin": [8, 8, 3]}, "faces": {"east": {"uv": [8, 8, 9, 9], "texture": "#wall"}, "south": {"uv": [8, 8, 9, 9], "texture": "#wall"}, "up": {"uv": [7.99, 8.01, 8.99, 8.99], "texture": "#wall"}, "down": {"uv": [7.99, 8.01, 8.99, 8.99], "texture": "#wall"}}}, {"from": [8, 5, 11], "to": [10, 6, 11.5], "rotation": {"angle": 0, "axis": "y", "origin": [8, 8, 3]}, "faces": {"east": {"uv": [9, 10, 10, 11], "texture": "#wall"}, "south": {"uv": [8, 10, 10, 11], "texture": "#wall"}, "west": {"uv": [8, 10, 9, 11], "texture": "#wall"}, "up": {"uv": [8, 10, 10, 11], "texture": "#wall"}}}, {"from": [8, 4, 11], "to": [11, 5, 11.5], "rotation": {"angle": 0, "axis": "y", "origin": [8, 8, 3]}, "faces": {"east": {"uv": [10, 11, 11, 12], "texture": "#wall"}, "south": {"uv": [8, 11, 11, 12], "texture": "#wall"}, "up": {"uv": [8, 11, 11, 12], "texture": "#wall"}}}, {"from": [8, 2, 11], "to": [12, 3, 11.5], "rotation": {"angle": 0, "axis": "y", "origin": [8, 8, 3]}, "faces": {"east": {"uv": [11, 13, 12, 14], "texture": "#wall"}, "south": {"uv": [8, 13, 12, 14], "texture": "#wall"}, "down": {"uv": [8, 13, 12, 14], "texture": "#wall"}}}, {"from": [8, 1, 11], "to": [9, 2, 11.5], "rotation": {"angle": 0, "axis": "y", "origin": [8, 8, 3]}, "faces": {"east": {"uv": [8, 14, 9, 15], "texture": "#wall"}, "south": {"uv": [8, 14, 9, 15], "texture": "#wall"}, "down": {"uv": [7.99, 14, 8.99, 15], "texture": "#wall"}}}, {"from": [8, 3, 11], "to": [13, 4, 11.5], "rotation": {"angle": 0, "axis": "y", "origin": [8, 8, 3]}, "faces": {"east": {"uv": [12, 12, 13, 13], "texture": "#wall"}, "south": {"uv": [8, 12, 13, 13], "texture": "#wall"}, "up": {"uv": [8, 12, 13, 13], "texture": "#wall"}, "down": {"uv": [8, 12, 13, 13], "texture": "#wall"}}}, {"from": [14, 1, 11], "to": [16, 4, 11.5], "rotation": {"angle": 0, "axis": "y", "origin": [8, 8, 3]}, "faces": {"east": {"uv": [15, 12, 16, 15], "texture": "#wall"}, "south": {"uv": [14, 12, 16, 15], "texture": "#wall"}, "west": {"uv": [14, 12, 15, 15], "texture": "#wall"}, "up": {"uv": [14, 12, 16, 13], "texture": "#wall"}, "down": {"uv": [14, 14, 16, 15], "texture": "#wall"}}}, {"from": [13, 4, 11], "to": [14, 5, 11.5], "rotation": {"angle": 0, "axis": "y", "origin": [8, 8, 3]}, "faces": {"east": {"uv": [13, 11, 14, 12], "texture": "#wall"}, "south": {"uv": [13, 11, 14, 12], "texture": "#wall"}, "west": {"uv": [13, 11, 14, 12], "texture": "#wall"}, "down": {"uv": [13, 11, 14, 12], "texture": "#wall"}}}, {"from": [15, 9, 11], "to": [16, 13, 11.5], "rotation": {"angle": 0, "axis": "y", "origin": [8, 8, 3]}, "faces": {"east": {"uv": [15, 3, 16, 7], "texture": "#wall"}, "south": {"uv": [15, 3, 16, 7], "texture": "#wall"}, "west": {"uv": [15, 3, 16, 7], "texture": "#wall"}, "up": {"uv": [15, 3, 16, 4], "texture": "#wall"}, "down": {"uv": [15, 6, 16, 7], "texture": "#wall"}}}, {"from": [14, 10, 11], "to": [15, 12, 11.5], "rotation": {"angle": 0, "axis": "y", "origin": [8, 8, 3]}, "faces": {"south": {"uv": [14, 4, 15, 6], "texture": "#wall"}, "west": {"uv": [14, 4, 15, 6], "texture": "#wall"}, "up": {"uv": [14, 4, 15, 5], "texture": "#wall"}, "down": {"uv": [14, 5, 15, 6], "texture": "#wall"}}}, {"from": [11, 5, 11], "to": [15, 9, 11.5], "rotation": {"angle": 0, "axis": "y", "origin": [8, 8, 3]}, "faces": {"east": {"uv": [14, 7, 15, 11], "texture": "#wall"}, "south": {"uv": [11, 7, 15, 11], "texture": "#wall"}, "west": {"uv": [11, 7, 12, 11], "texture": "#wall"}, "up": {"uv": [11, 7, 15, 8], "texture": "#wall"}, "down": {"uv": [11, 10, 15, 11], "texture": "#wall"}}}, {"from": [16, 0, 5], "to": [16.5, 1, 7], "faces": {"north": {"uv": [10, 15, 11, 16], "texture": "#wall", "cullface": "east"}, "east": {"uv": [9, 15, 11, 16], "texture": "#wall", "cullface": "east"}, "south": {"uv": [9, 15, 10, 16], "texture": "#wall", "cullface": "east"}, "up": {"uv": [9, 15, 11, 16], "rotation": 270, "texture": "#wall", "cullface": "east"}, "down": {"uv": [9, 15, 11, 16], "rotation": 90, "texture": "#wall", "cullface": "east"}}}, {"from": [16, 0, 9], "to": [16.5, 1, 11], "faces": {"north": {"uv": [6, 15, 7, 16], "texture": "#wall", "cullface": "east"}, "east": {"uv": [5, 15, 7, 16], "texture": "#wall", "cullface": "east"}, "south": {"uv": [5, 15, 6, 16], "texture": "#wall", "cullface": "east"}, "up": {"uv": [5, 15, 7, 16], "rotation": 270, "texture": "#wall", "cullface": "east"}, "down": {"uv": [5, 15, 7, 16], "rotation": 90, "texture": "#wall", "cullface": "east"}}}, {"from": [16, 3, 10], "to": [16.5, 4, 11], "faces": {"north": {"uv": [5, 12, 6, 13], "texture": "#wall", "cullface": "east"}, "east": {"uv": [5, 12, 6, 13], "texture": "#wall", "cullface": "east"}, "south": {"uv": [5, 12, 6, 13], "texture": "#wall", "cullface": "east"}, "up": {"uv": [5, 12, 6, 13], "texture": "#wall", "cullface": "east"}, "down": {"uv": [5, 12, 6, 13], "texture": "#wall", "cullface": "east"}}}, {"from": [16, 10, 9], "to": [16.5, 14, 11], "faces": {"north": {"uv": [6, 2, 7, 6], "texture": "#wall", "cullface": "east"}, "east": {"uv": [5, 2, 7, 6], "texture": "#wall", "cullface": "east"}, "south": {"uv": [4, 2, 5, 6], "texture": "#wall", "cullface": "east"}, "up": {"uv": [5, 2, 7, 3], "texture": "#wall", "cullface": "east"}, "down": {"uv": [5, 5, 7, 6], "rotation": 90, "texture": "#wall", "cullface": "east"}}}, {"from": [16, 12, 8], "to": [16.5, 13, 9], "faces": {"north": {"uv": [7, 3, 8, 4], "texture": "#wall", "cullface": "east"}, "east": {"uv": [7, 3, 8, 4], "texture": "#wall", "cullface": "east"}, "up": {"uv": [7, 3, 8, 4], "rotation": 270, "texture": "#wall", "cullface": "east"}, "down": {"uv": [7, 3, 8, 4], "rotation": 90, "texture": "#wall", "cullface": "east"}}}, {"from": [16, 12, 5], "to": [16.5, 13, 7], "faces": {"north": {"uv": [10, 3, 11, 4], "texture": "#wall", "cullface": "east"}, "east": {"uv": [9, 3, 11, 4], "texture": "#wall", "cullface": "east"}, "south": {"uv": [9, 3, 10, 4], "texture": "#wall", "cullface": "east"}, "up": {"uv": [9, 3, 11, 4], "rotation": 270, "texture": "#wall", "cullface": "east"}}}, {"from": [16, 10, 5], "to": [16.5, 12, 8], "faces": {"north": {"uv": [11, 4, 12, 6], "texture": "#wall", "cullface": "east"}, "east": {"uv": [8, 4, 11, 6], "texture": "#wall", "cullface": "east"}, "south": {"uv": [8, 4, 9, 6], "texture": "#wall", "cullface": "east"}, "up": {"uv": [8, 4, 11, 5], "rotation": 270, "texture": "#wall", "cullface": "east"}, "down": {"uv": [8, 5, 11, 6], "rotation": 90, "texture": "#wall", "cullface": "east"}}}, {"from": [16, 8, 6], "to": [16.5, 10, 7], "faces": {"north": {"uv": [9, 6, 10, 8], "texture": "#wall", "cullface": "east"}, "east": {"uv": [9, 6, 10, 8], "texture": "#wall", "cullface": "east"}, "south": {"uv": [9, 6, 10, 8], "texture": "#wall", "cullface": "east"}, "down": {"uv": [9, 7, 10, 8], "rotation": 90, "texture": "#wall", "cullface": "east"}}}, {"from": [16, 9, 5], "to": [16.5, 10, 6], "faces": {"north": {"uv": [10, 6, 11, 7], "texture": "#wall", "cullface": "east"}, "east": {"uv": [10, 6, 11, 7], "texture": "#wall", "cullface": "east"}, "down": {"uv": [10, 6, 11, 7], "rotation": 90, "texture": "#wall", "cullface": "east"}}}, {"from": [16, 6, 5], "to": [16.5, 8, 6], "faces": {"east": {"uv": [10, 8, 11, 10], "texture": "#wall", "cullface": "east"}, "south": {"uv": [10, 8, 11, 10], "texture": "#wall", "cullface": "east"}, "up": {"uv": [10, 8, 11, 9], "rotation": 270, "texture": "#wall", "cullface": "east"}, "down": {"uv": [10, 9, 11, 10], "rotation": 90, "texture": "#wall", "cullface": "east"}}}, {"from": [16, 6, 8], "to": [16.5, 7, 11], "faces": {"north": {"uv": [7, 9, 8, 10], "texture": "#wall", "cullface": "east"}, "east": {"uv": [5, 9, 8, 10], "texture": "#wall", "cullface": "east"}, "south": {"uv": [5, 9, 6, 10], "texture": "#wall", "cullface": "east"}, "down": {"uv": [5, 9, 8, 10], "rotation": 90, "texture": "#wall", "cullface": "east"}}}, {"from": [16, 7, 7], "to": [16.5, 8, 11], "faces": {"north": {"uv": [8, 8, 9, 9], "texture": "#wall", "cullface": "east"}, "east": {"uv": [5, 8, 9, 9], "texture": "#wall", "cullface": "east"}, "south": {"uv": [4, 8, 5, 9], "texture": "#wall", "cullface": "east"}, "up": {"uv": [5, 8, 9, 9], "rotation": 270, "texture": "#wall", "cullface": "east"}, "down": {"uv": [5, 8, 9, 9], "rotation": 90, "texture": "#wall", "cullface": "east"}}}, {"from": [16, 8, 8], "to": [16.5, 9, 11], "faces": {"north": {"uv": [7, 7, 8, 8], "texture": "#wall", "cullface": "east"}, "east": {"uv": [5, 7, 8, 8], "texture": "#wall", "cullface": "east"}, "south": {"uv": [5, 7, 6, 8], "texture": "#wall", "cullface": "east"}, "up": {"uv": [5, 7, 8, 8], "rotation": 270, "texture": "#wall", "cullface": "east"}}}, {"from": [16, 5, 9], "to": [16.5, 6, 11], "faces": {"north": {"uv": [6, 10, 7, 11], "texture": "#wall", "cullface": "east"}, "east": {"uv": [5, 10, 7, 11], "texture": "#wall", "cullface": "east"}, "south": {"uv": [5, 10, 6, 11], "texture": "#wall", "cullface": "east"}, "down": {"uv": [5, 10, 7, 11], "rotation": 90, "texture": "#wall", "cullface": "east"}}}, {"from": [16, 5, 6], "to": [16.5, 6, 8], "faces": {"north": {"uv": [9, 10, 10, 11], "texture": "#wall", "cullface": "east"}, "east": {"uv": [8, 10, 10, 11], "texture": "#wall", "cullface": "east"}, "south": {"uv": [8, 10, 9, 11], "texture": "#wall", "cullface": "east"}, "up": {"uv": [8, 10, 10, 11], "rotation": 270, "texture": "#wall", "cullface": "east"}}}, {"from": [16, 4, 5], "to": [16.5, 5, 9], "faces": {"north": {"uv": [10, 11, 11, 12], "texture": "#wall", "cullface": "east"}, "east": {"uv": [7, 11, 11, 12], "texture": "#wall", "cullface": "east"}, "south": {"uv": [7, 11, 8, 12], "texture": "#wall", "cullface": "east"}, "up": {"uv": [7, 11, 11, 12], "rotation": 270, "texture": "#wall", "cullface": "east"}}}, {"from": [16, 2, 5], "to": [16.5, 3, 10], "faces": {"north": {"uv": [10, 13, 11, 14], "texture": "#wall", "cullface": "east"}, "east": {"uv": [6, 13, 11, 14], "texture": "#wall", "cullface": "east"}, "south": {"uv": [6, 13, 7, 14], "texture": "#wall", "cullface": "east"}, "up": {"uv": [6, 13, 12, 14], "rotation": 270, "texture": "#wall", "cullface": "east"}, "down": {"uv": [6, 13, 11, 14], "rotation": 90, "texture": "#wall", "cullface": "east"}}}, {"from": [16, 1, 7], "to": [16.5, 2, 9], "faces": {"north": {"uv": [8, 14, 9, 15], "texture": "#wall", "cullface": "east"}, "east": {"uv": [7, 14, 9, 15], "texture": "#wall", "cullface": "east"}, "south": {"uv": [7, 14, 8, 15], "texture": "#wall", "cullface": "east"}, "down": {"uv": [7, 14, 9, 15], "rotation": 90, "texture": "#wall", "cullface": "east"}}}, {"from": [16, 3, 5], "to": [16.5, 4, 9], "faces": {"north": {"uv": [10, 12, 11, 13], "texture": "#wall", "cullface": "east"}, "east": {"uv": [7, 12, 11, 13], "texture": "#wall", "cullface": "east"}, "south": {"uv": [7, 12, 8, 13], "texture": "#wall", "cullface": "east"}}}, {"from": [9, 0, 4.5], "to": [11, 1, 5], "rotation": {"angle": 0, "axis": "y", "origin": [8, 8, 13]}, "faces": {"north": {"uv": [5, 15, 7, 16], "texture": "#wall"}, "east": {"uv": [5, 15, 6, 16], "texture": "#wall"}, "west": {"uv": [6, 15, 7, 16], "texture": "#wall"}, "up": {"uv": [5, 15, 7, 16], "rotation": 180, "texture": "#wall"}, "down": {"uv": [5, 15, 7, 16], "rotation": 180, "texture": "#wall"}}}, {"from": [14, 0, 4.5], "to": [15, 1, 5], "rotation": {"angle": 0, "axis": "y", "origin": [8, 8, 13]}, "faces": {"north": {"uv": [1, 15, 2, 16], "texture": "#wall"}, "west": {"uv": [1, 15, 2, 16], "texture": "#wall"}, "up": {"uv": [1, 15, 2, 16], "rotation": 180, "texture": "#wall"}, "down": {"uv": [1, 15, 2, 16], "rotation": 180, "texture": "#wall"}}}, {"from": [15, 0, 4.5], "to": [16, 3, 5], "rotation": {"angle": 0, "axis": "y", "origin": [8, 8, 13]}, "faces": {"north": {"uv": [0, 13, 1, 16], "texture": "#wall"}, "east": {"uv": [0, 13, 1, 16], "texture": "#wall"}, "west": {"uv": [0, 13, 1, 16], "texture": "#wall"}, "up": {"uv": [0, 13, 1, 14], "rotation": 180, "texture": "#wall"}, "down": {"uv": [0, 15, 1, 16], "rotation": 180, "texture": "#wall"}}}, {"from": [12, 1, 4.5], "to": [14, 2, 5], "rotation": {"angle": 0, "axis": "y", "origin": [8, 8, 13]}, "faces": {"north": {"uv": [2, 14, 4, 15], "texture": "#wall"}, "east": {"uv": [2, 14, 3, 15], "texture": "#wall"}, "west": {"uv": [3, 14, 4, 15], "texture": "#wall"}, "down": {"uv": [2, 14, 4, 15], "rotation": 180, "texture": "#wall"}}}, {"from": [11, 2, 4.5], "to": [14, 3, 5], "rotation": {"angle": 0, "axis": "y", "origin": [8, 8, 13]}, "faces": {"north": {"uv": [2, 13, 5, 14], "texture": "#wall"}, "east": {"uv": [2, 13, 3, 14], "texture": "#wall"}, "west": {"uv": [4, 13, 5, 14], "texture": "#wall"}, "up": {"uv": [2, 13, 5, 14], "rotation": 180, "texture": "#wall"}, "down": {"uv": [2, 13, 5, 14], "rotation": 180, "texture": "#wall"}}}, {"from": [10, 3, 4.5], "to": [13, 4, 5], "rotation": {"angle": 0, "axis": "y", "origin": [8, 8, 13]}, "faces": {"north": {"uv": [3, 12, 6, 13], "texture": "#wall"}, "east": {"uv": [3, 12, 4, 13], "texture": "#wall"}, "west": {"uv": [5, 12, 6, 13], "texture": "#wall"}, "up": {"uv": [3, 12, 6, 13], "rotation": 180, "texture": "#wall"}, "down": {"uv": [3, 12, 6, 13], "rotation": 180, "texture": "#wall"}}}, {"from": [13, 4, 4.5], "to": [16, 6, 5], "rotation": {"angle": 0, "axis": "y", "origin": [8, 8, 13]}, "faces": {"north": {"uv": [0, 10, 3, 12], "texture": "#wall"}, "east": {"uv": [0, 10, 1, 12], "texture": "#wall"}, "west": {"uv": [2, 10, 3, 12], "texture": "#wall"}, "up": {"uv": [0, 10, 3, 11], "rotation": 180, "texture": "#wall"}, "down": {"uv": [0, 11, 3, 12], "rotation": 180, "texture": "#wall"}}}, {"from": [14, 3, 4.5], "to": [15, 4, 5], "rotation": {"angle": 0, "axis": "y", "origin": [8, 8, 13]}, "faces": {"north": {"uv": [1, 12, 2, 13], "texture": "#wall"}, "east": {"uv": [1, 12, 2, 13], "texture": "#wall"}, "west": {"uv": [1, 12, 2, 13], "texture": "#wall"}, "down": {"uv": [1, 12, 2, 13], "rotation": 180, "texture": "#wall"}}}, {"from": [14, 7, 4.5], "to": [15, 8, 5], "rotation": {"angle": 0, "axis": "y", "origin": [8, 8, 13]}, "faces": {"north": {"uv": [1, 8, 2, 9], "texture": "#wall"}, "east": {"uv": [1, 8, 2, 9], "texture": "#wall"}, "west": {"uv": [1, 8, 2, 9], "texture": "#wall"}, "down": {"uv": [1, 8, 2, 9], "rotation": 180, "texture": "#wall"}}}, {"from": [12, 8, 4.5], "to": [16, 9, 5], "rotation": {"angle": 0, "axis": "y", "origin": [8, 8, 13]}, "faces": {"north": {"uv": [0, 7, 4, 8], "texture": "#wall"}, "east": {"uv": [0, 7, 1, 8], "texture": "#wall"}, "west": {"uv": [3, 7, 4, 8], "texture": "#wall"}, "up": {"uv": [0, 7, 4, 8], "rotation": 180, "texture": "#wall"}, "down": {"uv": [0, 7, 4, 8], "rotation": 180, "texture": "#wall"}}}, {"from": [13, 9, 4.5], "to": [16, 10, 5], "rotation": {"angle": 0, "axis": "y", "origin": [8, 8, 13]}, "faces": {"north": {"uv": [0, 6, 3, 7], "texture": "#wall"}, "east": {"uv": [0, 6, 1, 7], "texture": "#wall"}, "west": {"uv": [2, 6, 3, 7], "texture": "#wall"}, "up": {"uv": [0, 6, 3, 7], "rotation": 180, "texture": "#wall"}}}, {"from": [14, 10, 4.5], "to": [16, 11, 5], "rotation": {"angle": 0, "axis": "y", "origin": [8, 8, 13]}, "faces": {"north": {"uv": [0, 5, 2, 6], "texture": "#wall"}, "east": {"uv": [0, 5, 1, 6], "texture": "#wall"}, "west": {"uv": [1, 5, 2, 6], "texture": "#wall"}, "up": {"uv": [0, 5, 2, 6], "rotation": 180, "texture": "#wall"}}}, {"from": [15, 11, 4.5], "to": [16, 13, 5], "rotation": {"angle": 0, "axis": "y", "origin": [8, 8, 13]}, "faces": {"north": {"uv": [0, 3, 1, 5], "texture": "#wall"}, "east": {"uv": [0, 3, 1, 5], "texture": "#wall"}, "west": {"uv": [0, 3, 1, 5], "texture": "#wall"}, "up": {"uv": [0, 3, 1, 4], "rotation": 180, "texture": "#wall"}}}, {"from": [9, 11, 4.5], "to": [14, 13, 5], "rotation": {"angle": 0, "axis": "y", "origin": [8, 8, 13]}, "faces": {"north": {"uv": [2, 3, 7, 5], "texture": "#wall"}, "east": {"uv": [2, 3, 3, 5], "texture": "#wall"}, "west": {"uv": [6, 3, 7, 5], "texture": "#wall"}, "up": {"uv": [2, 3, 7, 4], "rotation": 180, "texture": "#wall"}, "down": {"uv": [2, 4, 7, 5], "rotation": 180, "texture": "#wall"}}}, {"from": [9, 10, 4.5], "to": [12, 11, 5], "rotation": {"angle": 0, "axis": "y", "origin": [8, 8, 13]}, "faces": {"north": {"uv": [4, 5, 7, 6], "texture": "#wall"}, "east": {"uv": [4, 5, 5, 6], "texture": "#wall"}, "west": {"uv": [6, 5, 7, 6], "texture": "#wall"}, "down": {"uv": [4, 5, 7, 6], "rotation": 180, "texture": "#wall"}}}, {"from": [8, 12, 4.5], "to": [9, 13, 5], "rotation": {"angle": 0, "axis": "y", "origin": [8, 8, 13]}, "faces": {"north": {"uv": [7, 3, 8, 4], "texture": "#wall"}, "west": {"uv": [7, 3, 8, 4], "texture": "#wall"}, "up": {"uv": [7, 3, 8, 4], "rotation": 180, "texture": "#wall"}, "down": {"uv": [7, 3, 8, 4], "rotation": 180, "texture": "#wall"}}}, {"from": [8, 6, 4.5], "to": [13, 7, 5], "rotation": {"angle": 0, "axis": "y", "origin": [8, 8, 13]}, "faces": {"north": {"uv": [3, 9, 8, 10], "texture": "#wall"}, "east": {"uv": [3, 9, 4, 10], "texture": "#wall"}, "west": {"uv": [7, 9, 8, 10], "texture": "#wall"}, "up": {"uv": [3, 9, 8, 10], "rotation": 180, "texture": "#wall"}, "down": {"uv": [3, 9, 8, 10], "rotation": 180, "texture": "#wall"}}}, {"from": [8, 7, 4.5], "to": [12, 8, 5], "rotation": {"angle": 0, "axis": "y", "origin": [8, 8, 13]}, "faces": {"north": {"uv": [4, 8, 8, 9], "texture": "#wall"}, "east": {"uv": [4, 8, 5, 9], "texture": "#wall"}, "up": {"uv": [4, 8, 8, 9], "rotation": 180, "texture": "#wall"}}}, {"from": [8, 8, 4.5], "to": [11, 9, 5], "rotation": {"angle": 0, "axis": "y", "origin": [8, 8, 13]}, "faces": {"north": {"uv": [5, 7, 8, 8], "texture": "#wall"}, "east": {"uv": [5, 7, 6, 8], "texture": "#wall"}, "west": {"uv": [7, 7, 8, 8], "texture": "#wall"}, "up": {"uv": [5, 7, 8, 8], "rotation": 180, "texture": "#wall"}}}, {"from": [9, 5, 4.5], "to": [12, 6, 5], "rotation": {"angle": 0, "axis": "y", "origin": [8, 8, 13]}, "faces": {"north": {"uv": [4, 10, 7, 11], "texture": "#wall"}, "east": {"uv": [4, 10, 5, 11], "texture": "#wall"}, "west": {"uv": [6, 10, 7, 11], "texture": "#wall"}, "down": {"uv": [4, 10, 7, 11], "rotation": 180, "texture": "#wall"}}}, {"from": [9, 2, 4.5], "to": [10, 3, 5], "rotation": {"angle": 0, "axis": "y", "origin": [8, 8, 13]}, "faces": {"north": {"uv": [6, 13, 7, 14], "texture": "#wall"}, "east": {"uv": [6, 13, 7, 14], "texture": "#wall"}, "up": {"uv": [6, 13, 7, 14], "texture": "#wall"}, "down": {"uv": [6, 13, 7, 14], "texture": "#wall"}}}, {"from": [8, 1, 4.5], "to": [9, 5, 5], "rotation": {"angle": 0, "axis": "y", "origin": [8, 8, 13]}, "faces": {"north": {"uv": [7, 11, 8, 15], "texture": "#wall"}, "east": {"uv": [7, 11, 8, 15], "texture": "#wall"}, "up": {"uv": [7, 11, 8, 12], "texture": "#wall"}, "down": {"uv": [7, 14, 8, 15], "rotation": 180, "texture": "#wall"}}}, {"from": [8, 14, 5], "to": [13, 14.5, 6], "rotation": {"angle": 0, "axis": "y", "origin": [8, 6, 8]}, "faces": {"north": {"uv": [8, 5, 13, 6], "rotation": 180, "texture": "#wall"}, "east": {"uv": [12, 5, 13, 6], "rotation": 90, "texture": "#wall"}, "south": {"uv": [8, 5, 13, 6], "texture": "#wall"}, "west": {"uv": [8, 5, 9, 6], "rotation": 270, "texture": "#wall"}, "up": {"uv": [8, 5.01, 13, 6.01], "texture": "#wall"}}}, {"from": [9, 14, 6], "to": [10, 14.5, 8], "rotation": {"angle": 0, "axis": "y", "origin": [8, 6, 8]}, "faces": {"east": {"uv": [9, 6, 10, 8], "rotation": 90, "texture": "#wall"}, "south": {"uv": [9, 7, 10, 8], "texture": "#wall"}, "west": {"uv": [9, 6, 10, 8], "rotation": 270, "texture": "#wall"}, "up": {"uv": [9, 6, 10, 8], "texture": "#wall"}}}, {"from": [10, 14, 6], "to": [11, 14.5, 7], "rotation": {"angle": 0, "axis": "y", "origin": [8, 6, 8]}, "faces": {"east": {"uv": [10, 6, 11, 7], "rotation": 90, "texture": "#wall"}, "south": {"uv": [10, 6, 11, 7], "texture": "#wall"}, "up": {"uv": [10, 6, 11, 7], "texture": "#wall"}}}, {"from": [10, 14, 8], "to": [11, 14.5, 10], "rotation": {"angle": 0, "axis": "y", "origin": [8, 6, 8]}, "faces": {"north": {"uv": [10, 8, 11, 9], "rotation": 180, "texture": "#wall"}, "south": {"uv": [10, 9, 11, 10], "texture": "#wall"}, "west": {"uv": [10, 8, 11, 10], "rotation": 270, "texture": "#wall"}, "up": {"uv": [10, 8, 11, 10], "texture": "#wall"}}}, {"from": [15, 14, 9], "to": [16, 14.5, 10], "rotation": {"angle": 0, "axis": "y", "origin": [8, 6, 8]}, "faces": {"north": {"uv": [15, 9, 16, 10], "rotation": 180, "texture": "#wall"}, "east": {"uv": [15, 9, 16, 10], "rotation": 90, "texture": "#wall"}, "south": {"uv": [15, 9, 16, 10], "texture": "#wall"}, "up": {"uv": [15, 9, 16, 10], "texture": "#wall"}}}, {"from": [8, 14, 8], "to": [9, 14.5, 9], "rotation": {"angle": 0, "axis": "y", "origin": [8, 6, 8]}, "faces": {"north": {"uv": [8, 8, 9, 9], "texture": "#wall"}, "east": {"uv": [8, 8, 9, 9], "texture": "#wall"}, "south": {"uv": [8, 8, 9, 9], "texture": "#wall"}, "up": {"uv": [8.01, 8, 9.01, 9], "texture": "#wall"}}}, {"from": [8, 14, 10], "to": [10, 14.5, 11], "rotation": {"angle": 0, "axis": "y", "origin": [8, 6, 8]}, "faces": {"north": {"uv": [8, 10, 10, 11], "rotation": 180, "texture": "#wall"}, "east": {"uv": [9, 10, 10, 11], "rotation": 90, "texture": "#wall"}, "south": {"uv": [8, 10, 10, 11], "texture": "#wall"}, "west": {"uv": [8, 10, 9, 11], "rotation": 270, "texture": "#wall"}, "up": {"uv": [8, 10, 10, 11], "texture": "#wall"}}}, {"from": [15, 14, 5], "to": [16, 14.5, 7], "rotation": {"angle": 0, "axis": "y", "origin": [8, 6, 8]}, "faces": {"north": {"uv": [15, 5, 16, 6], "rotation": 180, "texture": "#wall"}, "east": {"uv": [15, 5, 16, 7], "rotation": 90, "texture": "#wall"}, "south": {"uv": [15, 6, 16, 7], "texture": "#wall"}, "west": {"uv": [15, 5, 16, 7], "rotation": 270, "texture": "#wall"}, "up": {"uv": [14.99, 5, 15.99, 7], "texture": "#wall"}}}, {"from": [14, 14, 5], "to": [15, 14.5, 6], "rotation": {"angle": 0, "axis": "y", "origin": [8, 6, 8]}, "faces": {"north": {"uv": [14, 5, 15, 6], "texture": "#wall"}, "south": {"uv": [14, 5, 15, 6], "texture": "#wall"}, "west": {"uv": [14, 5, 15, 6], "texture": "#wall"}, "up": {"uv": [14, 5, 15, 6], "texture": "#wall"}}}, {"from": [11, 14, 7], "to": [15, 14.5, 11], "rotation": {"angle": 0, "axis": "y", "origin": [8, 6, 8]}, "faces": {"north": {"uv": [11, 7, 15, 8], "rotation": 180, "texture": "#wall"}, "east": {"uv": [14, 7, 15, 11], "rotation": 90, "texture": "#wall"}, "south": {"uv": [11, 10, 15, 11], "texture": "#wall"}, "west": {"uv": [11, 7, 12, 11], "rotation": 270, "texture": "#wall"}, "up": {"uv": [11, 7, 15, 11], "texture": "#wall"}}}, {"from": [8, -0.5, 10], "to": [13, 0, 11], "faces": {"north": {"uv": [8, 5, 13, 6], "rotation": 180, "texture": "#wall", "cullface": "down"}, "east": {"uv": [12, 5, 13, 6], "rotation": 270, "texture": "#wall", "cullface": "down"}, "south": {"uv": [8, 5, 13, 6], "texture": "#wall", "cullface": "down"}, "west": {"uv": [8, 5, 9, 6], "rotation": 90, "texture": "#wall", "cullface": "down"}, "down": {"uv": [8, 5.01, 13, 6.01], "texture": "#wall", "cullface": "down"}}}, {"from": [9, -0.5, 8], "to": [10, 0, 10], "faces": {"north": {"uv": [9, 7, 10, 8], "rotation": 180, "texture": "#wall", "cullface": "down"}, "east": {"uv": [9, 6, 10, 8], "rotation": 270, "texture": "#wall", "cullface": "down"}, "west": {"uv": [9, 6, 10, 8], "rotation": 90, "texture": "#wall", "cullface": "down"}, "down": {"uv": [9, 6, 10, 8], "texture": "#wall", "cullface": "down"}}}, {"from": [10, -0.5, 9], "to": [11, 0, 10], "faces": {"north": {"uv": [10, 6, 11, 7], "rotation": 180, "texture": "#wall", "cullface": "down"}, "east": {"uv": [10, 6, 11, 7], "rotation": 270, "texture": "#wall", "cullface": "down"}, "down": {"uv": [10, 6, 11, 7], "texture": "#wall", "cullface": "down"}}}, {"from": [10, -0.5, 6], "to": [11, 0, 8], "faces": {"north": {"uv": [10, 9, 11, 10], "rotation": 180, "texture": "#wall", "cullface": "down"}, "south": {"uv": [10, 8, 11, 9], "texture": "#wall", "cullface": "down"}, "west": {"uv": [10, 8, 11, 10], "rotation": 90, "texture": "#wall", "cullface": "down"}, "down": {"uv": [10, 8, 11, 10], "texture": "#wall", "cullface": "down"}}}, {"from": [15, -0.5, 6], "to": [16, 0, 7], "faces": {"north": {"uv": [15, 9, 16, 10], "rotation": 180, "texture": "#wall", "cullface": "down"}, "east": {"uv": [15, 9, 16, 10], "rotation": 270, "texture": "#wall", "cullface": "down"}, "south": {"uv": [15, 9, 16, 10], "texture": "#wall", "cullface": "down"}, "down": {"uv": [15, 9, 16, 10], "texture": "#wall", "cullface": "down"}}}, {"from": [8, -0.5, 7], "to": [9, 0, 8], "faces": {"north": {"uv": [8, 8, 9, 9], "rotation": 180, "texture": "#wall", "cullface": "down"}, "east": {"uv": [8, 8, 9, 9], "rotation": 180, "texture": "#wall", "cullface": "down"}, "south": {"uv": [8, 8, 9, 9], "rotation": 180, "texture": "#wall", "cullface": "down"}, "down": {"uv": [8.01, 8, 9.01, 9], "texture": "#wall", "cullface": "down"}}}, {"from": [8, -0.5, 5], "to": [10, 0, 6], "faces": {"north": {"uv": [8, 10, 10, 11], "rotation": 180, "texture": "#wall", "cullface": "down"}, "east": {"uv": [9, 10, 10, 11], "rotation": 270, "texture": "#wall", "cullface": "down"}, "south": {"uv": [8, 10, 10, 11], "texture": "#wall", "cullface": "down"}, "west": {"uv": [8, 10, 9, 11], "rotation": 90, "texture": "#wall", "cullface": "down"}, "down": {"uv": [8, 10, 10, 11], "texture": "#wall", "cullface": "down"}}}, {"from": [15, -0.5, 9], "to": [16, 0, 11], "faces": {"north": {"uv": [15, 6, 16, 7], "rotation": 180, "texture": "#wall", "cullface": "down"}, "east": {"uv": [15, 5, 16, 7], "rotation": 270, "texture": "#wall", "cullface": "down"}, "south": {"uv": [15, 5, 16, 6], "texture": "#wall", "cullface": "down"}, "west": {"uv": [15, 5, 16, 7], "rotation": 90, "texture": "#wall", "cullface": "down"}, "down": {"uv": [14.99, 5, 15.99, 7], "texture": "#wall", "cullface": "down"}}}, {"from": [14, -0.5, 10], "to": [15, 0, 11], "faces": {"north": {"uv": [14, 5, 15, 6], "rotation": 180, "texture": "#wall", "cullface": "down"}, "south": {"uv": [14, 5, 15, 6], "rotation": 180, "texture": "#wall", "cullface": "down"}, "west": {"uv": [14, 5, 15, 6], "rotation": 180, "texture": "#wall", "cullface": "down"}, "down": {"uv": [14, 5, 15, 6], "texture": "#wall", "cullface": "down"}}}, {"from": [11, -0.5, 5], "to": [15, 0, 9], "faces": {"north": {"uv": [11, 10, 15, 11], "rotation": 180, "texture": "#wall", "cullface": "down"}, "east": {"uv": [14, 7, 15, 11], "rotation": 270, "texture": "#wall", "cullface": "down"}, "south": {"uv": [11, 7, 15, 8], "texture": "#wall", "cullface": "down"}, "west": {"uv": [11, 7, 12, 11], "rotation": 90, "texture": "#wall", "cullface": "down"}, "down": {"uv": [11, 7, 15, 11], "texture": "#wall", "cullface": "down"}}}], "display": {"thirdperson_righthand": {"rotation": [75, 45, 0], "translation": [0, 2.5, 0], "scale": [0.375, 0.375, 0.375]}, "thirdperson_lefthand": {"rotation": [75, 45, 0], "translation": [0, 2.5, 0], "scale": [0.375, 0.375, 0.375]}, "firstperson_righthand": {"rotation": [0, 45, 0], "scale": [0.4, 0.4, 0.4]}, "firstperson_lefthand": {"rotation": [0, 225, 0], "scale": [0.4, 0.4, 0.4]}, "ground": {"translation": [0, 3, 0], "scale": [0.25, 0.25, 0.25]}, "gui": {"rotation": [30, 225, 0], "scale": [0.625, 0.625, 0.625]}, "fixed": {"scale": [0.5, 0.5, 0.5]}}, "groups": [0, {"name": "south", "origin": [8, 8, 8], "color": 0, "children": [1, 2, 3, 4, 5, 6, 7, 8, 9, 10, 11, 12, 13, 14, 15, 16, 17, 18, 19]}, {"name": "east", "origin": [8, 8, 8], "color": 0, "children": [20, 21, 22, 23, 24, 25, 26, 27, 28, 29, 30, 31, 32, 33, 34, 35, 36, 37, 38]}, {"name": "north", "origin": [8, 8, 8], "color": 0, "children": [39, 40, 41, 42, 43, 44, 45, 46, 47, 48, 49, 50, 51, 52, 53, 54, 55, 56, 57, 58, 59, 60]}, {"name": "up", "origin": [8, 8, 8], "color": 0, "children": [61, 62, 63, 64, 65, 66, 67, 68, 69, 70]}, {"name": "down", "origin": [8, 8, 8], "color": 0, "children": [71, 72, 73, 74, 75, 76, 77, 78, 79, 80]}]}