{"parent": "block/template_sandstone", "textures": {"particle": "#wall"}, "elements": [{"name": "Center post", "from": [4, 0, 4], "to": [12, 16, 12], "faces": {"north": {"uv": [4, 0, 12, 16], "texture": "#wall"}, "east": {"uv": [4, 0, 12, 16], "texture": "#wall"}, "south": {"uv": [4, 0, 12, 16], "texture": "#wall"}, "west": {"uv": [4, 0, 12, 16], "texture": "#wall"}, "up": {"uv": [4, 4, 12, 12], "texture": "#wall", "cullface": "up"}, "down": {"uv": [4, 4, 12, 12], "texture": "#wall", "cullface": "down"}}}, {"from": [4, 0, 3.5], "to": [7, 1, 4], "faces": {"north": {"uv": [9, 15, 12, 16], "texture": "#wall"}, "west": {"uv": [11, 15, 12, 16], "texture": "#wall"}, "up": {"uv": [9, 15, 12, 16], "rotation": 180, "texture": "#wall"}, "down": {"uv": [9, 15, 12, 16], "rotation": 180, "texture": "#wall"}}}, {"from": [11, 2, 3.5], "to": [12, 3, 4], "faces": {"north": {"uv": [4, 13, 5, 14], "texture": "#wall"}, "east": {"uv": [4, 13, 5, 14], "texture": "#wall"}, "down": {"uv": [9, 15, 12, 16], "texture": "#wall"}}}, {"from": [10, 3, 3.5], "to": [12, 4, 4], "faces": {"north": {"uv": [4, 12, 6, 13], "texture": "#wall"}, "east": {"uv": [4, 12, 5, 13], "texture": "#wall"}, "up": {"uv": [4, 12, 6, 13], "rotation": 180, "texture": "#wall"}}}, {"from": [4, 14, 3.5], "to": [12, 16, 4], "faces": {"north": {"uv": [4, 0, 12, 2], "texture": "#wall"}, "east": {"uv": [0, 0, 1, 2], "texture": "#wall"}, "west": {"uv": [15, 0, 16, 2], "texture": "#wall"}, "up": {"uv": [4, 0, 12, 1], "rotation": 180, "texture": "#wall"}, "down": {"uv": [9, 15, 12, 16], "rotation": 180, "texture": "#wall"}}}, {"from": [9, 10, 3.5], "to": [12, 13, 4], "faces": {"north": {"uv": [4, 3, 7, 6], "texture": "#wall"}, "east": {"uv": [4, 3, 5, 6], "texture": "#wall"}, "up": {"uv": [4, 3, 7, 4], "rotation": 180, "texture": "#wall"}, "down": {"uv": [9, 15, 12, 16], "rotation": 180, "texture": "#wall"}}}, {"from": [4, 12, 3.5], "to": [7, 13, 4], "faces": {"north": {"uv": [9, 3, 12, 4], "texture": "#wall"}, "west": {"uv": [11, 3, 12, 4], "texture": "#wall"}, "up": {"uv": [9, 3, 12, 4], "rotation": 180, "texture": "#wall"}}}, {"from": [4, 10, 3.5], "to": [8, 12, 4], "faces": {"north": {"uv": [8, 4, 12, 6], "texture": "#wall"}, "west": {"uv": [11, 4, 12, 6], "texture": "#wall"}, "down": {"uv": [9, 15, 12, 16], "rotation": 180, "texture": "#wall"}}}, {"from": [8, 6, 3.5], "to": [12, 7, 4], "faces": {"north": {"uv": [4, 9, 8, 10], "texture": "#wall"}, "east": {"uv": [4, 9, 5, 10], "texture": "#wall"}}}, {"from": [7, 7, 3.5], "to": [12, 8, 4], "faces": {"north": {"uv": [4, 8, 9, 9], "texture": "#wall"}, "east": {"uv": [4, 8, 5, 9], "texture": "#wall"}, "up": {"uv": [4, 8, 9, 9], "rotation": 180, "texture": "#wall"}}}, {"from": [9, 5, 3.5], "to": [12, 6, 4], "faces": {"north": {"uv": [4, 10, 7, 11], "texture": "#wall"}, "east": {"uv": [4, 10, 5, 11], "texture": "#wall"}, "down": {"uv": [9, 15, 12, 16], "rotation": 180, "texture": "#wall"}}}, {"from": [4, 2, 3.5], "to": [10, 3, 4], "faces": {"north": {"uv": [6, 13, 12, 14], "texture": "#wall"}, "west": {"uv": [11, 13, 12, 14], "texture": "#wall"}, "down": {"uv": [9, 15, 12, 16], "rotation": 180, "texture": "#wall"}}}, {"from": [4, 3, 3.5], "to": [9, 4, 4], "faces": {"north": {"uv": [7, 12, 12, 13], "texture": "#wall"}, "west": {"uv": [11, 12, 12, 13], "texture": "#wall"}, "up": {"uv": [7, 12, 12, 13], "rotation": 180, "texture": "#wall"}}}, {"from": [4, 5, 3.5], "to": [5, 9, 4], "faces": {"north": {"uv": [11, 7, 12, 11], "texture": "#wall"}, "west": {"uv": [11, 7, 12, 11], "texture": "#wall"}, "up": {"uv": [11, 7, 12, 8], "rotation": 180, "texture": "#wall"}, "down": {"uv": [9, 15, 12, 16], "rotation": 180, "texture": "#wall"}}}, {"from": [12, 0, 4], "to": [12.5, 1, 7], "faces": {"north": {"uv": [11, 15, 12, 16], "texture": "#wall"}, "east": {"uv": [9, 15, 12, 16], "texture": "#wall"}, "south": {"uv": [9, 15, 10, 16], "texture": "#wall"}, "up": {"uv": [9, 15, 12, 16], "rotation": 270, "texture": "#wall"}, "down": {"uv": [9, 15, 12, 16], "rotation": 90, "texture": "#wall"}}}, {"from": [12, 0, 9], "to": [12.5, 1, 11], "faces": {"north": {"uv": [6, 15, 7, 16], "texture": "#wall"}, "east": {"uv": [5, 15, 7, 16], "texture": "#wall"}, "south": {"uv": [5, 15, 6, 16], "texture": "#wall"}, "up": {"uv": [5, 15, 7, 16], "rotation": 270, "texture": "#wall"}, "down": {"uv": [9, 15, 12, 16], "rotation": 90, "texture": "#wall"}}}, {"from": [12, 2, 11], "to": [12.5, 3, 12], "faces": {"north": {"uv": [4, 13, 5, 14], "texture": "#wall"}, "east": {"uv": [4, 13, 5, 14], "texture": "#wall"}, "south": {"uv": [4, 13, 5, 14], "texture": "#wall"}, "down": {"uv": [9, 15, 12, 16], "rotation": 270, "texture": "#wall"}}}, {"from": [12, 3, 10], "to": [12.5, 4, 12], "faces": {"north": {"uv": [5, 12, 6, 13], "texture": "#wall"}, "east": {"uv": [4, 12, 6, 13], "texture": "#wall"}, "south": {"uv": [4, 12, 5, 13], "texture": "#wall"}, "up": {"uv": [4, 12, 6, 13], "rotation": 270, "texture": "#wall"}, "down": {"uv": [9, 15, 12, 16], "rotation": 90, "texture": "#wall"}}}, {"from": [12, 14, 4], "to": [12.5, 16, 12], "faces": {"north": {"uv": [15, 0, 16, 2], "texture": "#wall"}, "east": {"uv": [4, 0, 12, 2], "texture": "#wall"}, "south": {"uv": [0, 0, 1, 2], "texture": "#wall"}, "up": {"uv": [4, 0, 12, 1], "rotation": 270, "texture": "#wall"}, "down": {"uv": [9, 15, 12, 16], "rotation": 90, "texture": "#wall"}}}, {"from": [12, 10, 9], "to": [12.5, 13, 12], "faces": {"north": {"uv": [6, 3, 7, 6], "texture": "#wall"}, "east": {"uv": [4, 3, 7, 6], "texture": "#wall"}, "south": {"uv": [4, 3, 5, 6], "texture": "#wall"}, "up": {"uv": [4, 3, 7, 4], "rotation": 270, "texture": "#wall"}, "down": {"uv": [9, 15, 12, 16], "rotation": 90, "texture": "#wall"}}}, {"from": [12, 12, 8], "to": [12.5, 13, 9], "faces": {"north": {"uv": [7, 3, 8, 4], "texture": "#wall"}, "east": {"uv": [7, 3, 8, 4], "texture": "#wall"}, "up": {"uv": [7, 3, 8, 4], "rotation": 270, "texture": "#wall"}, "down": {"uv": [9, 15, 12, 16], "rotation": 90, "texture": "#wall"}}}, {"from": [12, 12, 4], "to": [12.5, 13, 7], "faces": {"north": {"uv": [11, 3, 12, 4], "texture": "#wall"}, "east": {"uv": [9, 3, 12, 4], "texture": "#wall"}, "south": {"uv": [9, 3, 10, 4], "texture": "#wall"}, "up": {"uv": [9, 3, 12, 4], "rotation": 270, "texture": "#wall"}}}, {"from": [12, 10, 4], "to": [12.5, 12, 8], "faces": {"north": {"uv": [11, 4, 12, 6], "texture": "#wall"}, "east": {"uv": [8, 4, 12, 6], "texture": "#wall"}, "south": {"uv": [8, 4, 9, 6], "texture": "#wall"}, "up": {"uv": [8, 4, 12, 5], "rotation": 270, "texture": "#wall"}, "down": {"uv": [9, 15, 12, 16], "rotation": 90, "texture": "#wall"}}}, {"from": [12, 8, 6], "to": [12.5, 10, 7], "faces": {"north": {"uv": [9, 6, 10, 8], "texture": "#wall"}, "east": {"uv": [9, 6, 10, 8], "texture": "#wall"}, "south": {"uv": [9, 6, 10, 8], "texture": "#wall"}, "down": {"uv": [9, 15, 12, 16], "rotation": 90, "texture": "#wall"}}}, {"from": [12, 9, 5], "to": [12.5, 10, 6], "faces": {"north": {"uv": [10, 6, 11, 7], "texture": "#wall"}, "east": {"uv": [10, 6, 11, 7], "texture": "#wall"}, "down": {"uv": [9, 15, 12, 16], "rotation": 90, "texture": "#wall"}}}, {"from": [12, 6, 5], "to": [12.5, 8, 6], "faces": {"east": {"uv": [10, 8, 11, 10], "texture": "#wall"}, "south": {"uv": [10, 8, 11, 10], "texture": "#wall"}, "up": {"uv": [10, 8, 11, 9], "rotation": 270, "texture": "#wall"}, "down": {"uv": [9, 15, 12, 16], "rotation": 90, "texture": "#wall"}}}, {"from": [12, 6, 8], "to": [12.5, 7, 12], "faces": {"north": {"uv": [7, 9, 8, 10], "texture": "#wall"}, "east": {"uv": [4, 9, 8, 10], "texture": "#wall"}, "south": {"uv": [4, 9, 5, 10], "texture": "#wall"}, "down": {"uv": [9, 15, 12, 16], "rotation": 90, "texture": "#wall"}}}, {"from": [12, 7, 7], "to": [12.5, 8, 12], "faces": {"north": {"uv": [8, 8, 9, 9], "texture": "#wall"}, "east": {"uv": [4, 8, 9, 9], "texture": "#wall"}, "south": {"uv": [4, 8, 5, 9], "texture": "#wall"}, "up": {"uv": [4, 8, 9, 9], "rotation": 270, "texture": "#wall"}, "down": {"uv": [9, 15, 12, 16], "rotation": 90, "texture": "#wall"}}}, {"from": [12, 8, 8], "to": [12.5, 9, 11], "faces": {"north": {"uv": [7, 7, 8, 8], "texture": "#wall"}, "east": {"uv": [5, 7, 8, 8], "texture": "#wall"}, "south": {"uv": [5, 7, 6, 8], "texture": "#wall"}, "up": {"uv": [5, 7, 8, 8], "rotation": 270, "texture": "#wall"}}}, {"from": [12, 5, 9], "to": [12.5, 6, 12], "faces": {"north": {"uv": [6, 10, 7, 11], "texture": "#wall"}, "east": {"uv": [4, 10, 7, 11], "texture": "#wall"}, "south": {"uv": [4, 10, 5, 11], "texture": "#wall"}, "down": {"uv": [9, 15, 12, 16], "rotation": 90, "texture": "#wall"}}}, {"from": [12, 5, 6], "to": [12.5, 6, 8], "faces": {"north": {"uv": [9, 10, 10, 11], "texture": "#wall"}, "east": {"uv": [8, 10, 10, 11], "texture": "#wall"}, "south": {"uv": [8, 10, 9, 11], "texture": "#wall"}, "up": {"uv": [8, 10, 10, 11], "rotation": 270, "texture": "#wall"}}}, {"from": [12, 4, 5], "to": [12.5, 5, 9], "faces": {"north": {"uv": [10, 11, 11, 12], "texture": "#wall"}, "east": {"uv": [7, 11, 11, 12], "texture": "#wall"}, "south": {"uv": [7, 11, 8, 12], "texture": "#wall"}, "up": {"uv": [7, 11, 11, 12], "rotation": 270, "texture": "#wall"}}}, {"from": [12, 2, 4], "to": [12.5, 3, 10], "faces": {"north": {"uv": [11, 13, 12, 14], "texture": "#wall"}, "east": {"uv": [6, 13, 12, 14], "texture": "#wall"}, "south": {"uv": [6, 13, 7, 14], "texture": "#wall"}, "up": {"uv": [6, 13, 12, 14], "rotation": 270, "texture": "#wall"}, "down": {"uv": [9, 15, 12, 16], "rotation": 90, "texture": "#wall"}}}, {"from": [12, 1, 7], "to": [12.5, 2, 9], "faces": {"north": {"uv": [8, 14, 9, 15], "texture": "#wall"}, "east": {"uv": [7, 14, 9, 15], "texture": "#wall"}, "south": {"uv": [7, 14, 8, 15], "texture": "#wall"}, "down": {"uv": [9, 15, 12, 16], "rotation": 90, "texture": "#wall"}}}, {"from": [12, 3, 4], "to": [12.5, 4, 9], "faces": {"north": {"uv": [11, 12, 12, 13], "texture": "#wall"}, "east": {"uv": [7, 12, 12, 13], "texture": "#wall"}, "south": {"uv": [7, 12, 8, 13], "texture": "#wall"}, "up": {"uv": [7, 12, 12, 13], "rotation": 270, "texture": "#wall"}}}, {"from": [12, 5, 4], "to": [12.5, 9, 5], "faces": {"north": {"uv": [11, 7, 12, 11], "texture": "#wall"}, "east": {"uv": [11, 7, 12, 11], "texture": "#wall"}, "south": {"uv": [11, 7, 12, 11], "texture": "#wall"}, "up": {"uv": [11, 7, 12, 8], "rotation": 270, "texture": "#wall"}, "down": {"uv": [9, 15, 12, 16], "rotation": 90, "texture": "#wall"}}}, {"from": [9, 0, 12], "to": [12, 1, 12.5], "faces": {"east": {"uv": [11, 15, 12, 16], "texture": "#wall"}, "south": {"uv": [9, 15, 12, 16], "texture": "#wall"}, "up": {"uv": [9, 15, 12, 16], "texture": "#wall"}, "down": {"uv": [9, 15, 12, 16], "texture": "#wall"}}}, {"from": [4, 2, 12], "to": [5, 3, 12.5], "faces": {"south": {"uv": [4, 13, 5, 14], "texture": "#wall"}, "west": {"uv": [4, 13, 5, 14], "texture": "#wall"}, "down": {"uv": [9, 15, 12, 16], "rotation": 180, "texture": "#wall"}}}, {"from": [4, 3, 12], "to": [6, 4, 12.5], "faces": {"south": {"uv": [4, 12, 6, 13], "texture": "#wall"}, "west": {"uv": [4, 12, 5, 13], "texture": "#wall"}, "up": {"uv": [4, 12, 6, 13], "texture": "#wall"}}}, {"from": [4, 14, 12], "to": [12, 16, 12.5], "faces": {"east": {"uv": [15, 0, 16, 2], "texture": "#wall"}, "south": {"uv": [4, 0, 12, 2], "texture": "#wall"}, "west": {"uv": [0, 0, 1, 2], "texture": "#wall"}, "up": {"uv": [4, 0, 12, 1], "texture": "#wall"}, "down": {"uv": [9, 15, 12, 16], "texture": "#wall"}}}, {"from": [4, 10, 12], "to": [7, 13, 12.5], "faces": {"south": {"uv": [4, 3, 7, 6], "texture": "#wall"}, "west": {"uv": [4, 3, 5, 6], "texture": "#wall"}, "up": {"uv": [4, 3, 7, 4], "texture": "#wall"}, "down": {"uv": [9, 15, 12, 16], "texture": "#wall"}}}, {"from": [9, 12, 12], "to": [12, 13, 12.5], "faces": {"east": {"uv": [11, 3, 12, 4], "texture": "#wall"}, "south": {"uv": [9, 3, 12, 4], "texture": "#wall"}, "up": {"uv": [9, 3, 12, 4], "texture": "#wall"}}}, {"from": [8, 10, 12], "to": [12, 12, 12.5], "faces": {"east": {"uv": [11, 4, 12, 6], "texture": "#wall"}, "south": {"uv": [8, 4, 12, 6], "texture": "#wall"}, "down": {"uv": [9, 15, 12, 16], "texture": "#wall"}}}, {"from": [4, 6, 12], "to": [8, 7, 12.5], "faces": {"south": {"uv": [4, 9, 8, 10], "texture": "#wall"}, "west": {"uv": [4, 9, 5, 10], "texture": "#wall"}}}, {"from": [4, 7, 12], "to": [9, 8, 12.5], "faces": {"south": {"uv": [4, 8, 9, 9], "texture": "#wall"}, "west": {"uv": [4, 8, 5, 9], "texture": "#wall"}, "up": {"uv": [4, 8, 9, 9], "texture": "#wall"}}}, {"from": [4, 5, 12], "to": [7, 6, 12.5], "faces": {"south": {"uv": [4, 10, 7, 11], "texture": "#wall"}, "west": {"uv": [4, 10, 5, 11], "texture": "#wall"}, "down": {"uv": [9, 15, 12, 16], "texture": "#wall"}}}, {"from": [6, 2, 12], "to": [12, 3, 12.5], "faces": {"east": {"uv": [11, 13, 12, 14], "texture": "#wall"}, "south": {"uv": [6, 13, 12, 14], "texture": "#wall"}, "down": {"uv": [9, 15, 12, 16], "texture": "#wall"}}}, {"from": [7, 3, 12], "to": [12, 4, 12.5], "faces": {"east": {"uv": [11, 12, 12, 13], "texture": "#wall"}, "south": {"uv": [7, 12, 12, 13], "texture": "#wall"}, "up": {"uv": [7, 12, 12, 13], "texture": "#wall"}}}, {"from": [11, 5, 12], "to": [12, 9, 12.5], "faces": {"east": {"uv": [11, 7, 12, 11], "texture": "#wall"}, "south": {"uv": [11, 7, 12, 11], "texture": "#wall"}, "up": {"uv": [11, 7, 12, 8], "texture": "#wall"}, "down": {"uv": [9, 15, 12, 16], "texture": "#wall"}}}, {"from": [3.5, 0, 9], "to": [4, 1, 12], "faces": {"north": {"uv": [9, 15, 10, 16], "texture": "#wall"}, "south": {"uv": [11, 15, 12, 16], "texture": "#wall"}, "west": {"uv": [9, 15, 12, 16], "texture": "#wall"}, "up": {"uv": [9, 15, 12, 16], "rotation": 90, "texture": "#wall"}, "down": {"uv": [9, 15, 12, 16], "rotation": 270, "texture": "#wall"}}}, {"from": [3.5, 0, 5], "to": [4, 1, 7], "faces": {"north": {"uv": [5, 15, 6, 16], "texture": "#wall"}, "south": {"uv": [6, 15, 7, 16], "texture": "#wall"}, "west": {"uv": [5, 15, 7, 16], "texture": "#wall"}, "up": {"uv": [5, 15, 7, 16], "rotation": 90, "texture": "#wall"}, "down": {"uv": [9, 15, 12, 16], "rotation": 270, "texture": "#wall"}}}, {"from": [3.5, 2, 4], "to": [4, 3, 5], "faces": {"north": {"uv": [4, 13, 5, 14], "texture": "#wall"}, "south": {"uv": [4, 13, 5, 14], "texture": "#wall"}, "west": {"uv": [4, 13, 5, 14], "texture": "#wall"}, "down": {"uv": [9, 15, 12, 16], "rotation": 90, "texture": "#wall"}}}, {"from": [3.5, 3, 4], "to": [4, 4, 6], "faces": {"north": {"uv": [4, 12, 5, 13], "texture": "#wall"}, "south": {"uv": [5, 12, 6, 13], "texture": "#wall"}, "west": {"uv": [4, 12, 6, 13], "texture": "#wall"}, "up": {"uv": [4, 12, 6, 13], "rotation": 90, "texture": "#wall"}, "down": {"uv": [9, 15, 12, 16], "rotation": 270, "texture": "#wall"}}}, {"from": [3.5, 14, 4], "to": [4, 16, 12], "faces": {"north": {"uv": [0, 0, 1, 2], "texture": "#wall"}, "south": {"uv": [15, 0, 16, 2], "texture": "#wall"}, "west": {"uv": [4, 0, 12, 2], "texture": "#wall"}, "up": {"uv": [4, 0, 12, 1], "rotation": 90, "texture": "#wall"}, "down": {"uv": [9, 15, 12, 16], "rotation": 270, "texture": "#wall"}}}, {"from": [3.5, 10, 4], "to": [4, 13, 7], "faces": {"north": {"uv": [4, 3, 5, 6], "texture": "#wall"}, "south": {"uv": [6, 3, 7, 6], "texture": "#wall"}, "west": {"uv": [4, 3, 7, 6], "texture": "#wall"}, "up": {"uv": [4, 3, 7, 4], "rotation": 90, "texture": "#wall"}, "down": {"uv": [9, 15, 12, 16], "rotation": 270, "texture": "#wall"}}}, {"from": [3.5, 12, 7], "to": [4, 13, 8], "faces": {"south": {"uv": [7, 3, 8, 4], "texture": "#wall"}, "west": {"uv": [7, 3, 8, 4], "texture": "#wall"}, "up": {"uv": [7, 3, 8, 4], "rotation": 90, "texture": "#wall"}, "down": {"uv": [9, 15, 12, 16], "rotation": 270, "texture": "#wall"}}}, {"from": [3.5, 12, 9], "to": [4, 13, 12], "faces": {"north": {"uv": [9, 3, 10, 4], "texture": "#wall"}, "south": {"uv": [11, 3, 12, 4], "texture": "#wall"}, "west": {"uv": [9, 3, 12, 4], "texture": "#wall"}, "up": {"uv": [9, 3, 12, 4], "rotation": 90, "texture": "#wall"}}}, {"from": [3.5, 10, 8], "to": [4, 12, 12], "faces": {"north": {"uv": [8, 4, 9, 6], "texture": "#wall"}, "south": {"uv": [11, 4, 12, 6], "texture": "#wall"}, "west": {"uv": [8, 4, 12, 6], "texture": "#wall"}, "up": {"uv": [8, 4, 12, 5], "rotation": 90, "texture": "#wall"}, "down": {"uv": [9, 15, 12, 16], "rotation": 270, "texture": "#wall"}}}, {"from": [3.5, 8, 9], "to": [4, 10, 10], "faces": {"north": {"uv": [9, 6, 10, 8], "texture": "#wall"}, "south": {"uv": [9, 6, 10, 8], "texture": "#wall"}, "west": {"uv": [9, 6, 10, 8], "texture": "#wall"}, "down": {"uv": [9, 15, 12, 16], "rotation": 270, "texture": "#wall"}}}, {"from": [3.5, 9, 10], "to": [4, 10, 11], "faces": {"south": {"uv": [10, 6, 11, 7], "texture": "#wall"}, "west": {"uv": [10, 6, 11, 7], "texture": "#wall"}, "down": {"uv": [9, 15, 12, 16], "rotation": 270, "texture": "#wall"}}}, {"from": [3.5, 6, 10], "to": [4, 8, 11], "faces": {"north": {"uv": [10, 8, 11, 10], "texture": "#wall"}, "west": {"uv": [10, 8, 11, 10], "texture": "#wall"}, "up": {"uv": [10, 8, 11, 9], "rotation": 90, "texture": "#wall"}, "down": {"uv": [9, 15, 12, 16], "rotation": 270, "texture": "#wall"}}}, {"from": [3.5, 6, 4], "to": [4, 7, 8], "faces": {"north": {"uv": [4, 9, 5, 10], "texture": "#wall"}, "south": {"uv": [7, 9, 8, 10], "texture": "#wall"}, "west": {"uv": [4, 9, 8, 10], "texture": "#wall"}, "down": {"uv": [9, 15, 12, 16], "rotation": 270, "texture": "#wall"}}}, {"from": [3.5, 7, 4], "to": [4, 8, 9], "faces": {"north": {"uv": [4, 8, 5, 9], "texture": "#wall"}, "south": {"uv": [8, 8, 9, 9], "texture": "#wall"}, "west": {"uv": [4, 8, 9, 9], "texture": "#wall"}, "up": {"uv": [4, 8, 9, 9], "rotation": 90, "texture": "#wall"}, "down": {"uv": [9, 15, 12, 16], "rotation": 270, "texture": "#wall"}}}, {"from": [3.5, 8, 5], "to": [4, 9, 8], "faces": {"north": {"uv": [5, 7, 6, 8], "texture": "#wall"}, "south": {"uv": [7, 7, 8, 8], "texture": "#wall"}, "west": {"uv": [5, 7, 8, 8], "texture": "#wall"}, "up": {"uv": [5, 7, 8, 8], "rotation": 90, "texture": "#wall"}}}, {"from": [3.5, 5, 4], "to": [4, 6, 7], "faces": {"north": {"uv": [4, 10, 5, 11], "texture": "#wall"}, "south": {"uv": [6, 10, 7, 11], "texture": "#wall"}, "west": {"uv": [4, 10, 7, 11], "texture": "#wall"}, "down": {"uv": [9, 15, 12, 16], "rotation": 270, "texture": "#wall"}}}, {"from": [3.5, 5, 8], "to": [4, 6, 10], "faces": {"north": {"uv": [8, 10, 9, 11], "texture": "#wall"}, "south": {"uv": [9, 10, 10, 11], "texture": "#wall"}, "west": {"uv": [8, 10, 10, 11], "texture": "#wall"}, "up": {"uv": [8, 10, 10, 11], "rotation": 90, "texture": "#wall"}}}, {"from": [3.5, 4, 7], "to": [4, 5, 11], "faces": {"north": {"uv": [7, 11, 8, 12], "texture": "#wall"}, "south": {"uv": [10, 11, 11, 12], "texture": "#wall"}, "west": {"uv": [7, 11, 11, 12], "texture": "#wall"}, "up": {"uv": [7, 11, 11, 12], "rotation": 90, "texture": "#wall"}}}, {"from": [3.5, 2, 6], "to": [4, 3, 12], "faces": {"north": {"uv": [6, 13, 7, 14], "texture": "#wall"}, "south": {"uv": [11, 13, 12, 14], "texture": "#wall"}, "west": {"uv": [6, 13, 12, 14], "texture": "#wall"}, "up": {"uv": [6, 13, 12, 14], "rotation": 90, "texture": "#wall"}, "down": {"uv": [9, 15, 12, 16], "rotation": 270, "texture": "#wall"}}}, {"from": [3.5, 1, 7], "to": [4, 2, 9], "faces": {"north": {"uv": [7, 14, 8, 15], "texture": "#wall"}, "south": {"uv": [8, 14, 9, 15], "texture": "#wall"}, "west": {"uv": [7, 14, 9, 15], "texture": "#wall"}, "down": {"uv": [9, 15, 12, 16], "rotation": 270, "texture": "#wall"}}}, {"from": [3.5, 3, 7], "to": [4, 4, 12], "faces": {"north": {"uv": [7, 12, 8, 13], "texture": "#wall"}, "south": {"uv": [11, 12, 12, 13], "texture": "#wall"}, "west": {"uv": [7, 12, 12, 13], "texture": "#wall"}, "up": {"uv": [7, 12, 12, 13], "rotation": 90, "texture": "#wall"}}}, {"from": [3.5, 5, 11], "to": [4, 9, 12], "faces": {"north": {"uv": [11, 7, 12, 11], "texture": "#wall"}, "south": {"uv": [11, 7, 12, 11], "texture": "#wall"}, "west": {"uv": [11, 7, 12, 11], "texture": "#wall"}, "up": {"uv": [11, 7, 12, 8], "rotation": 90, "texture": "#wall"}, "down": {"uv": [9, 15, 12, 16], "rotation": 270, "texture": "#wall"}}}, {"from": [4, 16, 4], "to": [7, 16.5, 6], "faces": {"north": {"uv": [4, 4, 7, 5], "rotation": 180, "texture": "#wall", "cullface": "up"}, "east": {"uv": [6, 4, 7, 6], "rotation": 90, "texture": "#wall", "cullface": "up"}, "south": {"uv": [4, 5, 7, 6], "texture": "#wall", "cullface": "up"}, "west": {"uv": [4, 4, 5, 6], "rotation": 270, "texture": "#wall", "cullface": "up"}, "up": {"uv": [4.01, 4, 7.01, 6], "texture": "#wall", "cullface": "up"}}}, {"from": [8, 16, 4], "to": [12, 16.5, 6], "faces": {"north": {"uv": [8, 4, 12, 5], "rotation": 180, "texture": "#wall", "cullface": "up"}, "east": {"uv": [11, 4, 12, 6], "rotation": 90, "texture": "#wall", "cullface": "up"}, "south": {"uv": [8, 5, 12, 6], "texture": "#wall", "cullface": "up"}, "west": {"uv": [8, 4, 9, 6], "rotation": 270, "texture": "#wall", "cullface": "up"}, "up": {"uv": [8, 4.01, 12, 6.01], "texture": "#wall", "cullface": "up"}}}, {"from": [9, 16, 6], "to": [10, 16.5, 8], "faces": {"east": {"uv": [9, 6, 10, 8], "rotation": 90, "texture": "#wall", "cullface": "up"}, "south": {"uv": [9, 7, 10, 8], "texture": "#wall", "cullface": "up"}, "west": {"uv": [9, 6, 10, 8], "rotation": 270, "texture": "#wall", "cullface": "up"}, "up": {"uv": [9, 6, 10, 8], "texture": "#wall", "cullface": "up"}}}, {"from": [10, 16, 6], "to": [11, 16.5, 7], "faces": {"east": {"uv": [10, 6, 11, 7], "rotation": 90, "texture": "#wall", "cullface": "up"}, "south": {"uv": [10, 6, 11, 7], "texture": "#wall", "cullface": "up"}, "up": {"uv": [10, 6, 11, 7], "texture": "#wall", "cullface": "up"}}}, {"from": [10, 16, 8], "to": [11, 16.5, 10], "faces": {"north": {"uv": [10, 8, 11, 9], "rotation": 180, "texture": "#wall", "cullface": "up"}, "south": {"uv": [10, 9, 11, 10], "texture": "#wall", "cullface": "up"}, "west": {"uv": [10, 8, 11, 10], "rotation": 270, "texture": "#wall", "cullface": "up"}, "up": {"uv": [10, 8, 11, 10], "texture": "#wall", "cullface": "up"}}}, {"from": [4, 16, 9], "to": [8, 16.5, 10], "faces": {"east": {"uv": [7, 9, 8, 10], "rotation": 90, "texture": "#wall", "cullface": "up"}, "south": {"uv": [4, 9, 8, 10], "texture": "#wall", "cullface": "up"}, "west": {"uv": [4, 9, 5, 10], "rotation": 270, "texture": "#wall", "cullface": "up"}, "up": {"uv": [4, 8.99, 8, 9.99], "texture": "#wall", "cullface": "up"}}}, {"from": [4, 16, 8], "to": [9, 16.5, 9], "faces": {"north": {"uv": [4, 8, 9, 9], "rotation": 180, "texture": "#wall", "cullface": "up"}, "east": {"uv": [8, 8, 9, 9], "rotation": 90, "texture": "#wall", "cullface": "up"}, "south": {"uv": [4, 8, 9, 9], "texture": "#wall", "cullface": "up"}, "west": {"uv": [4, 8, 5, 9], "rotation": 270, "texture": "#wall", "cullface": "up"}, "up": {"uv": [4, 8, 9, 9], "texture": "#wall", "cullface": "up"}}}, {"from": [5, 16, 7], "to": [8, 16.5, 8], "faces": {"north": {"uv": [5, 7, 8, 8], "rotation": 180, "texture": "#wall", "cullface": "up"}, "east": {"uv": [7, 7, 8, 8], "rotation": 90, "texture": "#wall", "cullface": "up"}, "west": {"uv": [5, 7, 6, 8], "rotation": 270, "texture": "#wall", "cullface": "up"}, "up": {"uv": [5, 7, 8, 8], "texture": "#wall", "cullface": "up"}}}, {"from": [4, 16, 10], "to": [7, 16.5, 11], "faces": {"east": {"uv": [6, 10, 7, 11], "rotation": 90, "texture": "#wall", "cullface": "up"}, "south": {"uv": [4, 10, 7, 11], "texture": "#wall", "cullface": "up"}, "west": {"uv": [4, 10, 5, 11], "rotation": 270, "texture": "#wall", "cullface": "up"}, "up": {"uv": [4, 10, 7, 11], "texture": "#wall", "cullface": "up"}}}, {"from": [8, 16, 10], "to": [10, 16.5, 11], "faces": {"north": {"uv": [8, 10, 10, 11], "rotation": 180, "texture": "#wall", "cullface": "up"}, "east": {"uv": [9, 10, 10, 11], "rotation": 90, "texture": "#wall", "cullface": "up"}, "west": {"uv": [8, 10, 9, 11], "rotation": 270, "texture": "#wall", "cullface": "up"}, "up": {"uv": [8, 10, 10, 11], "texture": "#wall", "cullface": "up"}}}, {"from": [7, 16, 11], "to": [11, 16.5, 12], "faces": {"north": {"uv": [7, 11, 11, 12], "rotation": 180, "texture": "#wall", "cullface": "up"}, "east": {"uv": [10, 11, 11, 12], "rotation": 90, "texture": "#wall", "cullface": "up"}, "south": {"uv": [7, 11, 11, 12], "texture": "#wall", "cullface": "up"}, "west": {"uv": [7, 11, 8, 12], "rotation": 270, "texture": "#wall", "cullface": "up"}, "up": {"uv": [6.99, 11, 10.99, 12], "texture": "#wall", "cullface": "up"}}}, {"from": [11, 16, 7], "to": [12, 16.5, 11], "faces": {"north": {"uv": [11, 7, 12, 8], "rotation": 180, "texture": "#wall", "cullface": "up"}, "east": {"uv": [11, 7, 12, 11], "rotation": 90, "texture": "#wall", "cullface": "up"}, "south": {"uv": [11, 10, 12, 11], "texture": "#wall", "cullface": "up"}, "west": {"uv": [11, 7, 12, 11], "rotation": 270, "texture": "#wall", "cullface": "up"}, "up": {"uv": [11, 6.99, 12, 10.99], "texture": "#wall", "cullface": "up"}}}, {"from": [11, 2, 2], "to": [11.5, 3, 3], "faces": {"east": {"uv": [13, 13, 14, 14], "texture": "#wall"}, "south": {"uv": [13, 13, 14, 14], "texture": "#wall"}, "up": {"uv": [13, 13, 14, 14], "rotation": 270, "texture": "#wall"}, "down": {"uv": [13, 13, 14, 14], "rotation": 90, "texture": "#wall"}}}, {"from": [11, 0, 2], "to": [11.5, 1, 7], "faces": {"north": {"uv": [13, 15, 14, 16], "texture": "#wall"}, "east": {"uv": [9, 15, 14, 16], "texture": "#wall"}, "up": {"uv": [9, 15, 14, 16], "rotation": 270, "texture": "#wall"}, "down": {"uv": [9, 15, 14, 16], "rotation": 90, "texture": "#wall"}}}, {"from": [11, 10, 3], "to": [11.5, 12, 8], "faces": {"north": {"uv": [12, 4, 13, 6], "texture": "#wall"}, "east": {"uv": [8, 4, 13, 6], "texture": "#wall"}, "up": {"uv": [8, 4, 13, 5], "rotation": 270, "texture": "#wall"}, "down": {"uv": [8, 5, 13, 6], "rotation": 90, "texture": "#wall"}}}, {"from": [11, 6, 0], "to": [11.5, 7, 1], "faces": {"north": {"uv": [15, 9, 16, 10], "texture": "#wall"}, "east": {"uv": [15, 9, 16, 10], "texture": "#wall"}, "up": {"uv": [15, 9, 16, 10], "rotation": 270, "texture": "#wall"}, "down": {"uv": [15, 9, 16, 10], "rotation": 90, "texture": "#wall"}}}, {"from": [11, 3, 3], "to": [11.5, 4, 8], "faces": {"north": {"uv": [12, 12, 13, 13], "texture": "#wall"}, "east": {"uv": [8, 12, 13, 13], "texture": "#wall"}, "up": {"uv": [8, 12, 13, 13], "rotation": 270, "texture": "#wall"}, "down": {"uv": [8, 12, 13, 13], "rotation": 90, "texture": "#wall"}}}, {"from": [11, 1, 0], "to": [11.5, 4, 2], "faces": {"north": {"uv": [15, 12, 16, 15], "texture": "#wall"}, "east": {"uv": [14, 12, 16, 15], "texture": "#wall"}, "south": {"uv": [14, 12, 15, 15], "texture": "#wall"}, "up": {"uv": [14, 12, 16, 13], "rotation": 270, "texture": "#wall"}, "down": {"uv": [14, 14, 16, 15], "rotation": 90, "texture": "#wall"}}}, {"from": [11, 4, 2], "to": [11.5, 5, 3], "faces": {"north": {"uv": [13, 11, 14, 12], "texture": "#wall"}, "east": {"uv": [13, 11, 14, 12], "texture": "#wall"}, "south": {"uv": [13, 11, 14, 12], "texture": "#wall"}, "down": {"uv": [13, 11, 14, 12], "rotation": 90, "texture": "#wall"}}}, {"from": [11, 9, 0], "to": [11.5, 13, 1], "faces": {"north": {"uv": [15, 3, 16, 7], "texture": "#wall"}, "east": {"uv": [15, 3, 16, 7], "texture": "#wall"}, "south": {"uv": [15, 3, 16, 7], "texture": "#wall"}, "up": {"uv": [15, 3, 16, 4], "rotation": 270, "texture": "#wall"}, "down": {"uv": [15, 6, 16, 7], "rotation": 90, "texture": "#wall"}}}, {"from": [11, 10, 1], "to": [11.5, 12, 2], "faces": {"east": {"uv": [14, 4, 15, 6], "texture": "#wall"}, "south": {"uv": [14, 4, 15, 6], "texture": "#wall"}, "up": {"uv": [14, 4, 15, 5], "rotation": 270, "texture": "#wall"}, "down": {"uv": [14, 5, 15, 6], "rotation": 90, "texture": "#wall"}}}, {"from": [11, 5, 1], "to": [11.5, 9, 5], "faces": {"north": {"uv": [14, 7, 15, 11], "texture": "#wall"}, "east": {"uv": [11, 7, 15, 11], "texture": "#wall"}, "up": {"uv": [11, 7, 15, 8], "rotation": 270, "texture": "#wall"}, "down": {"uv": [11, 10, 15, 11], "rotation": 90, "texture": "#wall"}}}, {"from": [5, 0, -0.5], "to": [7, 1, 0], "faces": {"north": {"uv": [9, 15, 11, 16], "texture": "#wall", "cullface": "north"}, "east": {"uv": [9, 15, 10, 16], "texture": "#wall", "cullface": "north"}, "west": {"uv": [10, 15, 11, 16], "texture": "#wall", "cullface": "north"}, "up": {"uv": [9, 15, 11, 16], "rotation": 180, "texture": "#wall", "cullface": "north"}, "down": {"uv": [9, 15, 11, 16], "rotation": 180, "texture": "#wall", "cullface": "north"}}}, {"from": [9, 0, -0.5], "to": [11, 1, 0], "faces": {"north": {"uv": [5, 15, 7, 16], "texture": "#wall", "cullface": "north"}, "east": {"uv": [5, 15, 6, 16], "texture": "#wall", "cullface": "north"}, "west": {"uv": [6, 15, 7, 16], "texture": "#wall", "cullface": "north"}, "up": {"uv": [5, 15, 7, 16], "rotation": 180, "texture": "#wall", "cullface": "north"}, "down": {"uv": [5, 15, 7, 16], "rotation": 180, "texture": "#wall", "cullface": "north"}}}, {"from": [10, 3, -0.5], "to": [11, 4, 0], "faces": {"north": {"uv": [5, 12, 6, 13], "texture": "#wall", "cullface": "north"}, "east": {"uv": [5, 12, 6, 13], "texture": "#wall", "cullface": "north"}, "west": {"uv": [5, 12, 6, 13], "texture": "#wall", "cullface": "north"}, "up": {"uv": [5, 12, 6, 13], "rotation": 270, "texture": "#wall", "cullface": "north"}, "down": {"uv": [5, 12, 6, 13], "rotation": 90, "texture": "#wall", "cullface": "north"}}}, {"from": [9, 10, -0.5], "to": [11, 14, 0], "faces": {"north": {"uv": [5, 2, 7, 6], "texture": "#wall", "cullface": "north"}, "east": {"uv": [4, 2, 5, 6], "texture": "#wall", "cullface": "north"}, "west": {"uv": [6, 2, 7, 6], "texture": "#wall", "cullface": "north"}, "up": {"uv": [5, 2, 7, 3], "rotation": 270, "texture": "#wall", "cullface": "north"}, "down": {"uv": [5, 5, 7, 6], "rotation": 180, "texture": "#wall", "cullface": "north"}}}, {"from": [8, 12, -0.5], "to": [9, 13, 0], "faces": {"north": {"uv": [7, 3, 8, 4], "texture": "#wall", "cullface": "north"}, "west": {"uv": [7, 3, 8, 4], "texture": "#wall", "cullface": "north"}, "up": {"uv": [7, 3, 8, 4], "rotation": 180, "texture": "#wall", "cullface": "north"}, "down": {"uv": [7, 3, 8, 4], "rotation": 180, "texture": "#wall", "cullface": "north"}}}, {"from": [5, 12, -0.5], "to": [7, 13, 0], "faces": {"north": {"uv": [9, 3, 11, 4], "texture": "#wall", "cullface": "north"}, "east": {"uv": [9, 3, 10, 4], "texture": "#wall", "cullface": "north"}, "west": {"uv": [10, 3, 11, 4], "texture": "#wall", "cullface": "north"}, "up": {"uv": [9, 3, 11, 4], "rotation": 180, "texture": "#wall", "cullface": "north"}}}, {"from": [5, 10, -0.5], "to": [8, 12, 0], "faces": {"north": {"uv": [8, 4, 11, 6], "texture": "#wall", "cullface": "north"}, "east": {"uv": [8, 4, 9, 6], "texture": "#wall", "cullface": "north"}, "west": {"uv": [11, 4, 12, 6], "texture": "#wall", "cullface": "north"}, "up": {"uv": [8, 4, 11, 5], "rotation": 180, "texture": "#wall", "cullface": "north"}, "down": {"uv": [8, 5, 11, 6], "rotation": 180, "texture": "#wall", "cullface": "north"}}}, {"from": [6, 8, -0.5], "to": [7, 10, 0], "faces": {"north": {"uv": [9, 6, 10, 8], "texture": "#wall", "cullface": "north"}, "east": {"uv": [9, 6, 10, 8], "texture": "#wall", "cullface": "north"}, "west": {"uv": [9, 6, 10, 8], "texture": "#wall", "cullface": "north"}, "down": {"uv": [9, 7, 10, 8], "rotation": 180, "texture": "#wall", "cullface": "north"}}}, {"from": [5, 9, -0.5], "to": [6, 10, 0], "faces": {"north": {"uv": [10, 6, 11, 7], "texture": "#wall", "cullface": "north"}, "west": {"uv": [10, 6, 11, 7], "texture": "#wall", "cullface": "north"}, "down": {"uv": [10, 6, 11, 7], "rotation": 180, "texture": "#wall", "cullface": "north"}}}, {"from": [5, 6, -0.5], "to": [6, 8, 0], "faces": {"north": {"uv": [10, 8, 11, 10], "texture": "#wall", "cullface": "north"}, "east": {"uv": [10, 8, 11, 10], "texture": "#wall", "cullface": "north"}, "up": {"uv": [10, 8, 11, 9], "rotation": 180, "texture": "#wall", "cullface": "north"}, "down": {"uv": [10, 9, 11, 10], "rotation": 180, "texture": "#wall", "cullface": "north"}}}, {"from": [8, 6, -0.5], "to": [11, 7, 0], "faces": {"north": {"uv": [5, 9, 8, 10], "texture": "#wall", "cullface": "north"}, "east": {"uv": [5, 9, 6, 10], "texture": "#wall", "cullface": "north"}, "west": {"uv": [7, 9, 8, 10], "texture": "#wall", "cullface": "north"}, "down": {"uv": [5, 9, 8, 10], "rotation": 180, "texture": "#wall", "cullface": "north"}}}, {"from": [7, 7, -0.5], "to": [11, 8, 0], "faces": {"north": {"uv": [5, 8, 9, 9], "texture": "#wall", "cullface": "north"}, "east": {"uv": [4, 8, 5, 9], "texture": "#wall", "cullface": "north"}, "west": {"uv": [8, 8, 9, 9], "texture": "#wall", "cullface": "north"}, "up": {"uv": [5, 8, 9, 9], "rotation": 180, "texture": "#wall", "cullface": "north"}, "down": {"uv": [5, 8, 9, 9], "rotation": 180, "texture": "#wall", "cullface": "north"}}}, {"from": [8, 8, -0.5], "to": [11, 9, 0], "faces": {"north": {"uv": [5, 7, 8, 8], "texture": "#wall", "cullface": "north"}, "east": {"uv": [5, 7, 6, 8], "texture": "#wall", "cullface": "north"}, "west": {"uv": [7, 7, 8, 8], "texture": "#wall", "cullface": "north"}, "up": {"uv": [5, 7, 8, 8], "rotation": 180, "texture": "#wall", "cullface": "north"}}}, {"from": [9, 5, -0.5], "to": [11, 6, 0], "faces": {"north": {"uv": [5, 10, 7, 11], "texture": "#wall", "cullface": "north"}, "east": {"uv": [5, 10, 6, 11], "texture": "#wall", "cullface": "north"}, "west": {"uv": [6, 10, 7, 11], "texture": "#wall", "cullface": "north"}, "down": {"uv": [5, 10, 7, 11], "rotation": 180, "texture": "#wall", "cullface": "north"}}}, {"from": [6, 5, -0.5], "to": [8, 6, 0], "faces": {"north": {"uv": [8, 10, 10, 11], "texture": "#wall", "cullface": "north"}, "east": {"uv": [8, 10, 9, 11], "texture": "#wall", "cullface": "north"}, "west": {"uv": [9, 10, 10, 11], "texture": "#wall", "cullface": "north"}, "up": {"uv": [8, 10, 10, 11], "rotation": 180, "texture": "#wall", "cullface": "north"}}}, {"from": [5, 4, -0.5], "to": [9, 5, 0], "faces": {"north": {"uv": [7, 11, 11, 12], "texture": "#wall", "cullface": "north"}, "east": {"uv": [7, 11, 8, 12], "texture": "#wall", "cullface": "north"}, "west": {"uv": [10, 11, 11, 12], "texture": "#wall", "cullface": "north"}, "up": {"uv": [7, 11, 11, 12], "rotation": 180, "texture": "#wall", "cullface": "north"}}}, {"from": [5, 2, -0.5], "to": [10, 3, 0], "faces": {"north": {"uv": [6, 13, 11, 14], "texture": "#wall", "cullface": "north"}, "east": {"uv": [6, 13, 7, 14], "texture": "#wall", "cullface": "north"}, "west": {"uv": [10, 13, 11, 14], "texture": "#wall", "cullface": "north"}, "up": {"uv": [6, 13, 12, 14], "rotation": 180, "texture": "#wall", "cullface": "north"}, "down": {"uv": [6, 13, 11, 14], "rotation": 180, "texture": "#wall", "cullface": "north"}}}, {"from": [7, 1, -0.5], "to": [9, 2, 0], "faces": {"north": {"uv": [7, 14, 9, 15], "texture": "#wall", "cullface": "north"}, "east": {"uv": [7, 14, 8, 15], "texture": "#wall", "cullface": "north"}, "west": {"uv": [8, 14, 9, 15], "texture": "#wall", "cullface": "north"}, "down": {"uv": [7, 14, 9, 15], "rotation": 180, "texture": "#wall", "cullface": "north"}}}, {"from": [5, 3, -0.5], "to": [9, 4, 0], "faces": {"north": {"uv": [7, 12, 11, 13], "texture": "#wall", "cullface": "north"}, "east": {"uv": [7, 12, 8, 13], "texture": "#wall", "cullface": "north"}, "west": {"uv": [10, 12, 11, 13], "texture": "#wall", "cullface": "north"}}}, {"from": [4.5, 0, 1], "to": [5, 1, 2], "faces": {"south": {"uv": [1, 15, 2, 16], "texture": "#wall"}, "west": {"uv": [1, 15, 2, 16], "texture": "#wall"}, "up": {"uv": [1, 15, 2, 16], "rotation": 90, "texture": "#wall"}, "down": {"uv": [1, 15, 2, 16], "rotation": 270, "texture": "#wall"}}}, {"from": [4.5, 0, 0], "to": [5, 3, 1], "faces": {"north": {"uv": [0, 13, 1, 16], "texture": "#wall"}, "south": {"uv": [0, 13, 1, 16], "texture": "#wall"}, "west": {"uv": [0, 13, 1, 16], "texture": "#wall"}, "up": {"uv": [0, 13, 1, 14], "rotation": 90, "texture": "#wall"}, "down": {"uv": [0, 15, 1, 16], "rotation": 270, "texture": "#wall"}}}, {"from": [4.5, 1, 2], "to": [5, 2, 4], "faces": {"north": {"uv": [2, 14, 3, 15], "texture": "#wall"}, "west": {"uv": [2, 14, 4, 15], "texture": "#wall"}, "down": {"uv": [2, 14, 4, 15], "rotation": 270, "texture": "#wall"}}}, {"from": [4.5, 2, 2], "to": [5, 3, 5], "faces": {"north": {"uv": [2, 13, 3, 14], "texture": "#wall"}, "west": {"uv": [2, 13, 5, 14], "texture": "#wall"}, "up": {"uv": [2, 13, 5, 14], "rotation": 90, "texture": "#wall"}}}, {"from": [4.5, 3, 3], "to": [5, 4, 6], "faces": {"north": {"uv": [3, 12, 4, 13], "texture": "#wall"}, "west": {"uv": [3, 12, 6, 13], "texture": "#wall"}, "up": {"uv": [3, 12, 6, 13], "rotation": 90, "texture": "#wall"}}}, {"from": [4.5, 4, 0], "to": [5, 6, 3], "faces": {"north": {"uv": [0, 10, 1, 12], "texture": "#wall"}, "south": {"uv": [2, 10, 3, 12], "texture": "#wall"}, "west": {"uv": [0, 10, 3, 12], "texture": "#wall"}, "up": {"uv": [0, 10, 3, 11], "rotation": 90, "texture": "#wall"}, "down": {"uv": [0, 11, 3, 12], "rotation": 270, "texture": "#wall"}}}, {"from": [4.5, 3, 1], "to": [5, 4, 2], "faces": {"north": {"uv": [1, 12, 2, 13], "texture": "#wall"}, "south": {"uv": [1, 12, 2, 13], "texture": "#wall"}, "west": {"uv": [1, 12, 2, 13], "texture": "#wall"}, "down": {"uv": [1, 12, 2, 13], "rotation": 270, "texture": "#wall"}}}, {"from": [4.5, 7, 1], "to": [5, 8, 2], "faces": {"north": {"uv": [1, 8, 2, 9], "texture": "#wall"}, "south": {"uv": [1, 8, 2, 9], "texture": "#wall"}, "west": {"uv": [1, 8, 2, 9], "texture": "#wall"}, "down": {"uv": [1, 8, 2, 9], "rotation": 270, "texture": "#wall"}}}, {"from": [4.5, 8, 0], "to": [5, 9, 4], "faces": {"north": {"uv": [0, 7, 1, 8], "texture": "#wall"}, "west": {"uv": [0, 7, 4, 8], "texture": "#wall"}, "up": {"uv": [0, 7, 4, 8], "rotation": 90, "texture": "#wall"}, "down": {"uv": [0, 7, 4, 8], "rotation": 270, "texture": "#wall"}}}, {"from": [4.5, 9, 0], "to": [5, 10, 3], "faces": {"north": {"uv": [0, 6, 1, 7], "texture": "#wall"}, "south": {"uv": [2, 6, 3, 7], "texture": "#wall"}, "west": {"uv": [0, 6, 3, 7], "texture": "#wall"}, "up": {"uv": [0, 6, 3, 7], "rotation": 90, "texture": "#wall"}}}, {"from": [4.5, 10, 0], "to": [5, 11, 2], "faces": {"north": {"uv": [0, 5, 1, 6], "texture": "#wall"}, "south": {"uv": [1, 5, 2, 6], "texture": "#wall"}, "west": {"uv": [0, 5, 2, 6], "texture": "#wall"}, "up": {"uv": [0, 5, 2, 6], "rotation": 90, "texture": "#wall"}}}, {"from": [4.5, 11, 0], "to": [5, 13, 1], "faces": {"north": {"uv": [0, 3, 1, 5], "texture": "#wall"}, "south": {"uv": [0, 3, 1, 5], "texture": "#wall"}, "west": {"uv": [0, 3, 1, 5], "texture": "#wall"}, "up": {"uv": [0, 3, 1, 4], "rotation": 90, "texture": "#wall"}}}, {"from": [4.5, 11, 2], "to": [5, 13, 7], "faces": {"north": {"uv": [2, 3, 3, 5], "texture": "#wall"}, "west": {"uv": [2, 3, 7, 5], "texture": "#wall"}, "up": {"uv": [2, 3, 7, 4], "rotation": 90, "texture": "#wall"}, "down": {"uv": [2, 4, 7, 5], "rotation": 270, "texture": "#wall"}}}, {"from": [4.5, 6, 3], "to": [5, 7, 8], "faces": {"north": {"uv": [3, 9, 4, 10], "texture": "#wall"}, "west": {"uv": [3, 9, 8, 10], "texture": "#wall"}, "up": {"uv": [3, 9, 8, 10], "rotation": 90, "texture": "#wall"}, "down": {"uv": [3, 9, 8, 10], "rotation": 270, "texture": "#wall"}}}, {"from": [5, 14, 2], "to": [7, 14.5, 6], "rotation": {"angle": 0, "axis": "x", "origin": [8, 6, 8]}, "faces": {"north": {"uv": [5, 2, 7, 3], "rotation": 180, "texture": "#wall"}, "east": {"uv": [6, 2, 7, 6], "rotation": 90, "texture": "#wall"}, "west": {"uv": [5, 2, 6, 6], "rotation": 270, "texture": "#wall"}, "up": {"uv": [5.01, 2, 7.01, 6], "texture": "#wall"}}}, {"from": [7, 14, 3], "to": [8, 14.5, 4], "rotation": {"angle": 0, "axis": "x", "origin": [8, 6, 8]}, "faces": {"north": {"uv": [7, 3, 8, 4], "rotation": 180, "texture": "#wall"}, "east": {"uv": [7, 3, 8, 4], "rotation": 90, "texture": "#wall"}, "up": {"uv": [7, 3, 8, 4], "texture": "#wall"}}}, {"from": [9, 14, 3], "to": [11, 14.5, 4], "rotation": {"angle": 0, "axis": "x", "origin": [8, 6, 8]}, "faces": {"north": {"uv": [9, 3, 12, 4], "rotation": 180, "texture": "#wall"}, "east": {"uv": [11, 3, 12, 4], "rotation": 90, "texture": "#wall"}, "west": {"uv": [9, 3, 10, 4], "rotation": 270, "texture": "#wall"}, "up": {"uv": [9, 3, 12, 4], "texture": "#wall"}}}, {"from": [8, 14, 1], "to": [11, 14.5, 2], "rotation": {"angle": 0, "axis": "x", "origin": [8, 6, 8]}, "faces": {"east": {"uv": [10, 1, 11, 2], "rotation": 90, "texture": "#wall"}, "south": {"uv": [8, 1, 11, 2], "texture": "#wall"}, "west": {"uv": [8, 1, 9, 2], "rotation": 270, "texture": "#wall"}, "up": {"uv": [8, 1, 11, 2], "texture": "#wall"}}}, {"from": [5, 14, 0], "to": [11, 14.5, 1], "rotation": {"angle": 0, "axis": "x", "origin": [8, 6, 8]}, "faces": {"north": {"uv": [5, 0, 11, 1], "rotation": 180, "texture": "#wall"}, "east": {"uv": [10, 0, 11, 1], "rotation": 90, "texture": "#wall"}, "south": {"uv": [5, 0, 11, 1], "texture": "#wall"}, "west": {"uv": [5, 0, 6, 1], "rotation": 270, "texture": "#wall"}, "up": {"uv": [5, 0, 11, 1], "texture": "#wall"}}}, {"from": [5, -0.5, 2], "to": [7, 0, 6], "rotation": {"angle": 0, "axis": "x", "origin": [8, 8, 0]}, "faces": {"north": {"uv": [5, 5, 7, 6], "rotation": 180, "texture": "#wall", "cullface": "down"}, "east": {"uv": [6, 2, 7, 6], "rotation": 270, "texture": "#wall", "cullface": "down"}, "south": {"uv": [5, 2, 7, 3], "texture": "#wall", "cullface": "down"}, "west": {"uv": [5, 2, 6, 6], "rotation": 90, "texture": "#wall", "cullface": "down"}, "down": {"uv": [5.01, 2, 7.01, 6], "texture": "#wall", "cullface": "down"}}}, {"from": [7, -0.5, 4], "to": [8, 0, 5], "rotation": {"angle": 0, "axis": "x", "origin": [8, 8, 0]}, "faces": {"north": {"uv": [7, 3, 8, 4], "rotation": 180, "texture": "#wall", "cullface": "down"}, "east": {"uv": [7, 3, 8, 4], "rotation": 270, "texture": "#wall", "cullface": "down"}, "south": {"uv": [7, 3, 8, 4], "texture": "#wall", "cullface": "down"}, "down": {"uv": [7, 3, 8, 4], "texture": "#wall", "cullface": "down"}}}, {"from": [9, -0.5, 4], "to": [11, 0, 5], "rotation": {"angle": 0, "axis": "x", "origin": [8, 8, 0]}, "faces": {"east": {"uv": [11, 3, 12, 4], "rotation": 270, "texture": "#wall", "cullface": "down"}, "south": {"uv": [9, 3, 12, 4], "texture": "#wall", "cullface": "down"}, "west": {"uv": [9, 3, 10, 4], "rotation": 90, "texture": "#wall", "cullface": "down"}, "down": {"uv": [9, 3, 12, 4], "texture": "#wall", "cullface": "down"}}}, {"from": [8, -0.5, 2], "to": [11, 0, 4], "rotation": {"angle": 0, "axis": "x", "origin": [8, 8, 0]}, "faces": {"north": {"uv": [8, 5, 11, 6], "rotation": 180, "texture": "#wall", "cullface": "down"}, "east": {"uv": [12, 4, 13, 6], "rotation": 270, "texture": "#wall", "cullface": "down"}, "south": {"uv": [8, 4, 13, 5], "texture": "#wall", "cullface": "down"}, "west": {"uv": [8, 4, 9, 6], "rotation": 90, "texture": "#wall", "cullface": "down"}, "down": {"uv": [8, 4.01, 11, 6.01], "texture": "#wall", "cullface": "down"}}}, {"from": [9, -0.5, 0], "to": [10, 0, 2], "rotation": {"angle": 0, "axis": "x", "origin": [8, 8, 0]}, "faces": {"north": {"uv": [9, 7, 10, 8], "rotation": 180, "texture": "#wall", "cullface": "down"}, "east": {"uv": [9, 6, 10, 8], "rotation": 270, "texture": "#wall", "cullface": "down"}, "west": {"uv": [9, 6, 10, 8], "rotation": 90, "texture": "#wall", "cullface": "down"}, "down": {"uv": [9, 6, 10, 8], "texture": "#wall", "cullface": "down"}}}, {"from": [10, -0.5, 1], "to": [11, 0, 2], "rotation": {"angle": 0, "axis": "x", "origin": [8, 8, 0]}, "faces": {"north": {"uv": [10, 6, 11, 7], "rotation": 180, "texture": "#wall", "cullface": "down"}, "east": {"uv": [10, 6, 11, 7], "rotation": 270, "texture": "#wall", "cullface": "down"}, "down": {"uv": [10, 6, 11, 7], "texture": "#wall", "cullface": "down"}}}, {"from": [5, -0.5, 0], "to": [8, 0, 1], "rotation": {"angle": 0, "axis": "x", "origin": [8, 8, 0]}, "faces": {"north": {"uv": [5, 7, 8, 8], "rotation": 180, "texture": "#wall", "cullface": "down"}, "east": {"uv": [7, 7, 8, 8], "rotation": 270, "texture": "#wall", "cullface": "down"}, "south": {"uv": [5, 7, 8, 8], "texture": "#wall", "cullface": "down"}, "west": {"uv": [5, 7, 6, 8], "rotation": 90, "texture": "#wall", "cullface": "down"}, "down": {"uv": [5, 7, 8, 8], "texture": "#wall", "cullface": "down"}}}, {"from": [8, -0.5, 6], "to": [11, 0, 7], "rotation": {"angle": 0, "axis": "x", "origin": [8, 8, 0]}, "faces": {"north": {"uv": [8, 1, 11, 2], "rotation": 180, "texture": "#wall", "cullface": "down"}, "east": {"uv": [10, 1, 11, 2], "rotation": 270, "texture": "#wall", "cullface": "down"}, "west": {"uv": [8, 1, 9, 2], "rotation": 90, "texture": "#wall", "cullface": "down"}, "down": {"uv": [8, 1, 11, 2], "texture": "#wall", "cullface": "down"}}}, {"from": [5, -0.5, 7], "to": [11, 0, 8], "rotation": {"angle": 0, "axis": "x", "origin": [8, 8, 0]}, "faces": {"north": {"uv": [5, 0, 11, 1], "rotation": 180, "texture": "#wall", "cullface": "down"}, "east": {"uv": [10, 0, 11, 1], "rotation": 270, "texture": "#wall", "cullface": "down"}, "south": {"uv": [5, 0, 11, 1], "texture": "#wall", "cullface": "down"}, "west": {"uv": [5, 0, 6, 1], "rotation": 90, "texture": "#wall", "cullface": "down"}, "down": {"uv": [5, 0, 11, 1], "texture": "#wall", "cullface": "down"}}}, {"name": "wall", "from": [5, 0, 0], "to": [11, 14, 16], "faces": {"north": {"uv": [5, 2, 11, 16], "texture": "#wall"}, "east": {"uv": [0, 2, 16, 16], "texture": "#wall"}, "south": {"uv": [5, 2, 11, 16], "texture": "#wall", "cullface": "south"}, "west": {"uv": [0, 2, 16, 16], "texture": "#wall"}, "up": {"uv": [5, 0, 11, 16], "texture": "#wall"}, "down": {"uv": [5, 0, 11, 16], "texture": "#wall", "cullface": "down"}}}, {"from": [4.5, 2, 13], "to": [5, 3, 14], "faces": {"north": {"uv": [13, 13, 14, 14], "texture": "#wall"}, "west": {"uv": [13, 13, 14, 14], "texture": "#wall"}, "up": {"uv": [13, 13, 14, 14], "rotation": 90, "texture": "#wall"}, "down": {"uv": [13, 13, 14, 14], "rotation": 270, "texture": "#wall"}}}, {"from": [4.5, 0, 9], "to": [5, 1, 14], "faces": {"south": {"uv": [13, 15, 14, 16], "texture": "#wall"}, "west": {"uv": [9, 15, 14, 16], "texture": "#wall"}, "up": {"uv": [9, 15, 14, 16], "rotation": 90, "texture": "#wall"}, "down": {"uv": [9, 15, 14, 16], "rotation": 270, "texture": "#wall"}}}, {"from": [4.5, 10, 8], "to": [5, 12, 13], "faces": {"south": {"uv": [12, 4, 13, 6], "texture": "#wall"}, "west": {"uv": [8, 4, 13, 6], "texture": "#wall"}, "up": {"uv": [8, 4, 13, 5], "rotation": 90, "texture": "#wall"}, "down": {"uv": [8, 5, 13, 6], "rotation": 270, "texture": "#wall"}}}, {"from": [4.5, 6, 15], "to": [5, 7, 16], "faces": {"south": {"uv": [15, 9, 16, 10], "texture": "#wall"}, "west": {"uv": [15, 9, 16, 10], "texture": "#wall"}, "up": {"uv": [15, 9, 16, 10], "rotation": 90, "texture": "#wall"}, "down": {"uv": [15, 9, 16, 10], "rotation": 270, "texture": "#wall"}}}, {"from": [4.5, 3, 8], "to": [5, 4, 13], "faces": {"south": {"uv": [12, 12, 13, 13], "texture": "#wall"}, "west": {"uv": [8, 12, 13, 13], "texture": "#wall"}, "up": {"uv": [8, 12, 13, 13], "rotation": 90, "texture": "#wall"}, "down": {"uv": [8, 12, 13, 13], "rotation": 270, "texture": "#wall"}}}, {"from": [4.5, 1, 14], "to": [5, 4, 16], "faces": {"north": {"uv": [14, 12, 15, 15], "texture": "#wall"}, "south": {"uv": [15, 12, 16, 15], "texture": "#wall"}, "west": {"uv": [14, 12, 16, 15], "texture": "#wall"}, "up": {"uv": [14, 12, 16, 13], "rotation": 90, "texture": "#wall"}, "down": {"uv": [14, 14, 16, 15], "rotation": 270, "texture": "#wall"}}}, {"from": [4.5, 4, 13], "to": [5, 5, 14], "faces": {"north": {"uv": [13, 11, 14, 12], "texture": "#wall"}, "south": {"uv": [13, 11, 14, 12], "texture": "#wall"}, "west": {"uv": [13, 11, 14, 12], "texture": "#wall"}, "down": {"uv": [13, 11, 14, 12], "rotation": 270, "texture": "#wall"}}}, {"from": [4.5, 9, 15], "to": [5, 13, 16], "faces": {"north": {"uv": [15, 3, 16, 7], "texture": "#wall"}, "south": {"uv": [15, 3, 16, 7], "texture": "#wall"}, "west": {"uv": [15, 3, 16, 7], "texture": "#wall"}, "up": {"uv": [15, 3, 16, 4], "rotation": 90, "texture": "#wall"}, "down": {"uv": [15, 6, 16, 7], "rotation": 270, "texture": "#wall"}}}, {"from": [4.5, 10, 14], "to": [5, 12, 15], "faces": {"north": {"uv": [14, 4, 15, 6], "texture": "#wall"}, "west": {"uv": [14, 4, 15, 6], "texture": "#wall"}, "up": {"uv": [14, 4, 15, 5], "rotation": 90, "texture": "#wall"}, "down": {"uv": [14, 5, 15, 6], "rotation": 270, "texture": "#wall"}}}, {"from": [4.5, 5, 11], "to": [5, 9, 15], "faces": {"south": {"uv": [14, 7, 15, 11], "texture": "#wall"}, "west": {"uv": [11, 7, 15, 11], "texture": "#wall"}, "up": {"uv": [11, 7, 15, 8], "rotation": 90, "texture": "#wall"}, "down": {"uv": [11, 10, 15, 11], "rotation": 270, "texture": "#wall"}}}, {"from": [9, 0, 16], "to": [11, 1, 16.5], "faces": {"east": {"uv": [10, 14, 11, 15], "texture": "#wall", "cullface": "south"}, "south": {"uv": [9, 15, 11, 16], "texture": "#wall", "cullface": "south"}, "west": {"uv": [9, 15, 10, 16], "texture": "#wall", "cullface": "south"}, "up": {"uv": [9, 15, 11, 16], "texture": "#wall", "cullface": "south"}, "down": {"uv": [9, 15, 11, 16], "texture": "#wall", "cullface": "south"}}}, {"from": [5, 0, 16], "to": [7, 1, 16.5], "faces": {"east": {"uv": [10, 14, 11, 15], "texture": "#wall", "cullface": "south"}, "south": {"uv": [5, 15, 7, 16], "texture": "#wall", "cullface": "south"}, "west": {"uv": [5, 15, 6, 16], "texture": "#wall", "cullface": "south"}, "up": {"uv": [5, 15, 7, 16], "texture": "#wall", "cullface": "south"}, "down": {"uv": [5, 15, 7, 16], "texture": "#wall", "cullface": "south"}}}, {"from": [5, 3, 16], "to": [6, 4, 16.5], "faces": {"east": {"uv": [10, 14, 11, 15], "texture": "#wall", "cullface": "south"}, "south": {"uv": [5, 12, 6, 13], "texture": "#wall", "cullface": "south"}, "west": {"uv": [5, 12, 6, 13], "texture": "#wall", "cullface": "south"}, "up": {"uv": [5, 12, 6, 13], "rotation": 90, "texture": "#wall", "cullface": "south"}, "down": {"uv": [5, 12, 6, 13], "rotation": 270, "texture": "#wall", "cullface": "south"}}}, {"from": [5, 10, 16], "to": [7, 14, 16.5], "faces": {"east": {"uv": [10, 14, 11, 15], "texture": "#wall", "cullface": "south"}, "south": {"uv": [5, 2, 7, 6], "texture": "#wall", "cullface": "south"}, "west": {"uv": [4, 2, 5, 6], "texture": "#wall", "cullface": "south"}, "up": {"uv": [5, 2, 7, 3], "rotation": 90, "texture": "#wall", "cullface": "south"}, "down": {"uv": [5, 5, 7, 6], "texture": "#wall", "cullface": "south"}}}, {"from": [7, 12, 16], "to": [8, 13, 16.5], "faces": {"east": {"uv": [10, 14, 11, 15], "texture": "#wall", "cullface": "south"}, "south": {"uv": [7, 3, 8, 4], "texture": "#wall", "cullface": "south"}, "up": {"uv": [7, 3, 8, 4], "texture": "#wall", "cullface": "south"}, "down": {"uv": [7, 3, 8, 4], "texture": "#wall", "cullface": "south"}}}, {"from": [9, 12, 16], "to": [11, 13, 16.5], "faces": {"east": {"uv": [10, 14, 11, 15], "texture": "#wall", "cullface": "south"}, "south": {"uv": [9, 3, 11, 4], "texture": "#wall", "cullface": "south"}, "west": {"uv": [9, 3, 10, 4], "texture": "#wall", "cullface": "south"}, "up": {"uv": [9, 3, 11, 4], "texture": "#wall", "cullface": "south"}}}, {"from": [8, 10, 16], "to": [11, 12, 16.5], "faces": {"east": {"uv": [10, 14, 11, 15], "texture": "#wall", "cullface": "south"}, "south": {"uv": [8, 4, 11, 6], "texture": "#wall", "cullface": "south"}, "west": {"uv": [8, 4, 9, 6], "texture": "#wall", "cullface": "south"}, "up": {"uv": [8, 4, 11, 5], "texture": "#wall", "cullface": "south"}, "down": {"uv": [8, 5, 11, 6], "texture": "#wall", "cullface": "south"}}}, {"from": [9, 8, 16], "to": [10, 10, 16.5], "faces": {"east": {"uv": [10, 14, 11, 15], "texture": "#wall", "cullface": "south"}, "south": {"uv": [9, 6, 10, 8], "texture": "#wall", "cullface": "south"}, "west": {"uv": [9, 6, 10, 8], "texture": "#wall", "cullface": "south"}, "down": {"uv": [9, 7, 10, 8], "texture": "#wall", "cullface": "south"}}}, {"from": [10, 9, 16], "to": [11, 10, 16.5], "faces": {"east": {"uv": [10, 14, 11, 15], "texture": "#wall", "cullface": "south"}, "south": {"uv": [10, 6, 11, 7], "texture": "#wall", "cullface": "south"}, "down": {"uv": [10, 6, 11, 7], "texture": "#wall", "cullface": "south"}}}, {"from": [10, 6, 16], "to": [11, 8, 16.5], "faces": {"south": {"uv": [10, 8, 11, 10], "texture": "#wall", "cullface": "south"}, "west": {"uv": [10, 8, 11, 10], "texture": "#wall", "cullface": "south"}, "up": {"uv": [10, 8, 11, 9], "texture": "#wall", "cullface": "south"}, "down": {"uv": [10, 9, 11, 10], "texture": "#wall", "cullface": "south"}}}, {"from": [5, 6, 16], "to": [8, 7, 16.5], "faces": {"east": {"uv": [10, 14, 11, 15], "texture": "#wall", "cullface": "south"}, "south": {"uv": [5, 9, 8, 10], "texture": "#wall", "cullface": "south"}, "west": {"uv": [5, 9, 6, 10], "texture": "#wall", "cullface": "south"}, "down": {"uv": [5, 9, 8, 10], "texture": "#wall", "cullface": "south"}}}, {"from": [5, 7, 16], "to": [9, 8, 16.5], "faces": {"east": {"uv": [10, 14, 11, 15], "texture": "#wall", "cullface": "south"}, "south": {"uv": [5, 8, 9, 9], "texture": "#wall", "cullface": "south"}, "west": {"uv": [4, 8, 5, 9], "texture": "#wall", "cullface": "south"}, "up": {"uv": [5, 8, 9, 9], "texture": "#wall", "cullface": "south"}, "down": {"uv": [5, 8, 9, 9], "texture": "#wall", "cullface": "south"}}}, {"from": [5, 8, 16], "to": [8, 9, 16.5], "faces": {"east": {"uv": [10, 14, 11, 15], "texture": "#wall", "cullface": "south"}, "south": {"uv": [5, 7, 8, 8], "texture": "#wall", "cullface": "south"}, "west": {"uv": [5, 7, 6, 8], "texture": "#wall", "cullface": "south"}, "up": {"uv": [5, 7, 8, 8], "texture": "#wall", "cullface": "south"}}}, {"from": [5, 5, 16], "to": [7, 6, 16.5], "faces": {"east": {"uv": [10, 14, 11, 15], "texture": "#wall", "cullface": "south"}, "south": {"uv": [5, 10, 7, 11], "texture": "#wall", "cullface": "south"}, "west": {"uv": [5, 10, 6, 11], "texture": "#wall", "cullface": "south"}, "down": {"uv": [5, 10, 7, 11], "texture": "#wall", "cullface": "south"}}}, {"from": [8, 5, 16], "to": [10, 6, 16.5], "faces": {"east": {"uv": [10, 14, 11, 15], "texture": "#wall", "cullface": "south"}, "south": {"uv": [8, 10, 10, 11], "texture": "#wall", "cullface": "south"}, "west": {"uv": [8, 10, 9, 11], "texture": "#wall", "cullface": "south"}, "up": {"uv": [8, 10, 10, 11], "texture": "#wall", "cullface": "south"}}}, {"from": [7, 4, 16], "to": [11, 5, 16.5], "faces": {"east": {"uv": [10, 14, 11, 15], "texture": "#wall", "cullface": "south"}, "south": {"uv": [7, 11, 11, 12], "texture": "#wall", "cullface": "south"}, "west": {"uv": [7, 11, 8, 12], "texture": "#wall", "cullface": "south"}, "up": {"uv": [7, 11, 11, 12], "texture": "#wall", "cullface": "south"}}}, {"from": [6, 2, 16], "to": [11, 3, 16.5], "faces": {"east": {"uv": [10, 14, 11, 15], "texture": "#wall", "cullface": "south"}, "south": {"uv": [6, 13, 11, 14], "texture": "#wall", "cullface": "south"}, "west": {"uv": [6, 13, 7, 14], "texture": "#wall", "cullface": "south"}, "up": {"uv": [6, 13, 12, 14], "texture": "#wall", "cullface": "south"}, "down": {"uv": [6, 13, 11, 14], "texture": "#wall", "cullface": "south"}}}, {"from": [7, 1, 16], "to": [9, 2, 16.5], "faces": {"east": {"uv": [10, 14, 11, 15], "texture": "#wall", "cullface": "south"}, "south": {"uv": [7, 14, 9, 15], "texture": "#wall", "cullface": "south"}, "west": {"uv": [7, 14, 8, 15], "texture": "#wall", "cullface": "south"}, "down": {"uv": [7, 14, 9, 15], "texture": "#wall", "cullface": "south"}}}, {"from": [7, 3, 16], "to": [11, 4, 16.5], "faces": {"east": {"uv": [10, 14, 11, 15], "texture": "#wall", "cullface": "south"}, "south": {"uv": [7, 12, 11, 13], "texture": "#wall", "cullface": "south"}, "west": {"uv": [7, 12, 8, 13], "texture": "#wall", "cullface": "south"}}}, {"from": [11, 0, 14], "to": [11.5, 1, 15], "faces": {"north": {"uv": [1, 15, 2, 16], "texture": "#wall"}, "east": {"uv": [1, 15, 2, 16], "texture": "#wall"}, "up": {"uv": [1, 15, 2, 16], "rotation": 270, "texture": "#wall"}, "down": {"uv": [1, 15, 2, 16], "rotation": 90, "texture": "#wall"}}}, {"from": [11, 0, 15], "to": [11.5, 3, 16], "faces": {"north": {"uv": [0, 13, 1, 16], "texture": "#wall"}, "east": {"uv": [0, 13, 1, 16], "texture": "#wall"}, "south": {"uv": [0, 13, 1, 16], "texture": "#wall"}, "up": {"uv": [0, 13, 1, 14], "rotation": 270, "texture": "#wall"}, "down": {"uv": [0, 15, 1, 16], "rotation": 90, "texture": "#wall"}}}, {"from": [11, 1, 12], "to": [11.5, 2, 14], "faces": {"east": {"uv": [2, 14, 4, 15], "texture": "#wall"}, "south": {"uv": [2, 14, 3, 15], "texture": "#wall"}, "down": {"uv": [2, 14, 4, 15], "rotation": 90, "texture": "#wall"}}}, {"from": [11, 2, 11], "to": [11.5, 3, 14], "faces": {"east": {"uv": [2, 13, 5, 14], "texture": "#wall"}, "south": {"uv": [2, 13, 3, 14], "texture": "#wall"}, "up": {"uv": [2, 13, 5, 14], "rotation": 270, "texture": "#wall"}}}, {"from": [11, 3, 10], "to": [11.5, 4, 13], "faces": {"east": {"uv": [3, 12, 6, 13], "texture": "#wall"}, "south": {"uv": [3, 12, 4, 13], "texture": "#wall"}, "up": {"uv": [3, 12, 6, 13], "rotation": 270, "texture": "#wall"}}}, {"from": [11, 4, 13], "to": [11.5, 6, 16], "faces": {"north": {"uv": [2, 10, 3, 12], "texture": "#wall"}, "east": {"uv": [0, 10, 3, 12], "texture": "#wall"}, "south": {"uv": [0, 10, 1, 12], "texture": "#wall"}, "up": {"uv": [0, 10, 3, 11], "rotation": 270, "texture": "#wall"}, "down": {"uv": [0, 11, 3, 12], "rotation": 90, "texture": "#wall"}}}, {"from": [11, 3, 14], "to": [11.5, 4, 15], "faces": {"north": {"uv": [1, 12, 2, 13], "texture": "#wall"}, "east": {"uv": [1, 12, 2, 13], "texture": "#wall"}, "south": {"uv": [1, 12, 2, 13], "texture": "#wall"}, "down": {"uv": [1, 12, 2, 13], "rotation": 90, "texture": "#wall"}}}, {"from": [11, 7, 14], "to": [11.5, 8, 15], "faces": {"north": {"uv": [1, 8, 2, 9], "texture": "#wall"}, "east": {"uv": [1, 8, 2, 9], "texture": "#wall"}, "south": {"uv": [1, 8, 2, 9], "texture": "#wall"}, "down": {"uv": [1, 8, 2, 9], "rotation": 90, "texture": "#wall"}}}, {"from": [11, 8, 12], "to": [11.5, 9, 16], "faces": {"east": {"uv": [0, 7, 4, 8], "texture": "#wall"}, "south": {"uv": [0, 7, 1, 8], "texture": "#wall"}, "up": {"uv": [0, 7, 4, 8], "rotation": 270, "texture": "#wall"}, "down": {"uv": [0, 7, 4, 8], "rotation": 90, "texture": "#wall"}}}, {"from": [11, 9, 13], "to": [11.5, 10, 16], "faces": {"north": {"uv": [2, 6, 3, 7], "texture": "#wall"}, "east": {"uv": [0, 6, 3, 7], "texture": "#wall"}, "south": {"uv": [0, 6, 1, 7], "texture": "#wall"}, "up": {"uv": [0, 6, 3, 7], "rotation": 270, "texture": "#wall"}}}, {"from": [11, 10, 14], "to": [11.5, 11, 16], "faces": {"north": {"uv": [1, 5, 2, 6], "texture": "#wall"}, "east": {"uv": [0, 5, 2, 6], "texture": "#wall"}, "south": {"uv": [0, 5, 1, 6], "texture": "#wall"}, "up": {"uv": [0, 5, 2, 6], "rotation": 270, "texture": "#wall"}}}, {"from": [11, 11, 15], "to": [11.5, 13, 16], "faces": {"north": {"uv": [0, 3, 1, 5], "texture": "#wall"}, "east": {"uv": [0, 3, 1, 5], "texture": "#wall"}, "south": {"uv": [0, 3, 1, 5], "texture": "#wall"}, "up": {"uv": [0, 3, 1, 4], "rotation": 270, "texture": "#wall"}}}, {"from": [11, 11, 9], "to": [11.5, 13, 14], "faces": {"east": {"uv": [2, 3, 7, 5], "texture": "#wall"}, "south": {"uv": [2, 3, 3, 5], "texture": "#wall"}, "up": {"uv": [2, 3, 7, 4], "rotation": 270, "texture": "#wall"}, "down": {"uv": [2, 4, 7, 5], "rotation": 90, "texture": "#wall"}}}, {"from": [11, 6, 8], "to": [11.5, 7, 13], "faces": {"east": {"uv": [3, 9, 8, 10], "texture": "#wall"}, "south": {"uv": [3, 9, 4, 10], "texture": "#wall"}, "up": {"uv": [3, 9, 8, 10], "rotation": 270, "texture": "#wall"}, "down": {"uv": [3, 9, 8, 10], "rotation": 90, "texture": "#wall"}}}, {"from": [9, 14, 15], "to": [11, 14.5, 16], "rotation": {"angle": 0, "axis": "x", "origin": [8, 6, 8]}, "faces": {"north": {"uv": [9, 15, 11, 16], "rotation": 180, "texture": "#wall"}, "east": {"uv": [10, 15, 11, 16], "rotation": 90, "texture": "#wall"}, "south": {"uv": [9, 15, 11, 16], "texture": "#wall"}, "west": {"uv": [9, 15, 10, 16], "rotation": 270, "texture": "#wall"}, "up": {"uv": [9, 14.99, 11, 15.99], "texture": "#wall"}}}, {"from": [5, 14, 15], "to": [7, 14.5, 16], "rotation": {"angle": 0, "axis": "x", "origin": [8, 6, 8]}, "faces": {"north": {"uv": [5, 15, 7, 16], "rotation": 180, "texture": "#wall"}, "east": {"uv": [6, 15, 7, 16], "rotation": 90, "texture": "#wall"}, "south": {"uv": [5, 15, 7, 16], "texture": "#wall"}, "west": {"uv": [5, 15, 6, 16], "rotation": 270, "texture": "#wall"}, "up": {"uv": [5, 15, 7, 16], "texture": "#wall"}}}, {"from": [5, 14, 12], "to": [6, 14.5, 13], "rotation": {"angle": 0, "axis": "x", "origin": [8, 6, 8]}, "faces": {"east": {"uv": [5, 12, 6, 13], "texture": "#wall"}, "south": {"uv": [5, 12, 6, 13], "texture": "#wall"}, "west": {"uv": [5, 12, 6, 13], "texture": "#wall"}, "up": {"uv": [5, 12, 6, 13], "texture": "#wall"}}}, {"from": [7, 14, 11], "to": [11, 14.5, 13], "rotation": {"angle": 0, "axis": "x", "origin": [8, 6, 8]}, "faces": {"east": {"uv": [10, 11, 11, 13], "rotation": 90, "texture": "#wall"}, "west": {"uv": [7, 11, 8, 13], "rotation": 270, "texture": "#wall"}, "up": {"uv": [6.99, 11, 10.99, 13], "texture": "#wall"}}}, {"from": [6, 14, 13], "to": [11, 14.5, 14], "rotation": {"angle": 0, "axis": "x", "origin": [8, 6, 8]}, "faces": {"north": {"uv": [6, 13, 11, 14], "rotation": 180, "texture": "#wall"}, "east": {"uv": [10, 13, 11, 14], "rotation": 90, "texture": "#wall"}, "south": {"uv": [6, 13, 11, 14], "texture": "#wall"}, "west": {"uv": [6, 13, 7, 14], "rotation": 270, "texture": "#wall"}, "up": {"uv": [6, 13.01, 11, 13.99], "texture": "#wall"}}}, {"from": [7, 14, 14], "to": [9, 14.5, 15], "rotation": {"angle": 0, "axis": "x", "origin": [8, 6, 8]}, "faces": {"east": {"uv": [8, 14, 9, 15], "rotation": 90, "texture": "#wall"}, "south": {"uv": [7, 14, 9, 15], "texture": "#wall"}, "west": {"uv": [7, 14, 8, 15], "rotation": 270, "texture": "#wall"}, "up": {"uv": [7, 14, 9, 15], "texture": "#wall"}}}, {"from": [9, -0.5, 8], "to": [11, 0, 9], "rotation": {"angle": 0, "axis": "x", "origin": [8, 8, 16]}, "faces": {"east": {"uv": [10, 15, 11, 16], "rotation": 270, "texture": "#wall", "cullface": "down"}, "south": {"uv": [9, 15, 11, 16], "texture": "#wall", "cullface": "down"}, "west": {"uv": [9, 15, 10, 16], "rotation": 90, "texture": "#wall", "cullface": "down"}, "down": {"uv": [9, 14.99, 11, 15.99], "texture": "#wall", "cullface": "down"}}}, {"from": [5, -0.5, 8], "to": [7, 0, 9], "rotation": {"angle": 0, "axis": "x", "origin": [8, 8, 16]}, "faces": {"east": {"uv": [6, 15, 7, 16], "rotation": 270, "texture": "#wall", "cullface": "down"}, "south": {"uv": [5, 15, 7, 16], "texture": "#wall", "cullface": "down"}, "west": {"uv": [5, 15, 6, 16], "rotation": 90, "texture": "#wall", "cullface": "down"}, "down": {"uv": [5, 15, 7, 16], "texture": "#wall", "cullface": "down"}}}, {"from": [5, -0.5, 11], "to": [6, 0, 12], "rotation": {"angle": 0, "axis": "x", "origin": [8, 8, 16]}, "faces": {"north": {"uv": [5, 12, 6, 13], "rotation": 180, "texture": "#wall", "cullface": "down"}, "east": {"uv": [5, 12, 6, 13], "rotation": 180, "texture": "#wall", "cullface": "down"}, "south": {"uv": [5, 12, 6, 13], "rotation": 180, "texture": "#wall", "cullface": "down"}, "west": {"uv": [5, 12, 6, 13], "rotation": 180, "texture": "#wall", "cullface": "down"}, "down": {"uv": [5, 12, 6, 13], "texture": "#wall", "cullface": "down"}}}, {"from": [10, -0.5, 14], "to": [11, 0, 16], "rotation": {"angle": 0, "axis": "x", "origin": [8, 8, 16]}, "faces": {"north": {"uv": [10, 9, 11, 10], "rotation": 180, "texture": "#wall", "cullface": "down"}, "east": {"uv": [10, 8, 11, 10], "rotation": 270, "texture": "#wall", "cullface": "down"}, "south": {"uv": [10, 8, 11, 9], "texture": "#wall", "cullface": "down"}, "west": {"uv": [10, 8, 11, 10], "rotation": 90, "texture": "#wall", "cullface": "down"}, "down": {"uv": [10, 8, 11, 10], "texture": "#wall", "cullface": "down"}}}, {"from": [5, -0.5, 14], "to": [8, 0, 15], "rotation": {"angle": 0, "axis": "x", "origin": [8, 8, 16]}, "faces": {"north": {"uv": [5, 9, 8, 10], "rotation": 180, "texture": "#wall", "cullface": "down"}, "east": {"uv": [7, 9, 8, 10], "rotation": 270, "texture": "#wall", "cullface": "down"}, "west": {"uv": [5, 9, 6, 10], "rotation": 90, "texture": "#wall", "cullface": "down"}, "down": {"uv": [5, 9, 8, 10], "texture": "#wall", "cullface": "down"}}}, {"from": [5, -0.5, 15], "to": [9, 0, 16], "rotation": {"angle": 0, "axis": "x", "origin": [8, 8, 16]}, "faces": {"north": {"uv": [4, 8, 9, 9], "rotation": 180, "texture": "#wall", "cullface": "down"}, "east": {"uv": [8, 8, 9, 9], "rotation": 270, "texture": "#wall", "cullface": "down"}, "south": {"uv": [5, 8, 9, 9], "texture": "#wall", "cullface": "down"}, "west": {"uv": [5, 8, 6, 9], "rotation": 90, "texture": "#wall", "cullface": "down"}, "down": {"uv": [5.01, 8, 9.01, 9], "texture": "#wall", "cullface": "down"}}}, {"from": [5, -0.5, 13], "to": [7, 0, 14], "rotation": {"angle": 0, "axis": "x", "origin": [8, 8, 16]}, "faces": {"north": {"uv": [5, 10, 7, 11], "rotation": 180, "texture": "#wall", "cullface": "down"}, "east": {"uv": [6, 10, 7, 11], "rotation": 270, "texture": "#wall", "cullface": "down"}, "west": {"uv": [5, 10, 6, 11], "rotation": 90, "texture": "#wall", "cullface": "down"}, "down": {"uv": [5.01, 9.99, 7.01, 10.99], "texture": "#wall", "cullface": "down"}}}, {"from": [8, -0.5, 13], "to": [10, 0, 14], "rotation": {"angle": 0, "axis": "x", "origin": [8, 8, 16]}, "faces": {"east": {"uv": [9, 10, 10, 11], "rotation": 270, "texture": "#wall", "cullface": "down"}, "south": {"uv": [8, 10, 10, 11], "texture": "#wall", "cullface": "down"}, "west": {"uv": [8, 10, 9, 11], "rotation": 90, "texture": "#wall", "cullface": "down"}, "down": {"uv": [8, 10, 10, 11], "texture": "#wall", "cullface": "down"}}}, {"from": [7, -0.5, 11], "to": [11, 0, 13], "rotation": {"angle": 0, "axis": "x", "origin": [8, 8, 16]}, "faces": {"east": {"uv": [10, 11, 11, 13], "rotation": 270, "texture": "#wall", "cullface": "down"}, "south": {"uv": [7, 11, 11, 12], "texture": "#wall", "cullface": "down"}, "west": {"uv": [7, 11, 8, 13], "rotation": 90, "texture": "#wall", "cullface": "down"}, "down": {"uv": [6.99, 11, 10.99, 13], "texture": "#wall", "cullface": "down"}}}, {"from": [6, -0.5, 10], "to": [11, 0, 11], "rotation": {"angle": 0, "axis": "x", "origin": [8, 8, 16]}, "faces": {"north": {"uv": [6, 13, 11, 14], "rotation": 180, "texture": "#wall", "cullface": "down"}, "east": {"uv": [10, 13, 11, 14], "rotation": 270, "texture": "#wall", "cullface": "down"}, "south": {"uv": [6, 13, 11, 14], "texture": "#wall", "cullface": "down"}, "west": {"uv": [6, 13, 7, 14], "rotation": 90, "texture": "#wall", "cullface": "down"}, "down": {"uv": [6, 13.01, 11, 13.99], "texture": "#wall", "cullface": "down"}}}, {"from": [7, -0.5, 9], "to": [9, 0, 10], "rotation": {"angle": 0, "axis": "x", "origin": [8, 8, 16]}, "faces": {"north": {"uv": [7, 14, 9, 15], "rotation": 180, "texture": "#wall", "cullface": "down"}, "east": {"uv": [8, 14, 9, 15], "rotation": 270, "texture": "#wall", "cullface": "down"}, "west": {"uv": [7, 14, 8, 15], "rotation": 90, "texture": "#wall", "cullface": "down"}, "down": {"uv": [7, 14, 9, 15], "texture": "#wall", "cullface": "down"}}}], "display": {"thirdperson_righthand": {"rotation": [75, 45, 0], "translation": [0, 2.5, 0], "scale": [0.375, 0.375, 0.375]}, "thirdperson_lefthand": {"rotation": [75, 45, 0], "translation": [0, 2.5, 0], "scale": [0.375, 0.375, 0.375]}, "firstperson_righthand": {"rotation": [0, 45, 0], "scale": [0.4, 0.4, 0.4]}, "firstperson_lefthand": {"rotation": [0, 225, 0], "scale": [0.4, 0.4, 0.4]}, "ground": {"translation": [0, 3, 0], "scale": [0.25, 0.25, 0.25]}, "gui": {"rotation": [30, 135, 0], "scale": [0.625, 0.625, 0.625]}, "fixed": {"scale": [0.5, 0.5, 0.5]}}, "groups": [0, {"name": "north", "origin": [8, 8, 8], "color": 0, "children": [1, 2, 3, 4, 5, 6, 7, 8, 9, 10, 11, 12, 13]}, {"name": "east", "origin": [8, 8, 8], "color": 0, "children": [14, 15, 16, 17, 18, 19, 20, 21, 22, 23, 24, 25, 26, 27, 28, 29, 30, 31, 32, 33, 34, 35]}, {"name": "south", "origin": [8, 8, 8], "color": 0, "children": [36, 37, 38, 39, 40, 41, 42, 43, 44, 45, 46, 47, 48]}, {"name": "west", "origin": [8, 8, 8], "color": 0, "children": [49, 50, 51, 52, 53, 54, 55, 56, 57, 58, 59, 60, 61, 62, 63, 64, 65, 66, 67, 68, 69, 70]}, {"name": "up", "origin": [8, 8, 8], "color": 0, "children": [71, 72, 73, 74, 75, 76, 77, 78, 79, 80, 81, 82]}, {"name": "template_sandstone_wall_side_north", "origin": [8, 8, 8], "color": 0, "children": [{"name": "south", "origin": [8, 8, 8], "color": 0, "children": [83, 84, 85, 86, 87, 88, 89, 90, 91, 92]}, {"name": "east", "origin": [8, 8, 8], "color": 0, "children": [93, 94, 95, 96, 97, 98, 99, 100, 101, 102, 103, 104, 105, 106, 107, 108, 109, 110, 111]}, {"name": "north", "origin": [8, 8, 8], "color": 0, "children": [112, 113, 114, 115, 116, 117, 118, 119, 120, 121, 122, 123, 124, 125]}, {"name": "up", "origin": [8, 8, 8], "color": 0, "children": [126, 127, 128, 129, 130]}, {"name": "down", "origin": [8, 8, 8], "color": 0, "children": [131, 132, 133, 134, 135, 136, 137, 138, 139]}]}, {"name": "template_sandstone_wall_side_south", "origin": [8, 8, 8], "color": 0, "children": [140, {"name": "south", "origin": [8, 8, 8], "color": 0, "children": [141, 142, 143, 144, 145, 146, 147, 148, 149, 150]}, {"name": "east", "origin": [8, 8, 8], "color": 0, "children": [151, 152, 153, 154, 155, 156, 157, 158, 159, 160, 161, 162, 163, 164, 165, 166, 167, 168, 169]}, {"name": "north", "origin": [8, 8, 8], "color": 0, "children": [170, 171, 172, 173, 174, 175, 176, 177, 178, 179, 180, 181, 182, 183]}, {"name": "up", "origin": [8, 8, 8], "color": 0, "children": [184, 185, 186, 187, 188, 189]}, {"name": "down", "origin": [8, 8, 8], "color": 0, "children": [190, 191, 192, 193, 194, 195, 196, 197, 198, 199, 200]}]}]}