{"parent": "block/template_sandstone", "textures": {"#wall": "#wall"}, "elements": [{"name": "wall", "from": [8, 0, 5], "to": [16, 14, 11], "faces": {"north": {"uv": [0, 2, 8, 16], "texture": "##wall"}, "east": {"uv": [5, 2, 11, 16], "texture": "##wall", "cullface": "east"}, "south": {"uv": [8, 2, 16, 16], "texture": "##wall"}, "up": {"uv": [8, 5, 16, 11], "texture": "##wall"}, "down": {"uv": [8, 5, 16, 11], "texture": "##wall", "cullface": "down"}}}], "display": {"thirdperson_righthand": {"rotation": [75, 45, 0], "translation": [0, 2.5, 0], "scale": [0.375, 0.375, 0.375]}, "thirdperson_lefthand": {"rotation": [75, 45, 0], "translation": [0, 2.5, 0], "scale": [0.375, 0.375, 0.375]}, "firstperson_righthand": {"rotation": [0, 45, 0], "scale": [0.4, 0.4, 0.4]}, "firstperson_lefthand": {"rotation": [0, 225, 0], "scale": [0.4, 0.4, 0.4]}, "ground": {"translation": [0, 3, 0], "scale": [0.25, 0.25, 0.25]}, "gui": {"rotation": [30, 225, 0], "scale": [0.625, 0.625, 0.625]}, "fixed": {"scale": [0.5, 0.5, 0.5]}}}