{"textures": {"particle": "#all"}, "elements": [{"name": "Center post", "from": [6, 0, 6], "to": [10, 16, 10], "rotation": {"angle": 0, "axis": "y", "origin": [8, 8, 8]}, "faces": {"north": {"uv": [6, 0, 10, 16], "texture": "#all"}, "east": {"uv": [6, 0, 10, 16], "texture": "#all"}, "south": {"uv": [6, 0, 10, 16], "texture": "#all"}, "west": {"uv": [6, 0, 10, 16], "texture": "#all"}, "up": {"uv": [6, 6, 10, 10], "texture": "#all", "cullface": "up"}, "down": {"uv": [6, 6, 10, 10], "texture": "#all", "cullface": "down"}}}, {"from": [6, 13, 5.5], "to": [10, 16, 6], "rotation": {"angle": 0, "axis": "y", "origin": [8, 8, 8]}, "faces": {"north": {"uv": [6, 0, 10, 3], "texture": "#all"}, "east": {"uv": [6, 0, 7, 3], "texture": "#all"}, "west": {"uv": [9, 0, 10, 3], "texture": "#all"}, "up": {"uv": [6, 0, 10, 1], "rotation": 180, "texture": "#all"}, "down": {"uv": [6, 2, 10, 3], "rotation": 180, "texture": "#all"}}}, {"from": [6, 1, 5.5], "to": [8, 4, 6], "rotation": {"angle": 0, "axis": "y", "origin": [8, 8, 8]}, "faces": {"north": {"uv": [8, 12, 10, 15], "texture": "#all"}, "east": {"uv": [8, 12, 9, 15], "texture": "#all"}, "west": {"uv": [9, 12, 10, 15], "texture": "#all"}, "up": {"uv": [8, 12, 10, 13], "rotation": 180, "texture": "#all"}, "down": {"uv": [8, 14, 10, 15], "rotation": 180, "texture": "#all"}}}, {"from": [6, 9, 5.5], "to": [8, 12, 6], "rotation": {"angle": 0, "axis": "y", "origin": [8, 8, 8]}, "faces": {"north": {"uv": [8, 4, 10, 7], "texture": "#all"}, "east": {"uv": [8, 4, 9, 7], "texture": "#all"}, "west": {"uv": [9, 4, 10, 7], "texture": "#all"}, "up": {"uv": [8, 4, 10, 5], "rotation": 180, "texture": "#all"}, "down": {"uv": [8, 6, 10, 7], "rotation": 180, "texture": "#all"}}}, {"from": [9, 9, 5.5], "to": [10, 12, 6], "rotation": {"angle": 0, "axis": "y", "origin": [8, 8, 8]}, "faces": {"north": {"uv": [6, 4, 7, 7], "texture": "#all"}, "east": {"uv": [6, 4, 7, 7], "texture": "#all"}, "west": {"uv": [6, 4, 7, 7], "texture": "#all"}, "up": {"uv": [6, 4, 7, 5], "rotation": 180, "texture": "#all"}, "down": {"uv": [6, 6, 7, 7], "rotation": 180, "texture": "#all"}}}, {"from": [9, 1, 5.5], "to": [10, 4, 6], "rotation": {"angle": 0, "axis": "y", "origin": [8, 8, 8]}, "faces": {"north": {"uv": [6, 12, 7, 15], "texture": "#all"}, "east": {"uv": [6, 12, 7, 15], "texture": "#all"}, "west": {"uv": [6, 12, 7, 15], "texture": "#all"}, "up": {"uv": [6, 12, 7, 13], "rotation": 180, "texture": "#all"}, "down": {"uv": [6, 14, 7, 15], "rotation": 180, "texture": "#all"}}}, {"from": [6, 5, 5.5], "to": [10, 8, 6], "rotation": {"angle": 0, "axis": "y", "origin": [8, 8, 8]}, "faces": {"north": {"uv": [6, 8, 10, 11], "texture": "#all"}, "east": {"uv": [6, 8, 7, 11], "texture": "#all"}, "west": {"uv": [9, 8, 10, 11], "texture": "#all"}, "up": {"uv": [6, 8, 10, 9], "rotation": 180, "texture": "#all"}, "down": {"uv": [6, 10, 10, 11], "rotation": 180, "texture": "#all"}}}, {"from": [8, 16, 6], "to": [10, 16.5, 7], "rotation": {"angle": 0, "axis": "y", "origin": [8, 8, 8]}, "faces": {"north": {"uv": [8, 6, 10, 7], "rotation": 180, "texture": "#all", "cullface": "up"}, "east": {"uv": [8, 6, 9, 7], "rotation": 90, "texture": "#all", "cullface": "up"}, "south": {"uv": [8, 6, 10, 7], "texture": "#all", "cullface": "up"}, "west": {"uv": [8, 6, 9, 7], "rotation": 270, "texture": "#all", "cullface": "up"}, "up": {"uv": [8, 6, 10, 7], "texture": "#all", "cullface": "up"}}}, {"from": [6, 16, 6], "to": [7, 16.5, 7], "rotation": {"angle": 0, "axis": "y", "origin": [8, 8, 8]}, "faces": {"north": {"uv": [6, 4, 7, 5], "rotation": 180, "texture": "#all", "cullface": "up"}, "east": {"uv": [6, 6, 7, 7], "rotation": 90, "texture": "#all", "cullface": "up"}, "south": {"uv": [6, 6, 7, 7], "texture": "#all", "cullface": "up"}, "west": {"uv": [6, 6, 7, 7], "rotation": 270, "texture": "#all", "cullface": "up"}, "up": {"uv": [6, 6, 7, 7], "texture": "#all", "cullface": "up"}}}, {"from": [6, 16, 8], "to": [10, 16.5, 10], "rotation": {"angle": 0, "axis": "y", "origin": [8, 8, 8]}, "faces": {"north": {"uv": [6, 8, 10, 9], "rotation": 180, "texture": "#all", "cullface": "up"}, "east": {"uv": [9, 8, 10, 10], "rotation": 90, "texture": "#all", "cullface": "up"}, "south": {"uv": [6, 9, 10, 10], "texture": "#all", "cullface": "up"}, "west": {"uv": [6, 8, 7, 10], "rotation": 270, "texture": "#all", "cullface": "up"}, "up": {"uv": [6, 8, 10, 10], "texture": "#all", "cullface": "up"}}}, {"from": [8, -0.5, 9], "to": [10, 0, 10], "rotation": {"angle": 0, "axis": "x", "origin": [8, 8, 8]}, "faces": {"north": {"uv": [8, 6, 10, 7], "rotation": 180, "texture": "#all", "cullface": "down"}, "east": {"uv": [8, 6, 9, 7], "rotation": 270, "texture": "#all", "cullface": "down"}, "south": {"uv": [8, 6, 10, 7], "texture": "#all", "cullface": "down"}, "west": {"uv": [8, 6, 9, 7], "rotation": 90, "texture": "#all", "cullface": "down"}, "down": {"uv": [8, 6, 10, 7], "texture": "#all", "cullface": "down"}}}, {"from": [6, -0.5, 9], "to": [7, 0, 10], "rotation": {"angle": 0, "axis": "x", "origin": [8, 8, 8]}, "faces": {"north": {"uv": [6, 6, 7, 7], "rotation": 180, "texture": "#all", "cullface": "down"}, "east": {"uv": [6, 6, 7, 7], "rotation": 270, "texture": "#all", "cullface": "down"}, "south": {"uv": [6, 4, 7, 5], "texture": "#all", "cullface": "down"}, "west": {"uv": [6, 6, 7, 7], "rotation": 90, "texture": "#all", "cullface": "down"}, "down": {"uv": [6, 6, 7, 7], "texture": "#all", "cullface": "down"}}}, {"from": [6, -0.5, 6], "to": [10, 0, 8], "rotation": {"angle": 0, "axis": "x", "origin": [8, 8, 8]}, "faces": {"north": {"uv": [6, 9, 10, 10], "rotation": 180, "texture": "#all", "cullface": "down"}, "east": {"uv": [9, 8, 10, 10], "rotation": 270, "texture": "#all", "cullface": "down"}, "south": {"uv": [6, 8, 10, 9], "texture": "#all", "cullface": "down"}, "west": {"uv": [6, 8, 7, 10], "rotation": 90, "texture": "#all", "cullface": "down"}, "down": {"uv": [6, 8, 10, 10], "texture": "#all", "cullface": "down"}}}, {"from": [10, 13, 6], "to": [10.5, 16, 10], "rotation": {"angle": 0, "axis": "y", "origin": [8, 8, 8]}, "faces": {"north": {"uv": [9, 0, 10, 3], "texture": "#all"}, "east": {"uv": [6, 0, 10, 3], "texture": "#all"}, "south": {"uv": [6, 0, 7, 3], "texture": "#all"}, "up": {"uv": [6, 0, 10, 1], "rotation": 270, "texture": "#all"}, "down": {"uv": [6, 2, 10, 3], "rotation": 90, "texture": "#all"}}}, {"from": [10, 1, 6], "to": [10.5, 4, 8], "rotation": {"angle": 0, "axis": "y", "origin": [8, 8, 8]}, "faces": {"north": {"uv": [9, 12, 10, 15], "texture": "#all"}, "east": {"uv": [8, 12, 10, 15], "texture": "#all"}, "south": {"uv": [8, 12, 9, 15], "texture": "#all"}, "up": {"uv": [8, 12, 10, 13], "rotation": 270, "texture": "#all"}, "down": {"uv": [8, 14, 10, 15], "rotation": 90, "texture": "#all"}}}, {"from": [10, 9, 6], "to": [10.5, 12, 8], "rotation": {"angle": 0, "axis": "y", "origin": [8, 8, 8]}, "faces": {"north": {"uv": [9, 4, 10, 7], "texture": "#all"}, "east": {"uv": [8, 4, 10, 7], "texture": "#all"}, "south": {"uv": [8, 4, 9, 7], "texture": "#all"}, "up": {"uv": [8, 4, 10, 5], "rotation": 270, "texture": "#all"}, "down": {"uv": [8, 6, 10, 7], "rotation": 90, "texture": "#all"}}}, {"from": [10, 9, 9], "to": [10.5, 12, 10], "rotation": {"angle": 0, "axis": "y", "origin": [8, 8, 8]}, "faces": {"north": {"uv": [6, 4, 7, 7], "texture": "#all"}, "east": {"uv": [6, 4, 7, 7], "texture": "#all"}, "south": {"uv": [6, 4, 7, 7], "texture": "#all"}, "up": {"uv": [6, 4, 7, 5], "rotation": 270, "texture": "#all"}, "down": {"uv": [6, 6, 7, 7], "rotation": 90, "texture": "#all"}}}, {"from": [10, 1, 9], "to": [10.5, 4, 10], "rotation": {"angle": 0, "axis": "y", "origin": [8, 8, 8]}, "faces": {"north": {"uv": [6, 12, 7, 15], "texture": "#all"}, "east": {"uv": [6, 12, 7, 15], "texture": "#all"}, "south": {"uv": [6, 12, 7, 15], "texture": "#all"}, "up": {"uv": [6, 12, 7, 13], "rotation": 270, "texture": "#all"}, "down": {"uv": [6, 14, 7, 15], "rotation": 90, "texture": "#all"}}}, {"from": [10, 5, 6], "to": [10.5, 8, 10], "rotation": {"angle": 0, "axis": "y", "origin": [8, 8, 8]}, "faces": {"north": {"uv": [9, 8, 10, 11], "texture": "#all"}, "east": {"uv": [6, 8, 10, 11], "texture": "#all"}, "south": {"uv": [6, 8, 7, 11], "texture": "#all"}, "up": {"uv": [6, 8, 10, 9], "rotation": 270, "texture": "#all"}, "down": {"uv": [6, 10, 10, 11], "rotation": 90, "texture": "#all"}}}, {"from": [6, 13, 10], "to": [10, 16, 10.5], "rotation": {"angle": 0, "axis": "y", "origin": [8, 8, 8]}, "faces": {"east": {"uv": [9, 0, 10, 3], "texture": "#all"}, "south": {"uv": [6, 0, 10, 3], "texture": "#all"}, "west": {"uv": [6, 0, 7, 3], "texture": "#all"}, "up": {"uv": [6, 0, 10, 1], "texture": "#all"}, "down": {"uv": [6, 2, 10, 3], "texture": "#all"}}}, {"from": [8, 1, 10], "to": [10, 4, 10.5], "rotation": {"angle": 0, "axis": "y", "origin": [8, 8, 8]}, "faces": {"east": {"uv": [9, 12, 10, 15], "texture": "#all"}, "south": {"uv": [8, 12, 10, 15], "texture": "#all"}, "west": {"uv": [8, 12, 9, 15], "texture": "#all"}, "up": {"uv": [8, 12, 10, 13], "texture": "#all"}, "down": {"uv": [8, 14, 10, 15], "texture": "#all"}}}, {"from": [8, 9, 10], "to": [10, 12, 10.5], "rotation": {"angle": 0, "axis": "y", "origin": [8, 8, 8]}, "faces": {"east": {"uv": [9, 4, 10, 7], "texture": "#all"}, "south": {"uv": [8, 4, 10, 7], "texture": "#all"}, "west": {"uv": [8, 4, 9, 7], "texture": "#all"}, "up": {"uv": [8, 4, 10, 5], "texture": "#all"}, "down": {"uv": [8, 6, 10, 7], "texture": "#all"}}}, {"from": [6, 9, 10], "to": [7, 12, 10.5], "rotation": {"angle": 0, "axis": "y", "origin": [8, 8, 8]}, "faces": {"east": {"uv": [6, 4, 7, 7], "texture": "#all"}, "south": {"uv": [6, 4, 7, 7], "texture": "#all"}, "west": {"uv": [6, 4, 7, 7], "texture": "#all"}, "up": {"uv": [6, 4, 7, 5], "texture": "#all"}, "down": {"uv": [6, 6, 7, 7], "texture": "#all"}}}, {"from": [6, 1, 10], "to": [7, 4, 10.5], "rotation": {"angle": 0, "axis": "y", "origin": [8, 8, 8]}, "faces": {"east": {"uv": [6, 12, 7, 15], "texture": "#all"}, "south": {"uv": [6, 12, 7, 15], "texture": "#all"}, "west": {"uv": [6, 12, 7, 15], "texture": "#all"}, "up": {"uv": [6, 12, 7, 13], "texture": "#all"}, "down": {"uv": [6, 14, 7, 15], "texture": "#all"}}}, {"from": [6, 5, 10], "to": [10, 8, 10.5], "rotation": {"angle": 0, "axis": "y", "origin": [8, 8, 8]}, "faces": {"east": {"uv": [9, 8, 10, 11], "texture": "#all"}, "south": {"uv": [6, 8, 10, 11], "texture": "#all"}, "west": {"uv": [6, 8, 7, 11], "texture": "#all"}, "up": {"uv": [6, 8, 10, 9], "texture": "#all"}, "down": {"uv": [6, 10, 10, 11], "texture": "#all"}}}, {"from": [5.5, 13, 6], "to": [6, 16, 10], "rotation": {"angle": 0, "axis": "y", "origin": [8, 8, 8]}, "faces": {"north": {"uv": [6, 0, 7, 3], "texture": "#all"}, "south": {"uv": [9, 0, 10, 3], "texture": "#all"}, "west": {"uv": [6, 0, 10, 3], "texture": "#all"}, "up": {"uv": [6, 0, 10, 1], "rotation": 90, "texture": "#all"}, "down": {"uv": [6, 2, 10, 3], "rotation": 270, "texture": "#all"}}}, {"from": [5.5, 1, 8], "to": [6, 4, 10], "rotation": {"angle": 0, "axis": "y", "origin": [8, 8, 8]}, "faces": {"north": {"uv": [8, 12, 9, 15], "texture": "#all"}, "south": {"uv": [9, 12, 10, 15], "texture": "#all"}, "west": {"uv": [8, 12, 10, 15], "texture": "#all"}, "up": {"uv": [8, 12, 10, 13], "rotation": 90, "texture": "#all"}, "down": {"uv": [8, 14, 10, 15], "rotation": 270, "texture": "#all"}}}, {"from": [5.5, 9, 8], "to": [6, 12, 10], "rotation": {"angle": 0, "axis": "y", "origin": [8, 8, 8]}, "faces": {"north": {"uv": [8, 4, 9, 7], "texture": "#all"}, "south": {"uv": [9, 4, 10, 7], "texture": "#all"}, "west": {"uv": [8, 4, 10, 7], "texture": "#all"}, "up": {"uv": [8, 4, 10, 5], "rotation": 90, "texture": "#all"}, "down": {"uv": [8, 6, 10, 7], "rotation": 270, "texture": "#all"}}}, {"from": [5.5, 9, 6], "to": [6, 12, 7], "rotation": {"angle": 0, "axis": "y", "origin": [8, 8, 8]}, "faces": {"north": {"uv": [6, 4, 7, 7], "texture": "#all"}, "south": {"uv": [6, 4, 7, 7], "texture": "#all"}, "west": {"uv": [6, 4, 7, 7], "texture": "#all"}, "up": {"uv": [6, 4, 7, 5], "rotation": 90, "texture": "#all"}, "down": {"uv": [6, 6, 7, 7], "rotation": 270, "texture": "#all"}}}, {"from": [5.5, 1, 6], "to": [6, 4, 7], "rotation": {"angle": 0, "axis": "y", "origin": [8, 8, 8]}, "faces": {"north": {"uv": [6, 12, 7, 15], "texture": "#all"}, "south": {"uv": [6, 12, 7, 15], "texture": "#all"}, "west": {"uv": [6, 12, 7, 15], "texture": "#all"}, "up": {"uv": [6, 12, 7, 13], "rotation": 90, "texture": "#all"}, "down": {"uv": [6, 14, 7, 15], "rotation": 270, "texture": "#all"}}}, {"from": [5.5, 5, 6], "to": [6, 8, 10], "rotation": {"angle": 0, "axis": "y", "origin": [8, 8, 8]}, "faces": {"north": {"uv": [6, 8, 7, 11], "texture": "#all"}, "south": {"uv": [9, 8, 10, 11], "texture": "#all"}, "west": {"uv": [6, 8, 10, 11], "texture": "#all"}, "up": {"uv": [6, 8, 10, 9], "rotation": 90, "texture": "#all"}, "down": {"uv": [6, 10, 10, 11], "rotation": 270, "texture": "#all"}}}], "groups": [0, {"name": "north", "origin": [8, 8, 8], "children": [1, 2, 3, 4, 5, 6]}, {"name": "up", "origin": [8, 8, 8], "children": [7, 8, 9]}, {"name": "down", "origin": [8, 8, 8], "children": [10, 11, 12]}, {"name": "east", "origin": [8, 8, 8], "children": [13, 14, 15, 16, 17, 18]}, {"name": "south", "origin": [8, 8, 8], "children": [19, 20, 21, 22, 23, 24]}, {"name": "west", "origin": [8, 8, 8], "children": [25, 26, 27, 28, 29, 30]}]}