{"textures": {"particle": "#all"}, "elements": [{"from": [0, 8, 0], "to": [16, 16, 16], "faces": {"north": {"uv": [0, 0, 16, 8], "texture": "#all", "cullface": "north"}, "east": {"uv": [0, 0, 16, 8], "texture": "#all", "cullface": "east"}, "south": {"uv": [0, 0, 16, 8], "texture": "#all", "cullface": "south"}, "west": {"uv": [0, 0, 16, 8], "texture": "#all", "cullface": "west"}, "up": {"uv": [0, 0, 16, 16], "texture": "#all", "cullface": "up"}, "down": {"uv": [0, 0, 16, 16], "texture": "#all"}}}, {"from": [1, 13, -0.5], "to": [16, 16, 0], "faces": {"north": {"uv": [0, 0, 15, 3], "texture": "#all", "cullface": "north"}, "east": {"uv": [0, 0, 1, 3], "texture": "#all", "cullface": "north"}, "west": {"uv": [14, 0, 15, 3], "texture": "#all", "cullface": "north"}, "up": {"uv": [0, 0, 15, 1], "rotation": 180, "texture": "#all", "cullface": "north"}, "down": {"uv": [0, 2, 15, 3], "rotation": 180, "texture": "#all", "cullface": "north"}}}, {"from": [0, 9, -0.5], "to": [8, 12, 0], "faces": {"north": {"uv": [8, 4, 16, 7], "texture": "#all", "cullface": "north"}, "east": {"uv": [8, 4, 9, 7], "texture": "#all", "cullface": "north"}, "west": {"uv": [15, 4, 16, 7], "texture": "#all", "cullface": "north"}, "up": {"uv": [8, 4, 16, 5], "rotation": 180, "texture": "#all", "cullface": "north"}, "down": {"uv": [8, 6, 16, 7], "rotation": 180, "texture": "#all", "cullface": "north"}}}, {"from": [9, 9, -0.5], "to": [16, 12, 0], "faces": {"north": {"uv": [0, 4, 7, 7], "texture": "#all", "cullface": "north"}, "east": {"uv": [0, 4, 1, 7], "texture": "#all", "cullface": "north"}, "west": {"uv": [6, 4, 7, 7], "texture": "#all", "cullface": "north"}, "up": {"uv": [0, 4, 7, 5], "rotation": 180, "texture": "#all", "cullface": "north"}, "down": {"uv": [0, 6, 7, 7], "rotation": 180, "texture": "#all", "cullface": "north"}}}, {"from": [16, 13, 1], "to": [16.5, 16, 16], "faces": {"north": {"uv": [14, 0, 15, 3], "texture": "#all", "cullface": "east"}, "east": {"uv": [0, 0, 15, 3], "texture": "#all", "cullface": "east"}, "south": {"uv": [0, 0, 1, 3], "texture": "#all", "cullface": "east"}, "up": {"uv": [0, 0, 15, 1], "rotation": 270, "texture": "#all", "cullface": "east"}, "down": {"uv": [0, 2, 15, 3], "rotation": 90, "texture": "#all", "cullface": "east"}}}, {"from": [16, 9, 0], "to": [16.5, 12, 8], "faces": {"north": {"uv": [15, 4, 16, 7], "texture": "#all", "cullface": "north"}, "east": {"uv": [8, 4, 16, 7], "texture": "#all", "cullface": "east"}, "south": {"uv": [8, 4, 9, 7], "texture": "#all", "cullface": "east"}, "up": {"uv": [8, 4, 16, 5], "rotation": 270, "texture": "#all", "cullface": "east"}, "down": {"uv": [8, 6, 16, 7], "rotation": 90, "texture": "#all", "cullface": "east"}}}, {"from": [16, 9, 9], "to": [16.5, 12, 16], "faces": {"north": {"uv": [6, 4, 7, 7], "texture": "#all", "cullface": "east"}, "east": {"uv": [0, 4, 7, 7], "texture": "#all", "cullface": "east"}, "south": {"uv": [0, 4, 1, 7], "texture": "#all", "cullface": "east"}, "up": {"uv": [0, 4, 7, 5], "rotation": 270, "texture": "#all", "cullface": "east"}, "down": {"uv": [0, 6, 7, 7], "rotation": 90, "texture": "#all", "cullface": "east"}}}, {"from": [0, 13, 16], "to": [15, 16, 16.5], "faces": {"east": {"uv": [14, 0, 15, 3], "texture": "#all", "cullface": "south"}, "south": {"uv": [0, 0, 15, 3], "texture": "#all", "cullface": "south"}, "west": {"uv": [0, 0, 1, 3], "texture": "#all", "cullface": "south"}, "up": {"uv": [0, 0, 15, 1], "texture": "#all", "cullface": "up"}, "down": {"uv": [0, 2, 15, 3], "texture": "#all", "cullface": "south"}}}, {"from": [8, 9, 16], "to": [16, 12, 16.5], "faces": {"east": {"uv": [15, 4, 16, 7], "texture": "#all", "cullface": "east"}, "south": {"uv": [8, 4, 16, 7], "texture": "#all", "cullface": "south"}, "west": {"uv": [8, 4, 9, 7], "texture": "#all", "cullface": "south"}, "up": {"uv": [8, 4, 16, 5], "texture": "#all", "cullface": "south"}, "down": {"uv": [8, 6, 16, 7], "texture": "#all", "cullface": "south"}}}, {"from": [0, 9, 16], "to": [7, 12, 16.5], "faces": {"east": {"uv": [6, 4, 7, 7], "texture": "#all", "cullface": "south"}, "south": {"uv": [0, 4, 7, 7], "texture": "#all", "cullface": "south"}, "west": {"uv": [0, 4, 1, 7], "texture": "#all", "cullface": "south"}, "up": {"uv": [0, 4, 7, 5], "texture": "#all", "cullface": "south"}, "down": {"uv": [0, 6, 7, 7], "texture": "#all", "cullface": "south"}}}, {"from": [-0.5, 13, 0], "to": [0, 16, 15], "faces": {"north": {"uv": [0, 0, 1, 3], "texture": "#all", "cullface": "west"}, "south": {"uv": [14, 0, 15, 3], "texture": "#all", "cullface": "west"}, "west": {"uv": [0, 0, 15, 3], "texture": "#all", "cullface": "west"}, "up": {"uv": [0, 0, 15, 1], "rotation": 90, "texture": "#all", "cullface": "west"}, "down": {"uv": [0, 2, 15, 3], "rotation": 270, "texture": "#all", "cullface": "west"}}}, {"from": [-0.5, 9, 8], "to": [0, 12, 16], "faces": {"north": {"uv": [8, 4, 9, 7], "texture": "#all", "cullface": "west"}, "south": {"uv": [15, 4, 16, 7], "texture": "#all", "cullface": "west"}, "west": {"uv": [8, 4, 16, 7], "texture": "#all", "cullface": "west"}, "up": {"uv": [8, 4, 16, 5], "rotation": 90, "texture": "#all", "cullface": "west"}, "down": {"uv": [8, 6, 16, 7], "rotation": 270, "texture": "#all", "cullface": "west"}}}, {"from": [-0.5, 9, 0], "to": [0, 12, 7], "faces": {"north": {"uv": [0, 4, 1, 7], "texture": "#all", "cullface": "west"}, "south": {"uv": [6, 4, 7, 7], "texture": "#all", "cullface": "west"}, "west": {"uv": [0, 4, 7, 7], "texture": "#all", "cullface": "west"}, "up": {"uv": [0, 4, 7, 5], "rotation": 90, "texture": "#all", "cullface": "west"}, "down": {"uv": [0, 6, 7, 7], "rotation": 270, "texture": "#all", "cullface": "west"}}}, {"from": [0, 16, 0], "to": [15, 16.5, 3], "faces": {"north": {"uv": [0, 0, 15, 1], "rotation": 180, "texture": "#all", "cullface": "up"}, "east": {"uv": [14, 0, 15, 3], "rotation": 90, "texture": "#all", "cullface": "up"}, "south": {"uv": [0, 2, 15, 3], "texture": "#all", "cullface": "up"}, "west": {"uv": [0, 0, 1, 3], "rotation": 270, "texture": "#all", "cullface": "up"}, "up": {"uv": [0, 0, 15, 3], "texture": "#all", "cullface": "up"}}}, {"from": [8, 16, 12], "to": [16, 16.5, 15], "faces": {"north": {"uv": [8, 12, 16, 13], "rotation": 180, "texture": "#all", "cullface": "up"}, "east": {"uv": [15, 12, 16, 15], "rotation": 90, "texture": "#all", "cullface": "east"}, "south": {"uv": [8, 14, 16, 15], "texture": "#all", "cullface": "up"}, "west": {"uv": [8, 12, 9, 15], "rotation": 270, "texture": "#all", "cullface": "up"}, "up": {"uv": [8, 12, 16, 15], "texture": "#all", "cullface": "up"}}}, {"from": [8, 16, 4], "to": [16, 16.5, 7], "faces": {"north": {"uv": [8, 4, 16, 5], "rotation": 180, "texture": "#all", "cullface": "up"}, "east": {"uv": [15, 4, 16, 7], "rotation": 90, "texture": "#all", "cullface": "east"}, "south": {"uv": [8, 6, 16, 7], "texture": "#all", "cullface": "up"}, "west": {"uv": [8, 4, 9, 7], "rotation": 270, "texture": "#all", "cullface": "up"}, "up": {"uv": [8, 4, 16, 7], "texture": "#all", "cullface": "up"}}}, {"from": [0, 16, 4], "to": [7, 16.5, 7], "faces": {"north": {"uv": [0, 4, 7, 5], "rotation": 180, "texture": "#all", "cullface": "up"}, "east": {"uv": [6, 4, 7, 7], "rotation": 90, "texture": "#all", "cullface": "up"}, "south": {"uv": [0, 6, 7, 7], "texture": "#all", "cullface": "up"}, "west": {"uv": [0, 4, 1, 7], "rotation": 270, "texture": "#all", "cullface": "up"}, "up": {"uv": [0, 4, 7, 7], "texture": "#all", "cullface": "up"}}}, {"from": [0, 16, 12], "to": [7, 16.5, 15], "faces": {"north": {"uv": [0, 12, 7, 13], "rotation": 180, "texture": "#all", "cullface": "up"}, "east": {"uv": [6, 12, 7, 15], "rotation": 90, "texture": "#all", "cullface": "up"}, "south": {"uv": [0, 14, 7, 15], "texture": "#all", "cullface": "up"}, "west": {"uv": [0, 12, 1, 15], "rotation": 270, "texture": "#all", "cullface": "up"}, "up": {"uv": [0, 12, 7, 15], "texture": "#all", "cullface": "up"}}}, {"from": [0, 16, 8], "to": [15, 16.5, 11], "faces": {"north": {"uv": [0, 8, 15, 9], "rotation": 180, "texture": "#all", "cullface": "up"}, "east": {"uv": [14, 8, 15, 11], "rotation": 90, "texture": "#all", "cullface": "up"}, "south": {"uv": [0, 10, 15, 11], "texture": "#all", "cullface": "up"}, "west": {"uv": [0, 8, 1, 11], "rotation": 270, "texture": "#all", "cullface": "up"}, "up": {"uv": [0, 8, 15, 11], "texture": "#all", "cullface": "up"}}}, {"from": [0, 7.5, 13], "to": [15, 8, 16], "rotation": {"angle": 0, "axis": "y", "origin": [8, 16, 8]}, "faces": {"north": {"uv": [0, 2, 15, 3], "rotation": 180, "texture": "#all"}, "east": {"uv": [14, 0, 15, 3], "rotation": 270, "texture": "#all"}, "south": {"uv": [0, 0, 15, 1], "texture": "#all"}, "west": {"uv": [0, 0, 1, 3], "rotation": 90, "texture": "#all"}, "down": {"uv": [0, 0, 15, 3], "texture": "#all"}}}, {"from": [8, 7.5, 1], "to": [16, 8, 4], "rotation": {"angle": 0, "axis": "y", "origin": [8, 16, 8]}, "faces": {"north": {"uv": [8, 14, 16, 15], "rotation": 180, "texture": "#all"}, "east": {"uv": [15, 12, 16, 15], "rotation": 270, "texture": "#all"}, "south": {"uv": [8, 12, 16, 13], "texture": "#all"}, "west": {"uv": [8, 12, 9, 15], "rotation": 90, "texture": "#all"}, "down": {"uv": [8, 12, 16, 15], "texture": "#all"}}}, {"from": [8, 7.5, 9], "to": [16, 8, 12], "rotation": {"angle": 0, "axis": "y", "origin": [8, 16, 8]}, "faces": {"north": {"uv": [8, 6, 16, 7], "rotation": 180, "texture": "#all"}, "east": {"uv": [15, 4, 16, 7], "rotation": 270, "texture": "#all"}, "south": {"uv": [8, 4, 16, 5], "texture": "#all"}, "west": {"uv": [8, 4, 9, 7], "rotation": 90, "texture": "#all"}, "down": {"uv": [8, 4, 16, 7], "texture": "#all"}}}, {"from": [0, 7.5, 9], "to": [7, 8, 12], "rotation": {"angle": 0, "axis": "y", "origin": [8, 16, 8]}, "faces": {"north": {"uv": [0, 6, 7, 7], "rotation": 180, "texture": "#all"}, "east": {"uv": [6, 4, 7, 7], "rotation": 270, "texture": "#all"}, "south": {"uv": [0, 4, 7, 5], "texture": "#all"}, "west": {"uv": [0, 4, 1, 7], "rotation": 90, "texture": "#all"}, "down": {"uv": [0, 4, 7, 7], "texture": "#all"}}}, {"from": [0, 7.5, 1], "to": [7, 8, 4], "rotation": {"angle": 0, "axis": "y", "origin": [8, 16, 8]}, "faces": {"north": {"uv": [0, 14, 7, 15], "rotation": 180, "texture": "#all"}, "east": {"uv": [6, 12, 7, 15], "rotation": 270, "texture": "#all"}, "south": {"uv": [0, 12, 7, 13], "texture": "#all"}, "west": {"uv": [0, 12, 1, 15], "rotation": 90, "texture": "#all"}, "down": {"uv": [0, 12, 7, 15], "texture": "#all"}}}, {"from": [0, 7.5, 5], "to": [15, 8, 8], "rotation": {"angle": 0, "axis": "y", "origin": [8, 16, 8]}, "faces": {"north": {"uv": [0, 10, 15, 11], "rotation": 180, "texture": "#all"}, "east": {"uv": [14, 8, 15, 11], "rotation": 270, "texture": "#all"}, "south": {"uv": [0, 8, 15, 9], "texture": "#all"}, "west": {"uv": [0, 8, 1, 11], "rotation": 90, "texture": "#all"}, "down": {"uv": [0, 8, 15, 11], "texture": "#all"}}}], "display": {"thirdperson_righthand": {"rotation": [75, 45, 0], "translation": [0, 2.5, 0], "scale": [0.375, 0.375, 0.375]}, "thirdperson_lefthand": {"rotation": [75, 45, 0], "translation": [0, 2.5, 0], "scale": [0.375, 0.375, 0.375]}, "firstperson_righthand": {"rotation": [0, 45, 0], "scale": [0.4, 0.4, 0.4]}, "firstperson_lefthand": {"rotation": [0, 225, 0], "scale": [0.4, 0.4, 0.4]}, "ground": {"translation": [0, 3, 0], "scale": [0.25, 0.25, 0.25]}, "gui": {"rotation": [30, 225, 0], "scale": [0.625, 0.625, 0.625]}, "fixed": {"scale": [0.5, 0.5, 0.5]}}, "groups": [0, {"name": "north", "origin": [8, 8, 8], "color": 0, "children": [1, 2, 3]}, {"name": "east", "origin": [8, 8, 8], "color": 0, "children": [4, 5, 6]}, {"name": "south", "origin": [8, 8, 8], "color": 0, "children": [7, 8, 9]}, {"name": "west", "origin": [8, 8, 8], "color": 0, "children": [10, 11, 12]}, {"name": "up", "origin": [8, 8, 8], "color": 0, "children": [13, 14, 15, 16, 17, 18]}, {"name": "down", "origin": [8, 8, 8], "color": 0, "children": [19, 20, 21, 22, 23, 24]}]}