{"parent": "block/cube_bottom_top", "textures": {"particle": "3d/tnt_top_3d", "top3d": "3d/tnt_top_3d", "bottom": "block/tnt_bottom", "top": "block/tnt_top", "side": "block/tnt_side"}, "elements": [{"from": [0, 1, 0], "to": [16, 15, 16], "rotation": {"angle": 0, "axis": "y", "origin": [8, 8, 8]}, "faces": {"north": {"uv": [0, 1, 16, 15], "texture": "#side", "cullface": "north"}, "east": {"uv": [0, 1, 16, 15], "texture": "#side", "cullface": "east"}, "south": {"uv": [0, 1, 16, 15], "texture": "#side", "cullface": "south"}, "west": {"uv": [0, 1, 16, 15], "texture": "#side", "cullface": "west"}, "up": {"uv": [0, 0, 16, 16], "texture": "#top3d", "cullface": "up"}, "down": {"uv": [0, 0, 16, 16], "texture": "#bottom", "cullface": "down"}}}, {"from": [0, 0, 0], "to": [1, 1, 16], "rotation": {"angle": 0, "axis": "y", "origin": [8, 8, 8]}, "faces": {"north": {"uv": [15, 15, 16, 16], "texture": "#side", "cullface": "north"}, "east": {"uv": [0, 15, 16, 16], "texture": "#side", "cullface": "down"}, "south": {"uv": [0, 15, 1, 16], "texture": "#side", "cullface": "south"}, "west": {"uv": [0, 15, 16, 16], "texture": "#side", "cullface": "west"}, "down": {"uv": [0, 0, 1, 16], "texture": "#bottom", "cullface": "down"}}}, {"from": [15, 0, 0], "to": [16, 1, 16], "rotation": {"angle": 0, "axis": "y", "origin": [8, 8, 8]}, "faces": {"north": {"uv": [0, 15, 1, 16], "texture": "#side", "cullface": "north"}, "east": {"uv": [0, 15, 16, 16], "texture": "#side", "cullface": "east"}, "south": {"uv": [15, 15, 16, 16], "texture": "#side", "cullface": "south"}, "west": {"uv": [0, 15, 16, 16], "texture": "#side", "cullface": "down"}, "down": {"uv": [15, 0, 16, 16], "texture": "#bottom", "cullface": "down"}}}, {"from": [0, 15, 0], "to": [1, 16, 16], "rotation": {"angle": 0, "axis": "y", "origin": [8, 8, 8]}, "faces": {"north": {"uv": [15, 0, 16, 1], "texture": "#side", "cullface": "north"}, "east": {"uv": [0, 0, 16, 1], "texture": "#side", "cullface": "up"}, "south": {"uv": [0, 0, 1, 1], "texture": "#side", "cullface": "south"}, "west": {"uv": [0, 0, 16, 1], "texture": "#side", "cullface": "west"}, "up": {"uv": [0, 0, 1, 16], "texture": "#top", "cullface": "up"}}}, {"from": [15, 15, 0], "to": [16, 16, 16], "rotation": {"angle": 0, "axis": "y", "origin": [8, 8, 8]}, "faces": {"north": {"uv": [0, 0, 1, 1], "texture": "#side", "cullface": "north"}, "east": {"uv": [0, 0, 16, 1], "texture": "#side", "cullface": "east"}, "south": {"uv": [15, 0, 16, 1], "texture": "#side", "cullface": "south"}, "west": {"uv": [0, 15, 16, 16], "texture": "#side", "cullface": "up"}, "up": {"uv": [15, 0, 16, 16], "texture": "#top", "cullface": "up"}}}, {"from": [1, 0, 0], "to": [15, 1, 1], "rotation": {"angle": 0, "axis": "y", "origin": [8, 8, 8]}, "faces": {"north": {"uv": [1, 15, 15, 16], "texture": "#side", "cullface": "north"}, "south": {"uv": [1, 15, 15, 16], "texture": "#side", "cullface": "down"}, "down": {"uv": [1, 15, 15, 16], "texture": "#bottom", "cullface": "down"}}}, {"from": [1, 15, 0], "to": [15, 16, 1], "rotation": {"angle": 0, "axis": "y", "origin": [8, 8, 8]}, "faces": {"north": {"uv": [1, 0, 15, 1], "texture": "#side", "cullface": "north"}, "south": {"uv": [1, 15, 15, 16], "texture": "#side", "cullface": "up"}, "up": {"uv": [1, 0, 15, 1], "texture": "#top", "cullface": "up"}}}, {"from": [1, 15, 15], "to": [15, 16, 16], "rotation": {"angle": 0, "axis": "y", "origin": [8, 8, 8]}, "faces": {"north": {"uv": [1, 0, 15, 1], "texture": "#side", "cullface": "up"}, "south": {"uv": [1, 0, 15, 1], "texture": "#side", "cullface": "south"}, "up": {"uv": [1, 15, 15, 16], "texture": "#top", "cullface": "up"}}}, {"from": [1, 0, 15], "to": [15, 1, 16], "rotation": {"angle": 0, "axis": "y", "origin": [8, 8, 8]}, "faces": {"north": {"uv": [1, 15, 15, 16], "texture": "#side", "cullface": "down"}, "south": {"uv": [1, 15, 15, 16], "texture": "#side", "cullface": "south"}, "down": {"uv": [1, 0, 15, 1], "texture": "#bottom", "cullface": "down"}}}, {"from": [1, 0, 11], "to": [15, 1, 13], "rotation": {"angle": 0, "axis": "y", "origin": [8, 8, 8]}, "faces": {"north": {"uv": [1, 4, 15, 5], "texture": "#bottom", "cullface": "down"}, "south": {"uv": [1, 3, 15, 4], "texture": "#bottom", "cullface": "down"}, "down": {"uv": [1, 3, 15, 5], "texture": "#bottom", "cullface": "down"}}}, {"from": [1, 0, 7], "to": [15, 1, 9], "rotation": {"angle": 0, "axis": "y", "origin": [8, 8, 8]}, "faces": {"north": {"uv": [1, 4, 15, 5], "texture": "#bottom", "cullface": "down"}, "south": {"uv": [1, 3, 15, 4], "texture": "#bottom", "cullface": "down"}, "down": {"uv": [1, 3, 15, 5], "texture": "#bottom", "cullface": "down"}}}, {"from": [1, 0, 3], "to": [15, 1, 5], "rotation": {"angle": 0, "axis": "y", "origin": [8, 8, 8]}, "faces": {"north": {"uv": [1, 4, 15, 5], "texture": "#bottom", "cullface": "down"}, "south": {"uv": [1, 3, 15, 4], "texture": "#bottom", "cullface": "down"}, "down": {"uv": [1, 3, 15, 5], "texture": "#bottom", "cullface": "down"}}}, {"from": [3, 0, 1], "to": [5, 1, 15], "rotation": {"angle": 0, "axis": "y", "origin": [8, 8, 8]}, "faces": {"east": {"uv": [4, 1, 5, 15], "rotation": 90, "texture": "#bottom", "cullface": "down"}, "west": {"uv": [3, 1, 4, 15], "rotation": 90, "texture": "#bottom", "cullface": "down"}, "down": {"uv": [3, 1, 5, 15], "texture": "#bottom", "cullface": "down"}}}, {"from": [7, 0, 1], "to": [9, 1, 15], "rotation": {"angle": 0, "axis": "y", "origin": [8, 8, 8]}, "faces": {"east": {"uv": [4, 1, 5, 15], "rotation": 90, "texture": "#bottom", "cullface": "down"}, "west": {"uv": [3, 1, 4, 15], "rotation": 90, "texture": "#bottom", "cullface": "down"}, "down": {"uv": [3, 1, 5, 15], "texture": "#bottom", "cullface": "down"}}}, {"from": [11, 0, 1], "to": [13, 1, 15], "rotation": {"angle": 0, "axis": "y", "origin": [8, 8, 8]}, "faces": {"east": {"uv": [4, 1, 5, 15], "rotation": 90, "texture": "#bottom", "cullface": "down"}, "west": {"uv": [3, 1, 4, 15], "rotation": 90, "texture": "#bottom", "cullface": "down"}, "down": {"uv": [3, 1, 5, 15], "texture": "#bottom", "cullface": "down"}}}, {"from": [1, 15, 11], "to": [15, 16, 13], "rotation": {"angle": 0, "axis": "y", "origin": [8, 8, 8]}, "faces": {"north": {"uv": [1, 11, 15, 12], "rotation": 180, "texture": "#top3d", "cullface": "up"}, "south": {"uv": [1, 12, 15, 13], "texture": "#top3d", "cullface": "up"}, "up": {"uv": [1, 11, 15, 13], "texture": "#top3d", "cullface": "up"}}}, {"from": [1, 15, 7], "to": [15, 16, 9], "rotation": {"angle": 0, "axis": "y", "origin": [8, 8, 8]}, "faces": {"north": {"uv": [1, 11, 15, 12], "rotation": 180, "texture": "#top3d", "cullface": "up"}, "south": {"uv": [1, 12, 15, 13], "texture": "#top3d", "cullface": "up"}, "up": {"uv": [1, 11, 15, 13], "texture": "#top3d", "cullface": "up"}}}, {"from": [1, 15, 3], "to": [15, 16, 5], "rotation": {"angle": 0, "axis": "y", "origin": [8, 8, 8]}, "faces": {"north": {"uv": [1, 11, 15, 12], "rotation": 180, "texture": "#top3d", "cullface": "up"}, "south": {"uv": [1, 12, 15, 13], "texture": "#top3d", "cullface": "up"}, "up": {"uv": [1, 11, 15, 13], "texture": "#top3d", "cullface": "up"}}}, {"from": [3, 15, 1], "to": [5, 16, 15], "rotation": {"angle": 0, "axis": "y", "origin": [8, 8, 8]}, "faces": {"east": {"uv": [4, 1, 5, 15], "rotation": 270, "texture": "#top3d", "cullface": "up"}, "west": {"uv": [3, 1, 4, 15], "rotation": 270, "texture": "#top3d", "cullface": "up"}, "up": {"uv": [3, 1, 5, 15], "texture": "#top3d", "cullface": "up"}}}, {"from": [7, 15, 1], "to": [9, 16, 15], "rotation": {"angle": 0, "axis": "y", "origin": [8, 8, 8]}, "faces": {"east": {"uv": [4, 1, 5, 15], "rotation": 270, "texture": "#top3d", "cullface": "up"}, "west": {"uv": [3, 1, 4, 15], "rotation": 270, "texture": "#top3d", "cullface": "up"}, "up": {"uv": [3, 1, 5, 15], "texture": "#top3d", "cullface": "up"}}}, {"from": [11, 15, 1], "to": [13, 16, 15], "rotation": {"angle": 0, "axis": "y", "origin": [8, 8, 8]}, "faces": {"east": {"uv": [4, 1, 5, 15], "rotation": 270, "texture": "#top3d", "cullface": "up"}, "west": {"uv": [3, 1, 4, 15], "rotation": 270, "texture": "#top3d", "cullface": "up"}, "up": {"uv": [3, 1, 5, 15], "texture": "#top3d", "cullface": "up"}}}, {"from": [6, 16, 12], "to": [10, 16.5, 13], "rotation": {"angle": 0, "axis": "y", "origin": [8, 8, 8]}, "faces": {"north": {"uv": [6, 5, 7, 6], "texture": "#top", "cullface": "up"}, "east": {"uv": [6, 5, 7, 6], "texture": "#top", "cullface": "up"}, "south": {"uv": [6, 5, 7, 6], "texture": "#top", "cullface": "up"}, "west": {"uv": [6, 5, 7, 6], "texture": "#top", "cullface": "up"}, "up": {"uv": [6, 5, 7, 6], "texture": "#top", "cullface": "up"}}}, {"from": [10, 16, 11], "to": [11, 16.5, 12], "rotation": {"angle": 0, "axis": "y", "origin": [8, 8, 8]}, "faces": {"north": {"uv": [6, 5, 7, 6], "texture": "#top", "cullface": "up"}, "east": {"uv": [6, 5, 7, 6], "texture": "#top", "cullface": "up"}, "south": {"uv": [6, 5, 7, 6], "texture": "#top", "cullface": "up"}, "west": {"uv": [6, 5, 7, 6], "texture": "#top", "cullface": "up"}, "up": {"uv": [6, 5, 7, 6], "texture": "#top", "cullface": "up"}}}, {"from": [11, 16, 10], "to": [12, 16.5, 11], "rotation": {"angle": 0, "axis": "y", "origin": [8, 8, 8]}, "faces": {"north": {"uv": [6, 5, 7, 6], "texture": "#top", "cullface": "up"}, "east": {"uv": [6, 5, 7, 6], "texture": "#top", "cullface": "up"}, "south": {"uv": [6, 5, 7, 6], "texture": "#top", "cullface": "up"}, "west": {"uv": [6, 5, 7, 6], "texture": "#top", "cullface": "up"}, "up": {"uv": [6, 5, 7, 6], "texture": "#top", "cullface": "up"}}}, {"from": [12, 16, 8], "to": [13, 16.5, 10], "rotation": {"angle": 0, "axis": "y", "origin": [8, 8, 8]}, "faces": {"north": {"uv": [6, 5, 7, 6], "texture": "#top", "cullface": "up"}, "east": {"uv": [6, 5, 7, 6], "texture": "#top", "cullface": "up"}, "south": {"uv": [6, 5, 7, 6], "texture": "#top", "cullface": "up"}, "west": {"uv": [6, 5, 7, 6], "texture": "#top", "cullface": "up"}, "up": {"uv": [6, 5, 7, 6], "texture": "#top", "cullface": "up"}}}, {"from": [13, 16, 6], "to": [14, 16.5, 8], "rotation": {"angle": 0, "axis": "y", "origin": [8, 8, 8]}, "faces": {"north": {"uv": [6, 5, 7, 6], "texture": "#top", "cullface": "up"}, "east": {"uv": [6, 5, 7, 6], "texture": "#top", "cullface": "up"}, "south": {"uv": [6, 5, 7, 6], "texture": "#top", "cullface": "up"}, "west": {"uv": [6, 5, 7, 6], "texture": "#top", "cullface": "up"}, "up": {"uv": [6, 5, 7, 6], "texture": "#top", "cullface": "up"}}}, {"from": [12, 16, 5], "to": [13, 16.5, 6], "rotation": {"angle": 0, "axis": "y", "origin": [8, 8, 8]}, "faces": {"north": {"uv": [6, 5, 7, 6], "texture": "#top", "cullface": "up"}, "east": {"uv": [6, 5, 7, 6], "texture": "#top", "cullface": "up"}, "south": {"uv": [6, 5, 7, 6], "texture": "#top", "cullface": "up"}, "west": {"uv": [6, 5, 7, 6], "texture": "#top", "cullface": "up"}, "up": {"uv": [6, 5, 7, 6], "texture": "#top", "cullface": "up"}}}, {"from": [11, 16, 3], "to": [12, 16.5, 5], "rotation": {"angle": 0, "axis": "y", "origin": [8, 8, 8]}, "faces": {"north": {"uv": [6, 5, 7, 6], "texture": "#top", "cullface": "up"}, "east": {"uv": [6, 5, 7, 6], "texture": "#top", "cullface": "up"}, "south": {"uv": [6, 5, 7, 6], "texture": "#top", "cullface": "up"}, "west": {"uv": [6, 5, 7, 6], "texture": "#top", "cullface": "up"}, "up": {"uv": [6, 5, 7, 6], "texture": "#top", "cullface": "up"}}}, {"from": [10, 16, 3], "to": [11, 16.5, 4], "rotation": {"angle": 0, "axis": "y", "origin": [8, 8, 8]}, "faces": {"north": {"uv": [6, 5, 7, 6], "texture": "#top", "cullface": "up"}, "south": {"uv": [6, 5, 7, 6], "texture": "#top", "cullface": "up"}, "west": {"uv": [6, 5, 7, 6], "texture": "#top", "cullface": "up"}, "up": {"uv": [6, 5, 7, 6], "texture": "#top", "cullface": "up"}}}, {"from": [6, 16, 2], "to": [10, 16.5, 3], "rotation": {"angle": 0, "axis": "y", "origin": [8, 8, 8]}, "faces": {"north": {"uv": [6, 5, 7, 6], "texture": "#top", "cullface": "up"}, "east": {"uv": [6, 5, 7, 6], "texture": "#top", "cullface": "up"}, "south": {"uv": [6, 5, 7, 6], "texture": "#top", "cullface": "up"}, "west": {"uv": [6, 5, 7, 6], "texture": "#top", "cullface": "up"}, "up": {"uv": [6, 5, 7, 6], "texture": "#top", "cullface": "up"}}}, {"from": [5, 16, 3], "to": [6, 16.5, 4], "rotation": {"angle": 0, "axis": "y", "origin": [8, 8, 8]}, "faces": {"north": {"uv": [6, 5, 7, 6], "texture": "#top", "cullface": "up"}, "east": {"uv": [6, 5, 7, 6], "texture": "#top", "cullface": "up"}, "south": {"uv": [6, 5, 7, 6], "texture": "#top", "cullface": "up"}, "west": {"uv": [6, 5, 7, 6], "texture": "#top", "cullface": "up"}, "up": {"uv": [6, 5, 7, 6], "texture": "#top", "cullface": "up"}}}, {"from": [3, 16, 4], "to": [5, 16.5, 5], "rotation": {"angle": 0, "axis": "y", "origin": [8, 8, 8]}, "faces": {"north": {"uv": [6, 5, 7, 6], "texture": "#top", "cullface": "up"}, "east": {"uv": [6, 5, 7, 6], "texture": "#top", "cullface": "up"}, "south": {"uv": [6, 5, 7, 6], "texture": "#top", "cullface": "up"}, "west": {"uv": [6, 5, 7, 6], "texture": "#top", "cullface": "up"}, "up": {"uv": [6, 5, 7, 6], "texture": "#top", "cullface": "up"}}}, {"from": [5, 16, 8], "to": [6, 16.5, 9], "rotation": {"angle": 0, "axis": "y", "origin": [8, 8, 8]}, "faces": {"north": {"uv": [6, 5, 7, 6], "texture": "#top", "cullface": "up"}, "south": {"uv": [6, 5, 7, 6], "texture": "#top", "cullface": "up"}, "west": {"uv": [6, 5, 7, 6], "texture": "#top", "cullface": "up"}, "up": {"uv": [6, 5, 7, 6], "texture": "#top", "cullface": "up"}}}, {"from": [6, 16, 5], "to": [7, 16.5, 10], "rotation": {"angle": 0, "axis": "y", "origin": [8, 8, 8]}, "faces": {"north": {"uv": [6, 5, 7, 6], "texture": "#top", "cullface": "up"}, "east": {"uv": [6, 5, 7, 6], "texture": "#top", "cullface": "up"}, "south": {"uv": [6, 5, 7, 6], "texture": "#top", "cullface": "up"}, "west": {"uv": [6, 5, 7, 6], "texture": "#top", "cullface": "up"}, "up": {"uv": [6, 5, 7, 6], "texture": "#top", "cullface": "up"}}}, {"from": [7, 16, 6], "to": [9, 16.5, 11], "rotation": {"angle": 0, "axis": "y", "origin": [8, 8, 8]}, "faces": {"north": {"uv": [6, 5, 7, 6], "texture": "#top", "cullface": "up"}, "east": {"uv": [6, 5, 7, 6], "texture": "#top", "cullface": "up"}, "south": {"uv": [6, 5, 7, 6], "texture": "#top", "cullface": "up"}, "west": {"uv": [6, 5, 7, 6], "texture": "#top", "cullface": "up"}, "up": {"uv": [6, 5, 7, 6], "texture": "#top", "cullface": "up"}}}, {"from": [9, 16, 6], "to": [10, 16.5, 7], "rotation": {"angle": 0, "axis": "y", "origin": [8, 8, 8]}, "faces": {"north": {"uv": [6, 5, 7, 6], "texture": "#top", "cullface": "up"}, "east": {"uv": [6, 5, 7, 6], "texture": "#top", "cullface": "up"}, "south": {"uv": [6, 5, 7, 6], "texture": "#top", "cullface": "up"}, "up": {"uv": [6, 5, 7, 6], "texture": "#top", "cullface": "up"}}}, {"from": [9, 16, 8], "to": [11, 16.5, 9], "rotation": {"angle": 0, "axis": "y", "origin": [8, 8, 8]}, "faces": {"north": {"uv": [6, 5, 7, 6], "texture": "#top", "cullface": "up"}, "east": {"uv": [6, 5, 7, 6], "texture": "#top", "cullface": "up"}, "south": {"uv": [6, 5, 7, 6], "texture": "#top", "cullface": "up"}, "up": {"uv": [6, 5, 7, 6], "texture": "#top", "cullface": "up"}}}, {"from": [4, 16, 9], "to": [5, 16.5, 10], "rotation": {"angle": 0, "axis": "y", "origin": [8, 8, 8]}, "faces": {"north": {"uv": [6, 5, 7, 6], "texture": "#top", "cullface": "up"}, "east": {"uv": [6, 5, 7, 6], "texture": "#top", "cullface": "up"}, "south": {"uv": [6, 5, 7, 6], "texture": "#top", "cullface": "up"}, "west": {"uv": [6, 5, 7, 6], "texture": "#top", "cullface": "up"}, "up": {"uv": [6, 5, 7, 6], "texture": "#top", "cullface": "up"}}}, {"from": [5, 16, 10], "to": [6, 16.5, 12], "rotation": {"angle": 0, "axis": "y", "origin": [8, 8, 8]}, "faces": {"north": {"uv": [6, 5, 7, 6], "texture": "#top", "cullface": "up"}, "east": {"uv": [6, 5, 7, 6], "texture": "#top", "cullface": "up"}, "south": {"uv": [6, 5, 7, 6], "texture": "#top", "cullface": "up"}, "west": {"uv": [6, 5, 7, 6], "texture": "#top", "cullface": "up"}, "up": {"uv": [6, 5, 7, 6], "texture": "#top", "cullface": "up"}}}, {"from": [0, 5, -0.25], "to": [16, 11, 0], "rotation": {"angle": 0, "axis": "y", "origin": [8, 8, 8]}, "faces": {"north": {"uv": [0, 5, 16, 11], "texture": "#side", "cullface": "north"}, "east": {"uv": [0, 5, 1, 11], "texture": "#side", "cullface": "north"}, "west": {"uv": [15, 5, 16, 11], "texture": "#side", "cullface": "north"}, "up": {"uv": [0, 5, 16, 6], "rotation": 180, "texture": "#side", "cullface": "north"}, "down": {"uv": [0, 10, 16, 11], "rotation": 180, "texture": "#side", "cullface": "north"}}}, {"from": [16, 5, -0.25], "to": [16.25, 11, 16.25], "rotation": {"angle": 0, "axis": "y", "origin": [8, 8, 8]}, "faces": {"north": {"uv": [15, 5, 16, 11], "texture": "#side", "cullface": "east"}, "east": {"uv": [0, 5, 16, 11], "texture": "#side", "cullface": "east"}, "south": {"uv": [0, 5, 1, 11], "texture": "#side", "cullface": "east"}, "up": {"uv": [0, 5, 16, 6], "rotation": 270, "texture": "#side", "cullface": "east"}, "down": {"uv": [0, 10, 16, 11], "rotation": 90, "texture": "#side", "cullface": "east"}}}, {"from": [0, 5, 16], "to": [16, 11, 16.25], "rotation": {"angle": 0, "axis": "y", "origin": [8, 8, 8]}, "faces": {"east": {"uv": [15, 5, 16, 11], "texture": "#side", "cullface": "south"}, "south": {"uv": [0, 5, 16, 11], "texture": "#side", "cullface": "south"}, "west": {"uv": [0, 5, 1, 11], "texture": "#side", "cullface": "south"}, "up": {"uv": [0, 5, 16, 6], "texture": "#side", "cullface": "south"}, "down": {"uv": [0, 10, 16, 11], "texture": "#side", "cullface": "south"}}}, {"from": [-0.25, 5, -0.25], "to": [0, 11, 16.25], "rotation": {"angle": 0, "axis": "y", "origin": [8, 8, 8]}, "faces": {"north": {"uv": [0, 5, 1, 11], "texture": "#side", "cullface": "west"}, "south": {"uv": [15, 5, 16, 11], "texture": "#side", "cullface": "west"}, "west": {"uv": [0, 5, 16, 11], "texture": "#side", "cullface": "west"}, "up": {"uv": [0, 5, 16, 6], "rotation": 90, "texture": "#side", "cullface": "west"}, "down": {"uv": [0, 10, 16, 11], "rotation": 270, "texture": "#side", "cullface": "west"}}}], "groups": [0, 1, 2, 3, 4, 5, 6, 7, 8, 9, 10, 11, 12, 13, 14, 15, 16, 17, 18, 19, 20, {"name": "fuse", "origin": [8, 8, 8], "color": 0, "children": [21, 22, 23, 24, 25, 26, 27, 28, 29, 30, 31, 32, 33, 34, 35, 36, 37, 38]}, 39, 40, 41, 42]}