{"parent": "block/turtle_egg", "elements": [{"from": [5, 0, 4], "to": [9, 7, 8], "faces": {"north": {"uv": [1, 4, 5, 11], "texture": "#all"}, "east": {"uv": [1, 4, 5, 11], "texture": "#all"}, "south": {"uv": [1, 4, 5, 11], "texture": "#all"}, "west": {"uv": [1, 4, 5, 11], "texture": "#all"}, "up": {"uv": [0, 0, 4, 4], "texture": "#all"}, "down": {"uv": [0, 0, 4, 4], "texture": "#all", "cullface": "down"}}}, {"from": [1, 0, 7], "to": [5, 5, 11], "faces": {"north": {"uv": [10, 10, 14, 15], "texture": "#all"}, "east": {"uv": [10, 10, 14, 15], "texture": "#all"}, "south": {"uv": [10, 10, 14, 15], "texture": "#all"}, "west": {"uv": [10, 10, 14, 15], "texture": "#all"}, "up": {"uv": [6, 7, 10, 11], "texture": "#all"}, "down": {"uv": [6, 7, 10, 11], "texture": "#all", "cullface": "down"}}}]}