{
    "variants": {
        "facing=north,half=bottom,open=false": { "model": "block/trapdoors/acacia/bottom" },
        "facing=south,half=bottom,open=false": { "model": "block/trapdoors/acacia/bottom", "y": 180 },
        "facing=east,half=bottom,open=false": { "model": "block/trapdoors/acacia/bottom", "y": 90 },
        "facing=west,half=bottom,open=false": { "model": "block/trapdoors/acacia/bottom", "y": 270 },
        "facing=north,half=top,open=false": { "model": "block/trapdoors/acacia/top" },
        "facing=south,half=top,open=false": { "model": "block/trapdoors/acacia/top", "y": 180 },
        "facing=east,half=top,open=false": { "model": "block/trapdoors/acacia/top", "y": 90 },
        "facing=west,half=top,open=false": { "model": "block/trapdoors/acacia/top", "y": 270 },
        "facing=north,half=bottom,open=true": { "model": "block/trapdoors/acacia/open" },
        "facing=south,half=bottom,open=true": { "model": "block/trapdoors/acacia/open", "y": 180 },
        "facing=east,half=bottom,open=true": { "model": "block/trapdoors/acacia/open", "y": 90 },
        "facing=west,half=bottom,open=true": { "model": "block/trapdoors/acacia/open", "y": 270 },
        "facing=north,half=top,open=true": { "model": "block/trapdoors/acacia/open", "x": 180, "y": 180 },
        "facing=south,half=top,open=true": { "model": "block/trapdoors/acacia/open", "x": 180, "y": 0 },
        "facing=east,half=top,open=true": { "model": "block/trapdoors/acacia/open", "x": 180, "y": 270 },
        "facing=west,half=top,open=true": { "model": "block/trapdoors/acacia/open", "x": 180, "y": 90 }
    }
}
