{
    "variants": {
		"": [
            { "model": "block/potted_red_mushroom" },
            { "model": "block/mushrooms/red/potted/0" },
            { "model": "block/mushrooms/red/potted/1" },
            { "model": "block/mushrooms/red/potted/2" },
            { "model": "block/mushrooms/red/potted/3" },
            { "model": "block/mushrooms/red/potted/4" },
            { "model": "block/mushrooms/red/potted/5" },
			{ "model": "block/mushrooms/red/potted/6" }
        ]
    }
}
