{
    "variants": {
		"": [
            { "model": "block/potted_brown_mushroom" },
            { "model": "block/mushrooms/brown/potted/0" },
            { "model": "block/mushrooms/brown/potted/1" },
            { "model": "block/mushrooms/brown/potted/2" },
            { "model": "block/mushrooms/brown/potted/3" },
            { "model": "block/mushrooms/brown/potted/4" },
            { "model": "block/mushrooms/brown/potted/5" },
			{ "model": "block/mushrooms/brown/potted/6" }
        ]
    }
}
